ISO-10303-21;
HEADER;
/* Generated by software containing ST-Developer
 * from STEP Tools, Inc. (www.steptools.com) 
 */

FILE_DESCRIPTION(
/* description */ ('STEP AP214'),
/* implementation_level */ '2;1');

FILE_NAME(
/* name */ 'T6793.step',
/* time_stamp */ '2025-08-15T22:07:05+02:00',
/* author */ (''),
/* organization */ (''),
/* preprocessor_version */ 'ST-DEVELOPER v20.1',
/* originating_system */ 'Autodesk Translation Framework v14.10.0.0',
/* authorisation */ '');

FILE_SCHEMA (('AUTOMOTIVE_DESIGN { 1 0 10303 214 3 1 1 }'));
ENDSEC;

DATA;
#10=MECHANICAL_DESIGN_GEOMETRIC_PRESENTATION_REPRESENTATION('',(#361,#362,
#363,#364,#365,#366,#367,#368,#369,#370,#371,#372,#373,#374,#375,#376,#377,
#378,#379,#380,#381,#382,#383,#384,#385,#386,#387,#388,#389,#390,#391,#392,
#393,#394,#395,#396,#397,#398,#399,#400,#401,#402,#403,#404,#405,#406,#407,
#408,#409,#410,#411,#412,#413,#414,#415,#416,#417,#418,#419,#420,#421,#422,
#423,#424,#425,#426,#427,#428,#429,#430,#431,#432,#433,#434,#435,#436,#437,
#438,#439,#440,#441,#442,#443,#444,#445,#446,#447,#448,#449,#450,#451,#452,
#453,#454,#455,#456,#457,#458,#459,#460,#461,#462,#463,#464,#465,#466,#467,
#468,#469,#470,#471,#472,#473,#474,#475,#476,#477,#478,#479,#480,#481,#482,
#483,#484,#485,#486,#487,#488,#489,#490,#491,#492,#493,#494,#495,#496,#497,
#498,#499,#500,#501,#502,#503,#504,#505,#506,#507,#508,#509,#510,#511,#512,
#513,#514,#515,#516,#517,#518,#519,#520,#521,#522,#523,#524,#525,#526,#527,
#528,#529,#530,#531,#532,#533,#534,#535,#536),#5970);
#11=CONTEXT_DEPENDENT_OVER_RIDING_STYLED_ITEM('',(#6021),#5997,#536,(#328));
#12=CONTEXT_DEPENDENT_OVER_RIDING_STYLED_ITEM('',(#6021),#5998,#536,(#328,
#317));
#13=CONTEXT_DEPENDENT_OVER_RIDING_STYLED_ITEM('',(#6021),#5998,#536,(#328,
#319));
#14=CONTEXT_DEPENDENT_OVER_RIDING_STYLED_ITEM('',(#6021),#5998,#536,(#328,
#321));
#15=CONTEXT_DEPENDENT_OVER_RIDING_STYLED_ITEM('',(#6021),#5998,#536,(#328,
#322));
#16=CONTEXT_DEPENDENT_OVER_RIDING_STYLED_ITEM('',(#6021),#5998,#536,(#328,
#324));
#17=CONTEXT_DEPENDENT_OVER_RIDING_STYLED_ITEM('',(#6021),#5998,#536,(#328,
#326));
#18=CONTEXT_DEPENDENT_OVER_RIDING_STYLED_ITEM('',(#6022),#5999,#536,(#328,
#316));
#19=CONTEXT_DEPENDENT_OVER_RIDING_STYLED_ITEM('',(#6022),#5999,#536,(#328,
#318));
#20=CONTEXT_DEPENDENT_OVER_RIDING_STYLED_ITEM('',(#6022),#5999,#536,(#328,
#320));
#21=CONTEXT_DEPENDENT_OVER_RIDING_STYLED_ITEM('',(#6022),#5999,#536,(#328,
#323));
#22=CONTEXT_DEPENDENT_OVER_RIDING_STYLED_ITEM('',(#6022),#5999,#536,(#328,
#325));
#23=CONTEXT_DEPENDENT_OVER_RIDING_STYLED_ITEM('',(#6022),#5999,#536,(#328,
#327));
#24=MAPPED_ITEM('',#25,#3953);
#25=REPRESENTATION_MAP(#3953,#5996);
#26=SPHERICAL_SURFACE('',#3880,0.5);
#27=SPHERICAL_SURFACE('',#3896,0.5);
#28=SPHERICAL_SURFACE('',#3909,0.5);
#29=SPHERICAL_SURFACE('',#3920,0.5);
#30=SPHERICAL_SURFACE('',#3922,0.5);
#31=SPHERICAL_SURFACE('',#3930,0.5);
#32=SPHERICAL_SURFACE('',#3935,0.5);
#33=SPHERICAL_SURFACE('',#3943,0.5);
#34=TOROIDAL_SURFACE('',#3736,0.865734104377539,0.25);
#35=TOROIDAL_SURFACE('',#3740,0.865734104377539,0.25);
#36=TOROIDAL_SURFACE('',#3744,0.865,0.25);
#37=TOROIDAL_SURFACE('',#3748,0.865,0.25);
#38=TOROIDAL_SURFACE('',#3752,0.864999999999999,0.25);
#39=TOROIDAL_SURFACE('',#3756,0.864999999999999,0.25);
#40=TOROIDAL_SURFACE('',#3763,1.5,0.5);
#41=TOROIDAL_SURFACE('',#3768,1.5,0.5);
#42=TOROIDAL_SURFACE('',#3773,1.5,0.5);
#43=TOROIDAL_SURFACE('',#3871,1.5,0.5);
#44=TOROIDAL_SURFACE('',#3878,1.5,0.5);
#45=TOROIDAL_SURFACE('',#3886,1.5,0.5);
#46=TOROIDAL_SURFACE('',#3888,1.5,0.5);
#47=TOROIDAL_SURFACE('',#3894,1.,0.5);
#48=TOROIDAL_SURFACE('',#3901,1.5,0.5);
#49=TOROIDAL_SURFACE('',#3907,1.,0.5);
#50=TOROIDAL_SURFACE('',#3914,1.5,0.5);
#51=TOROIDAL_SURFACE('',#3928,1.5,0.5);
#52=TOROIDAL_SURFACE('',#3941,1.5,0.5);
#53=CIRCLE('',#3616,0.875000000000001);
#54=CIRCLE('',#3617,0.875000000000001);
#55=CIRCLE('',#3619,0.875000000000001);
#56=CIRCLE('',#3620,0.875000000000001);
#57=CIRCLE('',#3622,0.875000000000001);
#58=CIRCLE('',#3623,0.875000000000001);
#59=CIRCLE('',#3625,0.875000000000001);
#60=CIRCLE('',#3626,0.875000000000001);
#61=CIRCLE('',#3628,0.875000000000001);
#62=CIRCLE('',#3629,0.875000000000001);
#63=CIRCLE('',#3631,0.875000000000001);
#64=CIRCLE('',#3632,0.875000000000001);
#65=CIRCLE('',#3634,0.875000000000001);
#66=CIRCLE('',#3635,0.875000000000001);
#67=CIRCLE('',#3637,0.875000000000001);
#68=CIRCLE('',#3638,0.875000000000001);
#69=CIRCLE('',#3640,0.875000000000001);
#70=CIRCLE('',#3641,0.875000000000001);
#71=CIRCLE('',#3653,0.475000000000002);
#72=CIRCLE('',#3654,0.475000000000002);
#73=CIRCLE('',#3662,0.875000000000001);
#74=CIRCLE('',#3663,0.875000000000001);
#75=CIRCLE('',#3665,0.475);
#76=CIRCLE('',#3666,0.475);
#77=CIRCLE('',#3670,0.875000000000001);
#78=CIRCLE('',#3671,0.875000000000001);
#79=CIRCLE('',#3673,0.475);
#80=CIRCLE('',#3674,0.475);
#81=CIRCLE('',#3678,0.875000000000001);
#82=CIRCLE('',#3679,0.875000000000001);
#83=CIRCLE('',#3681,0.475);
#84=CIRCLE('',#3682,0.475);
#85=CIRCLE('',#3686,0.875000000000001);
#86=CIRCLE('',#3687,0.875000000000001);
#87=CIRCLE('',#3689,0.475);
#88=CIRCLE('',#3690,0.475);
#89=CIRCLE('',#3694,0.875000000000001);
#90=CIRCLE('',#3695,0.875000000000001);
#91=CIRCLE('',#3697,0.475);
#92=CIRCLE('',#3698,0.475);
#93=CIRCLE('',#3702,0.475);
#94=CIRCLE('',#3703,0.475);
#95=CIRCLE('',#3705,0.875000000000001);
#96=CIRCLE('',#3706,0.875000000000001);
#97=CIRCLE('',#3710,0.475);
#98=CIRCLE('',#3711,0.475);
#99=CIRCLE('',#3713,0.875000000000001);
#100=CIRCLE('',#3714,0.875000000000001);
#101=CIRCLE('',#3718,0.475);
#102=CIRCLE('',#3719,0.475);
#103=CIRCLE('',#3721,0.875000000000001);
#104=CIRCLE('',#3722,0.875000000000001);
#105=CIRCLE('',#3726,0.475);
#106=CIRCLE('',#3727,0.475);
#107=CIRCLE('',#3729,0.875000000000001);
#108=CIRCLE('',#3730,0.875000000000001);
#109=CIRCLE('',#3734,5.57940024030856);
#110=CIRCLE('',#3735,5.57940024030856);
#111=CIRCLE('',#3737,0.615734104377539);
#112=CIRCLE('',#3738,0.25);
#113=CIRCLE('',#3739,0.865734104377539);
#114=CIRCLE('',#3741,0.865734104377539);
#115=CIRCLE('',#3742,0.25);
#116=CIRCLE('',#3743,0.615734104377539);
#117=CIRCLE('',#3745,0.865);
#118=CIRCLE('',#3746,0.25);
#119=CIRCLE('',#3747,0.615);
#120=CIRCLE('',#3749,0.615);
#121=CIRCLE('',#3750,0.25);
#122=CIRCLE('',#3751,0.865);
#123=CIRCLE('',#3753,0.864999999999998);
#124=CIRCLE('',#3754,0.25);
#125=CIRCLE('',#3755,0.614999999999999);
#126=CIRCLE('',#3757,0.614999999999999);
#127=CIRCLE('',#3758,0.25);
#128=CIRCLE('',#3759,0.864999999999998);
#129=CIRCLE('',#3764,1.5);
#130=CIRCLE('',#3765,0.5);
#131=CIRCLE('',#3766,0.999999999999999);
#132=CIRCLE('',#3767,0.5);
#133=CIRCLE('',#3769,1.5);
#134=CIRCLE('',#3770,0.5);
#135=CIRCLE('',#3771,1.);
#136=CIRCLE('',#3772,0.5);
#137=CIRCLE('',#3774,2.);
#138=CIRCLE('',#3775,0.5);
#139=CIRCLE('',#3776,1.5);
#140=CIRCLE('',#3777,0.5);
#141=CIRCLE('',#3779,0.5);
#142=CIRCLE('',#3780,0.5);
#143=CIRCLE('',#3783,0.999999999999999);
#144=CIRCLE('',#3786,0.5);
#145=CIRCLE('',#3787,0.5);
#146=CIRCLE('',#3790,0.5);
#147=CIRCLE('',#3791,0.5);
#148=CIRCLE('',#3794,1.);
#149=CIRCLE('',#3797,0.5);
#150=CIRCLE('',#3798,0.5);
#151=CIRCLE('',#3801,2.);
#152=CIRCLE('',#3802,2.);
#153=CIRCLE('',#3805,0.5);
#154=CIRCLE('',#3806,0.5);
#155=CIRCLE('',#3809,1.);
#156=CIRCLE('',#3810,1.);
#157=CIRCLE('',#3813,0.5);
#158=CIRCLE('',#3814,0.5);
#159=CIRCLE('',#3817,1.);
#160=CIRCLE('',#3818,1.);
#161=CIRCLE('',#3821,2.);
#162=CIRCLE('',#3822,2.);
#163=CIRCLE('',#3825,2.);
#164=CIRCLE('',#3826,2.);
#165=CIRCLE('',#3829,0.5);
#166=CIRCLE('',#3830,0.5);
#167=CIRCLE('',#3833,2.);
#168=CIRCLE('',#3836,0.5);
#169=CIRCLE('',#3837,0.5);
#170=CIRCLE('',#3840,2.);
#171=CIRCLE('',#3841,2.);
#172=CIRCLE('',#3844,0.5);
#173=CIRCLE('',#3845,0.5);
#174=CIRCLE('',#3848,1.);
#175=CIRCLE('',#3849,1.);
#176=CIRCLE('',#3852,0.5);
#177=CIRCLE('',#3853,0.5);
#178=CIRCLE('',#3856,2.);
#179=CIRCLE('',#3857,2.);
#180=CIRCLE('',#3860,1.5);
#181=CIRCLE('',#3861,1.5);
#182=CIRCLE('',#3862,1.5);
#183=CIRCLE('',#3863,1.5);
#184=CIRCLE('',#3864,1.5);
#185=CIRCLE('',#3865,1.5);
#186=CIRCLE('',#3866,1.);
#187=CIRCLE('',#3867,1.);
#188=CIRCLE('',#3868,1.5);
#189=CIRCLE('',#3869,1.5);
#190=CIRCLE('',#3872,0.5);
#191=CIRCLE('',#3873,0.5);
#192=CIRCLE('',#3875,0.5);
#193=CIRCLE('',#3877,0.5);
#194=CIRCLE('',#3879,0.5);
#195=CIRCLE('',#3881,0.5);
#196=CIRCLE('',#3883,0.5);
#197=CIRCLE('',#3885,0.5);
#198=CIRCLE('',#3887,0.5);
#199=CIRCLE('',#3889,0.5);
#200=CIRCLE('',#3891,0.5);
#201=CIRCLE('',#3893,0.5);
#202=CIRCLE('',#3895,0.5);
#203=CIRCLE('',#3897,0.5);
#204=CIRCLE('',#3900,0.5);
#205=CIRCLE('',#3902,0.5);
#206=CIRCLE('',#3904,0.5);
#207=CIRCLE('',#3906,0.5);
#208=CIRCLE('',#3908,0.5);
#209=CIRCLE('',#3910,0.5);
#210=CIRCLE('',#3912,0.5);
#211=CIRCLE('',#3915,0.5);
#212=CIRCLE('',#3917,0.5);
#213=CIRCLE('',#3919,0.5);
#214=CIRCLE('',#3921,0.5);
#215=CIRCLE('',#3923,0.5);
#216=CIRCLE('',#3925,0.5);
#217=CIRCLE('',#3927,0.5);
#218=CIRCLE('',#3929,0.5);
#219=CIRCLE('',#3931,0.5);
#220=CIRCLE('',#3933,0.5);
#221=CIRCLE('',#3936,0.5);
#222=CIRCLE('',#3938,0.5);
#223=CIRCLE('',#3940,0.500000000000001);
#224=CIRCLE('',#3942,0.5);
#225=CIRCLE('',#3944,0.5);
#226=CIRCLE('',#3948,5.57940024030856);
#227=CIRCLE('',#3949,5.57940024030856);
#228=CYLINDRICAL_SURFACE('',#3615,0.875000000000001);
#229=CYLINDRICAL_SURFACE('',#3618,0.875000000000001);
#230=CYLINDRICAL_SURFACE('',#3621,0.875000000000001);
#231=CYLINDRICAL_SURFACE('',#3624,0.875000000000001);
#232=CYLINDRICAL_SURFACE('',#3627,0.875000000000001);
#233=CYLINDRICAL_SURFACE('',#3630,0.875000000000001);
#234=CYLINDRICAL_SURFACE('',#3633,0.875000000000001);
#235=CYLINDRICAL_SURFACE('',#3636,0.875000000000001);
#236=CYLINDRICAL_SURFACE('',#3639,0.875000000000001);
#237=CYLINDRICAL_SURFACE('',#3652,0.475000000000002);
#238=CYLINDRICAL_SURFACE('',#3661,0.875000000000001);
#239=CYLINDRICAL_SURFACE('',#3664,0.475);
#240=CYLINDRICAL_SURFACE('',#3669,0.875000000000001);
#241=CYLINDRICAL_SURFACE('',#3672,0.475);
#242=CYLINDRICAL_SURFACE('',#3677,0.875000000000001);
#243=CYLINDRICAL_SURFACE('',#3680,0.475);
#244=CYLINDRICAL_SURFACE('',#3685,0.875000000000001);
#245=CYLINDRICAL_SURFACE('',#3688,0.475);
#246=CYLINDRICAL_SURFACE('',#3693,0.875000000000001);
#247=CYLINDRICAL_SURFACE('',#3696,0.475);
#248=CYLINDRICAL_SURFACE('',#3701,0.475);
#249=CYLINDRICAL_SURFACE('',#3704,0.875000000000001);
#250=CYLINDRICAL_SURFACE('',#3709,0.475);
#251=CYLINDRICAL_SURFACE('',#3712,0.875000000000001);
#252=CYLINDRICAL_SURFACE('',#3717,0.475);
#253=CYLINDRICAL_SURFACE('',#3720,0.875000000000001);
#254=CYLINDRICAL_SURFACE('',#3725,0.475);
#255=CYLINDRICAL_SURFACE('',#3728,0.875000000000001);
#256=CYLINDRICAL_SURFACE('',#3733,5.57940024030856);
#257=CYLINDRICAL_SURFACE('',#3760,0.615734104377539);
#258=CYLINDRICAL_SURFACE('',#3761,0.615);
#259=CYLINDRICAL_SURFACE('',#3762,0.614999999999999);
#260=CYLINDRICAL_SURFACE('',#3778,0.5);
#261=CYLINDRICAL_SURFACE('',#3782,0.999999999999999);
#262=CYLINDRICAL_SURFACE('',#3785,0.5);
#263=CYLINDRICAL_SURFACE('',#3789,0.5);
#264=CYLINDRICAL_SURFACE('',#3793,1.);
#265=CYLINDRICAL_SURFACE('',#3796,0.5);
#266=CYLINDRICAL_SURFACE('',#3800,2.);
#267=CYLINDRICAL_SURFACE('',#3804,0.5);
#268=CYLINDRICAL_SURFACE('',#3808,1.);
#269=CYLINDRICAL_SURFACE('',#3812,0.5);
#270=CYLINDRICAL_SURFACE('',#3816,1.);
#271=CYLINDRICAL_SURFACE('',#3820,2.);
#272=CYLINDRICAL_SURFACE('',#3824,2.);
#273=CYLINDRICAL_SURFACE('',#3828,0.5);
#274=CYLINDRICAL_SURFACE('',#3832,2.);
#275=CYLINDRICAL_SURFACE('',#3835,0.5);
#276=CYLINDRICAL_SURFACE('',#3839,2.);
#277=CYLINDRICAL_SURFACE('',#3843,0.5);
#278=CYLINDRICAL_SURFACE('',#3847,1.);
#279=CYLINDRICAL_SURFACE('',#3851,0.5);
#280=CYLINDRICAL_SURFACE('',#3855,2.);
#281=CYLINDRICAL_SURFACE('',#3874,0.5);
#282=CYLINDRICAL_SURFACE('',#3876,0.5);
#283=CYLINDRICAL_SURFACE('',#3882,0.5);
#284=CYLINDRICAL_SURFACE('',#3884,0.5);
#285=CYLINDRICAL_SURFACE('',#3890,0.5);
#286=CYLINDRICAL_SURFACE('',#3892,0.5);
#287=CYLINDRICAL_SURFACE('',#3898,0.5);
#288=CYLINDRICAL_SURFACE('',#3899,0.5);
#289=CYLINDRICAL_SURFACE('',#3903,0.499999999999999);
#290=CYLINDRICAL_SURFACE('',#3905,0.5);
#291=CYLINDRICAL_SURFACE('',#3911,0.5);
#292=CYLINDRICAL_SURFACE('',#3913,0.5);
#293=CYLINDRICAL_SURFACE('',#3916,0.5);
#294=CYLINDRICAL_SURFACE('',#3918,0.5);
#295=CYLINDRICAL_SURFACE('',#3924,0.5);
#296=CYLINDRICAL_SURFACE('',#3926,0.5);
#297=CYLINDRICAL_SURFACE('',#3932,0.5);
#298=CYLINDRICAL_SURFACE('',#3934,0.5);
#299=CYLINDRICAL_SURFACE('',#3937,0.5);
#300=CYLINDRICAL_SURFACE('',#3939,0.5);
#301=CYLINDRICAL_SURFACE('',#3945,0.5);
#302=CYLINDRICAL_SURFACE('',#3947,5.57940024030856);
#303=ITEM_DEFINED_TRANSFORMATION($,$,#3588,#3603);
#304=ITEM_DEFINED_TRANSFORMATION($,$,#3557,#3604);
#305=ITEM_DEFINED_TRANSFORMATION($,$,#3588,#3605);
#306=ITEM_DEFINED_TRANSFORMATION($,$,#3557,#3606);
#307=ITEM_DEFINED_TRANSFORMATION($,$,#3588,#3607);
#308=ITEM_DEFINED_TRANSFORMATION($,$,#3557,#3608);
#309=ITEM_DEFINED_TRANSFORMATION($,$,#3557,#3609);
#310=ITEM_DEFINED_TRANSFORMATION($,$,#3588,#3610);
#311=ITEM_DEFINED_TRANSFORMATION($,$,#3557,#3611);
#312=ITEM_DEFINED_TRANSFORMATION($,$,#3588,#3612);
#313=ITEM_DEFINED_TRANSFORMATION($,$,#3557,#3613);
#314=ITEM_DEFINED_TRANSFORMATION($,$,#3588,#3614);
#315=ITEM_DEFINED_TRANSFORMATION($,$,#3556,#3952);
#316=(
REPRESENTATION_RELATIONSHIP($,$,#5999,#5997)
REPRESENTATION_RELATIONSHIP_WITH_TRANSFORMATION(#303)
SHAPE_REPRESENTATION_RELATIONSHIP()
);
#317=(
REPRESENTATION_RELATIONSHIP($,$,#5998,#5997)
REPRESENTATION_RELATIONSHIP_WITH_TRANSFORMATION(#304)
SHAPE_REPRESENTATION_RELATIONSHIP()
);
#318=(
REPRESENTATION_RELATIONSHIP($,$,#5999,#5997)
REPRESENTATION_RELATIONSHIP_WITH_TRANSFORMATION(#305)
SHAPE_REPRESENTATION_RELATIONSHIP()
);
#319=(
REPRESENTATION_RELATIONSHIP($,$,#5998,#5997)
REPRESENTATION_RELATIONSHIP_WITH_TRANSFORMATION(#306)
SHAPE_REPRESENTATION_RELATIONSHIP()
);
#320=(
REPRESENTATION_RELATIONSHIP($,$,#5999,#5997)
REPRESENTATION_RELATIONSHIP_WITH_TRANSFORMATION(#307)
SHAPE_REPRESENTATION_RELATIONSHIP()
);
#321=(
REPRESENTATION_RELATIONSHIP($,$,#5998,#5997)
REPRESENTATION_RELATIONSHIP_WITH_TRANSFORMATION(#308)
SHAPE_REPRESENTATION_RELATIONSHIP()
);
#322=(
REPRESENTATION_RELATIONSHIP($,$,#5998,#5997)
REPRESENTATION_RELATIONSHIP_WITH_TRANSFORMATION(#309)
SHAPE_REPRESENTATION_RELATIONSHIP()
);
#323=(
REPRESENTATION_RELATIONSHIP($,$,#5999,#5997)
REPRESENTATION_RELATIONSHIP_WITH_TRANSFORMATION(#310)
SHAPE_REPRESENTATION_RELATIONSHIP()
);
#324=(
REPRESENTATION_RELATIONSHIP($,$,#5998,#5997)
REPRESENTATION_RELATIONSHIP_WITH_TRANSFORMATION(#311)
SHAPE_REPRESENTATION_RELATIONSHIP()
);
#325=(
REPRESENTATION_RELATIONSHIP($,$,#5999,#5997)
REPRESENTATION_RELATIONSHIP_WITH_TRANSFORMATION(#312)
SHAPE_REPRESENTATION_RELATIONSHIP()
);
#326=(
REPRESENTATION_RELATIONSHIP($,$,#5998,#5997)
REPRESENTATION_RELATIONSHIP_WITH_TRANSFORMATION(#313)
SHAPE_REPRESENTATION_RELATIONSHIP()
);
#327=(
REPRESENTATION_RELATIONSHIP($,$,#5999,#5997)
REPRESENTATION_RELATIONSHIP_WITH_TRANSFORMATION(#314)
SHAPE_REPRESENTATION_RELATIONSHIP()
);
#328=(
REPRESENTATION_RELATIONSHIP($,$,#5997,#5996)
REPRESENTATION_RELATIONSHIP_WITH_TRANSFORMATION(#315)
SHAPE_REPRESENTATION_RELATIONSHIP()
);
#329=CONTEXT_DEPENDENT_SHAPE_REPRESENTATION(#316,#5983);
#330=CONTEXT_DEPENDENT_SHAPE_REPRESENTATION(#317,#5984);
#331=CONTEXT_DEPENDENT_SHAPE_REPRESENTATION(#318,#5985);
#332=CONTEXT_DEPENDENT_SHAPE_REPRESENTATION(#319,#5986);
#333=CONTEXT_DEPENDENT_SHAPE_REPRESENTATION(#320,#5987);
#334=CONTEXT_DEPENDENT_SHAPE_REPRESENTATION(#321,#5988);
#335=CONTEXT_DEPENDENT_SHAPE_REPRESENTATION(#322,#5989);
#336=CONTEXT_DEPENDENT_SHAPE_REPRESENTATION(#323,#5990);
#337=CONTEXT_DEPENDENT_SHAPE_REPRESENTATION(#324,#5991);
#338=CONTEXT_DEPENDENT_SHAPE_REPRESENTATION(#325,#5992);
#339=CONTEXT_DEPENDENT_SHAPE_REPRESENTATION(#326,#5993);
#340=CONTEXT_DEPENDENT_SHAPE_REPRESENTATION(#327,#5994);
#341=CONTEXT_DEPENDENT_SHAPE_REPRESENTATION(#328,#5995);
#342=NEXT_ASSEMBLY_USAGE_OCCURRENCE('Pin:1','Pin:1','Pin:1',#6002,#6004,
'Pin:1');
#343=NEXT_ASSEMBLY_USAGE_OCCURRENCE('Piece:1','Piece:1','Piece:1',#6002,
#6003,'Piece:1');
#344=NEXT_ASSEMBLY_USAGE_OCCURRENCE('Pin:2','Pin:2','Pin:2',#6002,#6004,
'Pin:2');
#345=NEXT_ASSEMBLY_USAGE_OCCURRENCE('Piece:2','Piece:2','Piece:2',#6002,
#6003,'Piece:2');
#346=NEXT_ASSEMBLY_USAGE_OCCURRENCE('Pin:3','Pin:3','Pin:3',#6002,#6004,
'Pin:3');
#347=NEXT_ASSEMBLY_USAGE_OCCURRENCE('Piece:3','Piece:3','Piece:3',#6002,
#6003,'Piece:3');
#348=NEXT_ASSEMBLY_USAGE_OCCURRENCE('Piece:4','Piece:4','Piece:4',#6002,
#6003,'Piece:4');
#349=NEXT_ASSEMBLY_USAGE_OCCURRENCE('Pin:4','Pin:4','Pin:4',#6002,#6004,
'Pin:4');
#350=NEXT_ASSEMBLY_USAGE_OCCURRENCE('Piece:5','Piece:5','Piece:5',#6002,
#6003,'Piece:5');
#351=NEXT_ASSEMBLY_USAGE_OCCURRENCE('Pin:5','Pin:5','Pin:5',#6002,#6004,
'Pin:5');
#352=NEXT_ASSEMBLY_USAGE_OCCURRENCE('Piece:6','Piece:6','Piece:6',#6002,
#6003,'Piece:6');
#353=NEXT_ASSEMBLY_USAGE_OCCURRENCE('Pin:6','Pin:6','Pin:6',#6002,#6004,
'Pin:6');
#354=NEXT_ASSEMBLY_USAGE_OCCURRENCE('Pin_Header_Male_1x1 v2:1',
'Pin_Header_Male_1x1 v2:1','Pin_Header_Male_1x1 v2:1',#6001,#6002,
'Pin_Header_Male_1x1 v2:1');
#355=SHAPE_REPRESENTATION_RELATIONSHIP('SRR','None',#5998,#358);
#356=SHAPE_REPRESENTATION_RELATIONSHIP('SRR','None',#5999,#359);
#357=SHAPE_REPRESENTATION_RELATIONSHIP('SRR','None',#5996,#360);
#358=ADVANCED_BREP_SHAPE_REPRESENTATION('',(#537),#5968);
#359=ADVANCED_BREP_SHAPE_REPRESENTATION('',(#538),#5969);
#360=ADVANCED_BREP_SHAPE_REPRESENTATION('',(#539,#540,#541,#542,#543,#544,
#545,#546,#547,#548,#549,#550,#551),#5966);
#361=STYLED_ITEM('',(#6021),#537);
#362=STYLED_ITEM('',(#6022),#538);
#363=STYLED_ITEM('',(#6024),#3355);
#364=STYLED_ITEM('',(#6024),#3356);
#365=STYLED_ITEM('',(#6024),#3357);
#366=STYLED_ITEM('',(#6024),#3358);
#367=STYLED_ITEM('',(#6024),#3359);
#368=STYLED_ITEM('',(#6024),#3360);
#369=STYLED_ITEM('',(#6024),#3361);
#370=STYLED_ITEM('',(#6024),#3362);
#371=STYLED_ITEM('',(#6024),#3363);
#372=STYLED_ITEM('',(#6024),#3364);
#373=STYLED_ITEM('',(#6024),#3365);
#374=STYLED_ITEM('',(#6024),#3366);
#375=STYLED_ITEM('',(#6024),#3367);
#376=STYLED_ITEM('',(#6024),#3368);
#377=STYLED_ITEM('',(#6024),#3369);
#378=STYLED_ITEM('',(#6024),#3370);
#379=STYLED_ITEM('',(#6024),#3371);
#380=STYLED_ITEM('',(#6024),#3372);
#381=STYLED_ITEM('',(#6024),#3373);
#382=STYLED_ITEM('',(#6023),#539);
#383=STYLED_ITEM('',(#6025),#3374);
#384=STYLED_ITEM('',(#6025),#3375);
#385=STYLED_ITEM('',(#6025),#3376);
#386=STYLED_ITEM('',(#6025),#3377);
#387=STYLED_ITEM('',(#6025),#3378);
#388=STYLED_ITEM('',(#6025),#3379);
#389=STYLED_ITEM('',(#6025),#3380);
#390=STYLED_ITEM('',(#6023),#540);
#391=STYLED_ITEM('',(#6025),#3381);
#392=STYLED_ITEM('',(#6025),#3382);
#393=STYLED_ITEM('',(#6025),#3383);
#394=STYLED_ITEM('',(#6025),#3384);
#395=STYLED_ITEM('',(#6023),#541);
#396=STYLED_ITEM('',(#6025),#3385);
#397=STYLED_ITEM('',(#6025),#3386);
#398=STYLED_ITEM('',(#6025),#3387);
#399=STYLED_ITEM('',(#6025),#3388);
#400=STYLED_ITEM('',(#6023),#542);
#401=STYLED_ITEM('',(#6025),#3389);
#402=STYLED_ITEM('',(#6025),#3390);
#403=STYLED_ITEM('',(#6025),#3391);
#404=STYLED_ITEM('',(#6025),#3392);
#405=STYLED_ITEM('',(#6023),#543);
#406=STYLED_ITEM('',(#6025),#3393);
#407=STYLED_ITEM('',(#6025),#3394);
#408=STYLED_ITEM('',(#6025),#3395);
#409=STYLED_ITEM('',(#6025),#3396);
#410=STYLED_ITEM('',(#6023),#544);
#411=STYLED_ITEM('',(#6025),#3397);
#412=STYLED_ITEM('',(#6025),#3398);
#413=STYLED_ITEM('',(#6025),#3399);
#414=STYLED_ITEM('',(#6025),#3400);
#415=STYLED_ITEM('',(#6023),#545);
#416=STYLED_ITEM('',(#6025),#3401);
#417=STYLED_ITEM('',(#6025),#3402);
#418=STYLED_ITEM('',(#6025),#3403);
#419=STYLED_ITEM('',(#6025),#3404);
#420=STYLED_ITEM('',(#6023),#546);
#421=STYLED_ITEM('',(#6025),#3405);
#422=STYLED_ITEM('',(#6025),#3406);
#423=STYLED_ITEM('',(#6025),#3407);
#424=STYLED_ITEM('',(#6025),#3408);
#425=STYLED_ITEM('',(#6023),#547);
#426=STYLED_ITEM('',(#6025),#3409);
#427=STYLED_ITEM('',(#6025),#3410);
#428=STYLED_ITEM('',(#6025),#3411);
#429=STYLED_ITEM('',(#6025),#3412);
#430=STYLED_ITEM('',(#6023),#548);
#431=STYLED_ITEM('',(#6025),#3413);
#432=STYLED_ITEM('',(#6025),#3414);
#433=STYLED_ITEM('',(#6025),#3415);
#434=STYLED_ITEM('',(#6025),#3416);
#435=STYLED_ITEM('',(#6023),#549);
#436=STYLED_ITEM('',(#6025),#3418);
#437=STYLED_ITEM('',(#6025),#3419);
#438=STYLED_ITEM('',(#6025),#3420);
#439=STYLED_ITEM('',(#6025),#3421);
#440=STYLED_ITEM('',(#6025),#3422);
#441=STYLED_ITEM('',(#6025),#3423);
#442=STYLED_ITEM('',(#6025),#3424);
#443=STYLED_ITEM('',(#6025),#3425);
#444=STYLED_ITEM('',(#6025),#3426);
#445=STYLED_ITEM('',(#6025),#3427);
#446=STYLED_ITEM('',(#6025),#3428);
#447=STYLED_ITEM('',(#6025),#3429);
#448=STYLED_ITEM('',(#6025),#3430);
#449=STYLED_ITEM('',(#6025),#3431);
#450=STYLED_ITEM('',(#6025),#3432);
#451=STYLED_ITEM('',(#6025),#3433);
#452=STYLED_ITEM('',(#6025),#3434);
#453=STYLED_ITEM('',(#6025),#3435);
#454=STYLED_ITEM('',(#6025),#3436);
#455=STYLED_ITEM('',(#6025),#3437);
#456=STYLED_ITEM('',(#6025),#3438);
#457=STYLED_ITEM('',(#6025),#3439);
#458=STYLED_ITEM('',(#6025),#3440);
#459=STYLED_ITEM('',(#6025),#3441);
#460=STYLED_ITEM('',(#6025),#3442);
#461=STYLED_ITEM('',(#6025),#3443);
#462=STYLED_ITEM('',(#6025),#3444);
#463=STYLED_ITEM('',(#6025),#3445);
#464=STYLED_ITEM('',(#6025),#3446);
#465=STYLED_ITEM('',(#6025),#3447);
#466=STYLED_ITEM('',(#6025),#3448);
#467=STYLED_ITEM('',(#6025),#3449);
#468=STYLED_ITEM('',(#6025),#3450);
#469=STYLED_ITEM('',(#6025),#3451);
#470=STYLED_ITEM('',(#6025),#3452);
#471=STYLED_ITEM('',(#6025),#3453);
#472=STYLED_ITEM('',(#6025),#3454);
#473=STYLED_ITEM('',(#6025),#3455);
#474=STYLED_ITEM('',(#6025),#3456);
#475=STYLED_ITEM('',(#6025),#3457);
#476=STYLED_ITEM('',(#6025),#3458);
#477=STYLED_ITEM('',(#6025),#3459);
#478=STYLED_ITEM('',(#6025),#3460);
#479=STYLED_ITEM('',(#6025),#3461);
#480=STYLED_ITEM('',(#6025),#3462);
#481=STYLED_ITEM('',(#6025),#3463);
#482=STYLED_ITEM('',(#6025),#3464);
#483=STYLED_ITEM('',(#6025),#3465);
#484=STYLED_ITEM('',(#6025),#3466);
#485=STYLED_ITEM('',(#6025),#3467);
#486=STYLED_ITEM('',(#6025),#3468);
#487=STYLED_ITEM('',(#6025),#3469);
#488=STYLED_ITEM('',(#6025),#3470);
#489=STYLED_ITEM('',(#6025),#3471);
#490=STYLED_ITEM('',(#6025),#3472);
#491=STYLED_ITEM('',(#6025),#3473);
#492=STYLED_ITEM('',(#6025),#3474);
#493=STYLED_ITEM('',(#6025),#3475);
#494=STYLED_ITEM('',(#6025),#3476);
#495=STYLED_ITEM('',(#6025),#3477);
#496=STYLED_ITEM('',(#6025),#3478);
#497=STYLED_ITEM('',(#6025),#3479);
#498=STYLED_ITEM('',(#6025),#3480);
#499=STYLED_ITEM('',(#6025),#3481);
#500=STYLED_ITEM('',(#6025),#3482);
#501=STYLED_ITEM('',(#6025),#3483);
#502=STYLED_ITEM('',(#6025),#3484);
#503=STYLED_ITEM('',(#6025),#3485);
#504=STYLED_ITEM('',(#6025),#3486);
#505=STYLED_ITEM('',(#6025),#3487);
#506=STYLED_ITEM('',(#6025),#3488);
#507=STYLED_ITEM('',(#6025),#3489);
#508=STYLED_ITEM('',(#6025),#3490);
#509=STYLED_ITEM('',(#6025),#3491);
#510=STYLED_ITEM('',(#6025),#3492);
#511=STYLED_ITEM('',(#6025),#3493);
#512=STYLED_ITEM('',(#6025),#3494);
#513=STYLED_ITEM('',(#6025),#3495);
#514=STYLED_ITEM('',(#6025),#3496);
#515=STYLED_ITEM('',(#6025),#3497);
#516=STYLED_ITEM('',(#6025),#3498);
#517=STYLED_ITEM('',(#6025),#3499);
#518=STYLED_ITEM('',(#6025),#3500);
#519=STYLED_ITEM('',(#6025),#3501);
#520=STYLED_ITEM('',(#6025),#3502);
#521=STYLED_ITEM('',(#6025),#3503);
#522=STYLED_ITEM('',(#6025),#3504);
#523=STYLED_ITEM('',(#6025),#3505);
#524=STYLED_ITEM('',(#6025),#3506);
#525=STYLED_ITEM('',(#6025),#3507);
#526=STYLED_ITEM('',(#6025),#3508);
#527=STYLED_ITEM('',(#6025),#3509);
#528=STYLED_ITEM('',(#6025),#3510);
#529=STYLED_ITEM('',(#6025),#3511);
#530=STYLED_ITEM('',(#6025),#3512);
#531=STYLED_ITEM('',(#6023),#550);
#532=STYLED_ITEM('',(#6026),#3514);
#533=STYLED_ITEM('',(#6026),#3515);
#534=STYLED_ITEM('',(#6026),#3516);
#535=STYLED_ITEM('',(#6023),#551);
#536=STYLED_ITEM('',(#6028),#24);
#537=MANIFOLD_SOLID_BREP('Cuerpo1',#3517);
#538=MANIFOLD_SOLID_BREP('Cuerpo1',#3518);
#539=MANIFOLD_SOLID_BREP('Cuerpo1',#3519);
#540=MANIFOLD_SOLID_BREP('Cuerpo2',#3520);
#541=MANIFOLD_SOLID_BREP('Cuerpo3',#3521);
#542=MANIFOLD_SOLID_BREP('Cuerpo4',#3522);
#543=MANIFOLD_SOLID_BREP('Cuerpo5',#3523);
#544=MANIFOLD_SOLID_BREP('Cuerpo6',#3524);
#545=MANIFOLD_SOLID_BREP('Cuerpo7',#3525);
#546=MANIFOLD_SOLID_BREP('Cuerpo8',#3526);
#547=MANIFOLD_SOLID_BREP('Cuerpo9',#3527);
#548=MANIFOLD_SOLID_BREP('Cuerpo10',#3528);
#549=MANIFOLD_SOLID_BREP('Cuerpo11',#3529);
#550=MANIFOLD_SOLID_BREP('Cuerpo12',#3530);
#551=MANIFOLD_SOLID_BREP('Cuerpo13',#3531);
#552=FACE_BOUND('',#820,.T.);
#553=FACE_BOUND('',#833,.T.);
#554=FACE_BOUND('',#871,.T.);
#555=FACE_BOUND('',#872,.T.);
#556=FACE_BOUND('',#873,.T.);
#557=FACE_BOUND('',#874,.T.);
#558=FACE_BOUND('',#875,.T.);
#559=FACE_BOUND('',#876,.T.);
#560=FACE_BOUND('',#877,.T.);
#561=FACE_BOUND('',#878,.T.);
#562=FACE_BOUND('',#879,.T.);
#563=FACE_BOUND('',#880,.T.);
#564=FACE_BOUND('',#882,.T.);
#565=FACE_BOUND('',#883,.T.);
#566=FACE_BOUND('',#884,.T.);
#567=FACE_BOUND('',#885,.T.);
#568=FACE_BOUND('',#886,.T.);
#569=FACE_BOUND('',#887,.T.);
#570=FACE_BOUND('',#888,.T.);
#571=FACE_BOUND('',#889,.T.);
#572=FACE_BOUND('',#890,.T.);
#573=FACE_BOUND('',#891,.T.);
#574=FACE_BOUND('',#898,.T.);
#575=FACE_BOUND('',#900,.T.);
#576=FACE_BOUND('',#904,.T.);
#577=FACE_BOUND('',#906,.T.);
#578=FACE_BOUND('',#910,.T.);
#579=FACE_BOUND('',#912,.T.);
#580=FACE_BOUND('',#916,.T.);
#581=FACE_BOUND('',#918,.T.);
#582=FACE_BOUND('',#922,.T.);
#583=FACE_BOUND('',#924,.T.);
#584=FACE_BOUND('',#928,.T.);
#585=FACE_BOUND('',#930,.T.);
#586=FACE_BOUND('',#934,.T.);
#587=FACE_BOUND('',#936,.T.);
#588=FACE_BOUND('',#940,.T.);
#589=FACE_BOUND('',#942,.T.);
#590=FACE_BOUND('',#946,.T.);
#591=FACE_BOUND('',#948,.T.);
#592=FACE_BOUND('',#952,.T.);
#593=FACE_BOUND('',#954,.T.);
#594=FACE_BOUND('',#1011,.T.);
#595=FACE_BOUND('',#1012,.T.);
#596=FACE_BOUND('',#1013,.T.);
#597=FACE_BOUND('',#1014,.T.);
#598=FACE_BOUND('',#1016,.T.);
#599=FACE_BOUND('',#1017,.T.);
#600=FACE_BOUND('',#1018,.T.);
#601=FACE_OUTER_BOUND('',#807,.T.);
#602=FACE_OUTER_BOUND('',#808,.T.);
#603=FACE_OUTER_BOUND('',#809,.T.);
#604=FACE_OUTER_BOUND('',#810,.T.);
#605=FACE_OUTER_BOUND('',#811,.T.);
#606=FACE_OUTER_BOUND('',#812,.T.);
#607=FACE_OUTER_BOUND('',#813,.T.);
#608=FACE_OUTER_BOUND('',#814,.T.);
#609=FACE_OUTER_BOUND('',#815,.T.);
#610=FACE_OUTER_BOUND('',#816,.T.);
#611=FACE_OUTER_BOUND('',#817,.T.);
#612=FACE_OUTER_BOUND('',#818,.T.);
#613=FACE_OUTER_BOUND('',#819,.T.);
#614=FACE_OUTER_BOUND('',#821,.T.);
#615=FACE_OUTER_BOUND('',#822,.T.);
#616=FACE_OUTER_BOUND('',#823,.T.);
#617=FACE_OUTER_BOUND('',#824,.T.);
#618=FACE_OUTER_BOUND('',#825,.T.);
#619=FACE_OUTER_BOUND('',#826,.T.);
#620=FACE_OUTER_BOUND('',#827,.T.);
#621=FACE_OUTER_BOUND('',#828,.T.);
#622=FACE_OUTER_BOUND('',#829,.T.);
#623=FACE_OUTER_BOUND('',#830,.T.);
#624=FACE_OUTER_BOUND('',#831,.T.);
#625=FACE_OUTER_BOUND('',#832,.T.);
#626=FACE_OUTER_BOUND('',#834,.T.);
#627=FACE_OUTER_BOUND('',#835,.T.);
#628=FACE_OUTER_BOUND('',#836,.T.);
#629=FACE_OUTER_BOUND('',#837,.T.);
#630=FACE_OUTER_BOUND('',#838,.T.);
#631=FACE_OUTER_BOUND('',#839,.T.);
#632=FACE_OUTER_BOUND('',#840,.T.);
#633=FACE_OUTER_BOUND('',#841,.T.);
#634=FACE_OUTER_BOUND('',#842,.T.);
#635=FACE_OUTER_BOUND('',#843,.T.);
#636=FACE_OUTER_BOUND('',#844,.T.);
#637=FACE_OUTER_BOUND('',#845,.T.);
#638=FACE_OUTER_BOUND('',#846,.T.);
#639=FACE_OUTER_BOUND('',#847,.T.);
#640=FACE_OUTER_BOUND('',#848,.T.);
#641=FACE_OUTER_BOUND('',#849,.T.);
#642=FACE_OUTER_BOUND('',#850,.T.);
#643=FACE_OUTER_BOUND('',#851,.T.);
#644=FACE_OUTER_BOUND('',#852,.T.);
#645=FACE_OUTER_BOUND('',#853,.T.);
#646=FACE_OUTER_BOUND('',#854,.T.);
#647=FACE_OUTER_BOUND('',#855,.T.);
#648=FACE_OUTER_BOUND('',#856,.T.);
#649=FACE_OUTER_BOUND('',#857,.T.);
#650=FACE_OUTER_BOUND('',#858,.T.);
#651=FACE_OUTER_BOUND('',#859,.T.);
#652=FACE_OUTER_BOUND('',#860,.T.);
#653=FACE_OUTER_BOUND('',#861,.T.);
#654=FACE_OUTER_BOUND('',#862,.T.);
#655=FACE_OUTER_BOUND('',#863,.T.);
#656=FACE_OUTER_BOUND('',#864,.T.);
#657=FACE_OUTER_BOUND('',#865,.T.);
#658=FACE_OUTER_BOUND('',#866,.T.);
#659=FACE_OUTER_BOUND('',#867,.T.);
#660=FACE_OUTER_BOUND('',#868,.T.);
#661=FACE_OUTER_BOUND('',#869,.T.);
#662=FACE_OUTER_BOUND('',#870,.T.);
#663=FACE_OUTER_BOUND('',#881,.T.);
#664=FACE_OUTER_BOUND('',#892,.T.);
#665=FACE_OUTER_BOUND('',#893,.T.);
#666=FACE_OUTER_BOUND('',#894,.T.);
#667=FACE_OUTER_BOUND('',#895,.T.);
#668=FACE_OUTER_BOUND('',#896,.T.);
#669=FACE_OUTER_BOUND('',#897,.T.);
#670=FACE_OUTER_BOUND('',#899,.T.);
#671=FACE_OUTER_BOUND('',#901,.T.);
#672=FACE_OUTER_BOUND('',#902,.T.);
#673=FACE_OUTER_BOUND('',#903,.T.);
#674=FACE_OUTER_BOUND('',#905,.T.);
#675=FACE_OUTER_BOUND('',#907,.T.);
#676=FACE_OUTER_BOUND('',#908,.T.);
#677=FACE_OUTER_BOUND('',#909,.T.);
#678=FACE_OUTER_BOUND('',#911,.T.);
#679=FACE_OUTER_BOUND('',#913,.T.);
#680=FACE_OUTER_BOUND('',#914,.T.);
#681=FACE_OUTER_BOUND('',#915,.T.);
#682=FACE_OUTER_BOUND('',#917,.T.);
#683=FACE_OUTER_BOUND('',#919,.T.);
#684=FACE_OUTER_BOUND('',#920,.T.);
#685=FACE_OUTER_BOUND('',#921,.T.);
#686=FACE_OUTER_BOUND('',#923,.T.);
#687=FACE_OUTER_BOUND('',#925,.T.);
#688=FACE_OUTER_BOUND('',#926,.T.);
#689=FACE_OUTER_BOUND('',#927,.T.);
#690=FACE_OUTER_BOUND('',#929,.T.);
#691=FACE_OUTER_BOUND('',#931,.T.);
#692=FACE_OUTER_BOUND('',#932,.T.);
#693=FACE_OUTER_BOUND('',#933,.T.);
#694=FACE_OUTER_BOUND('',#935,.T.);
#695=FACE_OUTER_BOUND('',#937,.T.);
#696=FACE_OUTER_BOUND('',#938,.T.);
#697=FACE_OUTER_BOUND('',#939,.T.);
#698=FACE_OUTER_BOUND('',#941,.T.);
#699=FACE_OUTER_BOUND('',#943,.T.);
#700=FACE_OUTER_BOUND('',#944,.T.);
#701=FACE_OUTER_BOUND('',#945,.T.);
#702=FACE_OUTER_BOUND('',#947,.T.);
#703=FACE_OUTER_BOUND('',#949,.T.);
#704=FACE_OUTER_BOUND('',#950,.T.);
#705=FACE_OUTER_BOUND('',#951,.T.);
#706=FACE_OUTER_BOUND('',#953,.T.);
#707=FACE_OUTER_BOUND('',#955,.T.);
#708=FACE_OUTER_BOUND('',#956,.T.);
#709=FACE_OUTER_BOUND('',#957,.T.);
#710=FACE_OUTER_BOUND('',#958,.T.);
#711=FACE_OUTER_BOUND('',#959,.T.);
#712=FACE_OUTER_BOUND('',#960,.T.);
#713=FACE_OUTER_BOUND('',#961,.T.);
#714=FACE_OUTER_BOUND('',#962,.T.);
#715=FACE_OUTER_BOUND('',#963,.T.);
#716=FACE_OUTER_BOUND('',#964,.T.);
#717=FACE_OUTER_BOUND('',#965,.T.);
#718=FACE_OUTER_BOUND('',#966,.T.);
#719=FACE_OUTER_BOUND('',#967,.T.);
#720=FACE_OUTER_BOUND('',#968,.T.);
#721=FACE_OUTER_BOUND('',#969,.T.);
#722=FACE_OUTER_BOUND('',#970,.T.);
#723=FACE_OUTER_BOUND('',#971,.T.);
#724=FACE_OUTER_BOUND('',#972,.T.);
#725=FACE_OUTER_BOUND('',#973,.T.);
#726=FACE_OUTER_BOUND('',#974,.T.);
#727=FACE_OUTER_BOUND('',#975,.T.);
#728=FACE_OUTER_BOUND('',#976,.T.);
#729=FACE_OUTER_BOUND('',#977,.T.);
#730=FACE_OUTER_BOUND('',#978,.T.);
#731=FACE_OUTER_BOUND('',#979,.T.);
#732=FACE_OUTER_BOUND('',#980,.T.);
#733=FACE_OUTER_BOUND('',#981,.T.);
#734=FACE_OUTER_BOUND('',#982,.T.);
#735=FACE_OUTER_BOUND('',#983,.T.);
#736=FACE_OUTER_BOUND('',#984,.T.);
#737=FACE_OUTER_BOUND('',#985,.T.);
#738=FACE_OUTER_BOUND('',#986,.T.);
#739=FACE_OUTER_BOUND('',#987,.T.);
#740=FACE_OUTER_BOUND('',#988,.T.);
#741=FACE_OUTER_BOUND('',#989,.T.);
#742=FACE_OUTER_BOUND('',#990,.T.);
#743=FACE_OUTER_BOUND('',#991,.T.);
#744=FACE_OUTER_BOUND('',#992,.T.);
#745=FACE_OUTER_BOUND('',#993,.T.);
#746=FACE_OUTER_BOUND('',#994,.T.);
#747=FACE_OUTER_BOUND('',#995,.T.);
#748=FACE_OUTER_BOUND('',#996,.T.);
#749=FACE_OUTER_BOUND('',#997,.T.);
#750=FACE_OUTER_BOUND('',#998,.T.);
#751=FACE_OUTER_BOUND('',#999,.T.);
#752=FACE_OUTER_BOUND('',#1000,.T.);
#753=FACE_OUTER_BOUND('',#1001,.T.);
#754=FACE_OUTER_BOUND('',#1002,.T.);
#755=FACE_OUTER_BOUND('',#1003,.T.);
#756=FACE_OUTER_BOUND('',#1004,.T.);
#757=FACE_OUTER_BOUND('',#1005,.T.);
#758=FACE_OUTER_BOUND('',#1006,.T.);
#759=FACE_OUTER_BOUND('',#1007,.T.);
#760=FACE_OUTER_BOUND('',#1008,.T.);
#761=FACE_OUTER_BOUND('',#1009,.T.);
#762=FACE_OUTER_BOUND('',#1010,.T.);
#763=FACE_OUTER_BOUND('',#1015,.T.);
#764=FACE_OUTER_BOUND('',#1019,.T.);
#765=FACE_OUTER_BOUND('',#1020,.T.);
#766=FACE_OUTER_BOUND('',#1021,.T.);
#767=FACE_OUTER_BOUND('',#1022,.T.);
#768=FACE_OUTER_BOUND('',#1023,.T.);
#769=FACE_OUTER_BOUND('',#1024,.T.);
#770=FACE_OUTER_BOUND('',#1025,.T.);
#771=FACE_OUTER_BOUND('',#1026,.T.);
#772=FACE_OUTER_BOUND('',#1027,.T.);
#773=FACE_OUTER_BOUND('',#1028,.T.);
#774=FACE_OUTER_BOUND('',#1029,.T.);
#775=FACE_OUTER_BOUND('',#1030,.T.);
#776=FACE_OUTER_BOUND('',#1031,.T.);
#777=FACE_OUTER_BOUND('',#1032,.T.);
#778=FACE_OUTER_BOUND('',#1033,.T.);
#779=FACE_OUTER_BOUND('',#1034,.T.);
#780=FACE_OUTER_BOUND('',#1035,.T.);
#781=FACE_OUTER_BOUND('',#1036,.T.);
#782=FACE_OUTER_BOUND('',#1037,.T.);
#783=FACE_OUTER_BOUND('',#1038,.T.);
#784=FACE_OUTER_BOUND('',#1039,.T.);
#785=FACE_OUTER_BOUND('',#1040,.T.);
#786=FACE_OUTER_BOUND('',#1041,.T.);
#787=FACE_OUTER_BOUND('',#1042,.T.);
#788=FACE_OUTER_BOUND('',#1043,.T.);
#789=FACE_OUTER_BOUND('',#1044,.T.);
#790=FACE_OUTER_BOUND('',#1045,.T.);
#791=FACE_OUTER_BOUND('',#1046,.T.);
#792=FACE_OUTER_BOUND('',#1047,.T.);
#793=FACE_OUTER_BOUND('',#1048,.T.);
#794=FACE_OUTER_BOUND('',#1049,.T.);
#795=FACE_OUTER_BOUND('',#1050,.T.);
#796=FACE_OUTER_BOUND('',#1051,.T.);
#797=FACE_OUTER_BOUND('',#1052,.T.);
#798=FACE_OUTER_BOUND('',#1053,.T.);
#799=FACE_OUTER_BOUND('',#1054,.T.);
#800=FACE_OUTER_BOUND('',#1055,.T.);
#801=FACE_OUTER_BOUND('',#1056,.T.);
#802=FACE_OUTER_BOUND('',#1057,.T.);
#803=FACE_OUTER_BOUND('',#1058,.T.);
#804=FACE_OUTER_BOUND('',#1059,.T.);
#805=FACE_OUTER_BOUND('',#1060,.T.);
#806=FACE_OUTER_BOUND('',#1061,.T.);
#807=EDGE_LOOP('',(#2317,#2318,#2319,#2320));
#808=EDGE_LOOP('',(#2321,#2322,#2323,#2324));
#809=EDGE_LOOP('',(#2325,#2326,#2327,#2328));
#810=EDGE_LOOP('',(#2329,#2330,#2331,#2332));
#811=EDGE_LOOP('',(#2333,#2334,#2335,#2336));
#812=EDGE_LOOP('',(#2337,#2338,#2339,#2340));
#813=EDGE_LOOP('',(#2341,#2342,#2343,#2344));
#814=EDGE_LOOP('',(#2345,#2346,#2347,#2348));
#815=EDGE_LOOP('',(#2349,#2350,#2351,#2352));
#816=EDGE_LOOP('',(#2353,#2354,#2355,#2356));
#817=EDGE_LOOP('',(#2357,#2358,#2359,#2360));
#818=EDGE_LOOP('',(#2361,#2362,#2363,#2364));
#819=EDGE_LOOP('',(#2365,#2366,#2367,#2368,#2369,#2370,#2371,#2372));
#820=EDGE_LOOP('',(#2373,#2374,#2375,#2376));
#821=EDGE_LOOP('',(#2377,#2378,#2379,#2380));
#822=EDGE_LOOP('',(#2381,#2382,#2383,#2384));
#823=EDGE_LOOP('',(#2385,#2386,#2387,#2388));
#824=EDGE_LOOP('',(#2389,#2390,#2391,#2392));
#825=EDGE_LOOP('',(#2393,#2394,#2395,#2396));
#826=EDGE_LOOP('',(#2397,#2398,#2399,#2400));
#827=EDGE_LOOP('',(#2401,#2402,#2403,#2404));
#828=EDGE_LOOP('',(#2405,#2406,#2407,#2408));
#829=EDGE_LOOP('',(#2409,#2410,#2411,#2412));
#830=EDGE_LOOP('',(#2413,#2414,#2415,#2416));
#831=EDGE_LOOP('',(#2417,#2418,#2419,#2420));
#832=EDGE_LOOP('',(#2421,#2422,#2423,#2424,#2425,#2426,#2427,#2428));
#833=EDGE_LOOP('',(#2429,#2430,#2431,#2432));
#834=EDGE_LOOP('',(#2433,#2434,#2435,#2436));
#835=EDGE_LOOP('',(#2437,#2438,#2439,#2440));
#836=EDGE_LOOP('',(#2441,#2442,#2443,#2444));
#837=EDGE_LOOP('',(#2445,#2446,#2447,#2448));
#838=EDGE_LOOP('',(#2449,#2450,#2451,#2452));
#839=EDGE_LOOP('',(#2453,#2454,#2455,#2456));
#840=EDGE_LOOP('',(#2457,#2458,#2459,#2460));
#841=EDGE_LOOP('',(#2461,#2462,#2463,#2464));
#842=EDGE_LOOP('',(#2465,#2466,#2467,#2468));
#843=EDGE_LOOP('',(#2469,#2470,#2471,#2472));
#844=EDGE_LOOP('',(#2473,#2474,#2475,#2476));
#845=EDGE_LOOP('',(#2477,#2478,#2479,#2480));
#846=EDGE_LOOP('',(#2481,#2482,#2483,#2484));
#847=EDGE_LOOP('',(#2485,#2486,#2487,#2488));
#848=EDGE_LOOP('',(#2489,#2490,#2491,#2492));
#849=EDGE_LOOP('',(#2493,#2494,#2495,#2496));
#850=EDGE_LOOP('',(#2497,#2498,#2499,#2500));
#851=EDGE_LOOP('',(#2501,#2502,#2503,#2504));
#852=EDGE_LOOP('',(#2505,#2506,#2507,#2508));
#853=EDGE_LOOP('',(#2509,#2510,#2511,#2512));
#854=EDGE_LOOP('',(#2513,#2514,#2515,#2516));
#855=EDGE_LOOP('',(#2517,#2518,#2519,#2520));
#856=EDGE_LOOP('',(#2521,#2522,#2523,#2524));
#857=EDGE_LOOP('',(#2525,#2526,#2527,#2528));
#858=EDGE_LOOP('',(#2529,#2530,#2531,#2532));
#859=EDGE_LOOP('',(#2533,#2534,#2535,#2536));
#860=EDGE_LOOP('',(#2537,#2538,#2539,#2540));
#861=EDGE_LOOP('',(#2541,#2542,#2543,#2544));
#862=EDGE_LOOP('',(#2545,#2546,#2547,#2548));
#863=EDGE_LOOP('',(#2549,#2550,#2551,#2552));
#864=EDGE_LOOP('',(#2553,#2554,#2555,#2556));
#865=EDGE_LOOP('',(#2557,#2558,#2559,#2560));
#866=EDGE_LOOP('',(#2561,#2562,#2563,#2564));
#867=EDGE_LOOP('',(#2565,#2566,#2567,#2568));
#868=EDGE_LOOP('',(#2569,#2570,#2571,#2572));
#869=EDGE_LOOP('',(#2573,#2574,#2575,#2576));
#870=EDGE_LOOP('',(#2577,#2578,#2579,#2580));
#871=EDGE_LOOP('',(#2581));
#872=EDGE_LOOP('',(#2582));
#873=EDGE_LOOP('',(#2583));
#874=EDGE_LOOP('',(#2584));
#875=EDGE_LOOP('',(#2585));
#876=EDGE_LOOP('',(#2586));
#877=EDGE_LOOP('',(#2587));
#878=EDGE_LOOP('',(#2588));
#879=EDGE_LOOP('',(#2589));
#880=EDGE_LOOP('',(#2590,#2591,#2592,#2593));
#881=EDGE_LOOP('',(#2594,#2595,#2596,#2597));
#882=EDGE_LOOP('',(#2598));
#883=EDGE_LOOP('',(#2599));
#884=EDGE_LOOP('',(#2600));
#885=EDGE_LOOP('',(#2601));
#886=EDGE_LOOP('',(#2602));
#887=EDGE_LOOP('',(#2603));
#888=EDGE_LOOP('',(#2604));
#889=EDGE_LOOP('',(#2605));
#890=EDGE_LOOP('',(#2606));
#891=EDGE_LOOP('',(#2607,#2608,#2609,#2610));
#892=EDGE_LOOP('',(#2611,#2612,#2613,#2614));
#893=EDGE_LOOP('',(#2615,#2616,#2617,#2618));
#894=EDGE_LOOP('',(#2619,#2620,#2621,#2622));
#895=EDGE_LOOP('',(#2623,#2624,#2625,#2626));
#896=EDGE_LOOP('',(#2627,#2628,#2629,#2630));
#897=EDGE_LOOP('',(#2631,#2632,#2633,#2634));
#898=EDGE_LOOP('',(#2635));
#899=EDGE_LOOP('',(#2636,#2637,#2638,#2639));
#900=EDGE_LOOP('',(#2640));
#901=EDGE_LOOP('',(#2641,#2642,#2643,#2644));
#902=EDGE_LOOP('',(#2645,#2646,#2647,#2648));
#903=EDGE_LOOP('',(#2649));
#904=EDGE_LOOP('',(#2650));
#905=EDGE_LOOP('',(#2651));
#906=EDGE_LOOP('',(#2652));
#907=EDGE_LOOP('',(#2653,#2654,#2655,#2656));
#908=EDGE_LOOP('',(#2657,#2658,#2659,#2660));
#909=EDGE_LOOP('',(#2661));
#910=EDGE_LOOP('',(#2662));
#911=EDGE_LOOP('',(#2663));
#912=EDGE_LOOP('',(#2664));
#913=EDGE_LOOP('',(#2665,#2666,#2667,#2668));
#914=EDGE_LOOP('',(#2669,#2670,#2671,#2672));
#915=EDGE_LOOP('',(#2673));
#916=EDGE_LOOP('',(#2674));
#917=EDGE_LOOP('',(#2675));
#918=EDGE_LOOP('',(#2676));
#919=EDGE_LOOP('',(#2677,#2678,#2679,#2680));
#920=EDGE_LOOP('',(#2681,#2682,#2683,#2684));
#921=EDGE_LOOP('',(#2685));
#922=EDGE_LOOP('',(#2686));
#923=EDGE_LOOP('',(#2687));
#924=EDGE_LOOP('',(#2688));
#925=EDGE_LOOP('',(#2689,#2690,#2691,#2692));
#926=EDGE_LOOP('',(#2693,#2694,#2695,#2696));
#927=EDGE_LOOP('',(#2697));
#928=EDGE_LOOP('',(#2698));
#929=EDGE_LOOP('',(#2699));
#930=EDGE_LOOP('',(#2700));
#931=EDGE_LOOP('',(#2701,#2702,#2703,#2704));
#932=EDGE_LOOP('',(#2705,#2706,#2707,#2708));
#933=EDGE_LOOP('',(#2709));
#934=EDGE_LOOP('',(#2710));
#935=EDGE_LOOP('',(#2711));
#936=EDGE_LOOP('',(#2712));
#937=EDGE_LOOP('',(#2713,#2714,#2715,#2716));
#938=EDGE_LOOP('',(#2717,#2718,#2719,#2720));
#939=EDGE_LOOP('',(#2721));
#940=EDGE_LOOP('',(#2722));
#941=EDGE_LOOP('',(#2723));
#942=EDGE_LOOP('',(#2724));
#943=EDGE_LOOP('',(#2725,#2726,#2727,#2728));
#944=EDGE_LOOP('',(#2729,#2730,#2731,#2732));
#945=EDGE_LOOP('',(#2733));
#946=EDGE_LOOP('',(#2734));
#947=EDGE_LOOP('',(#2735));
#948=EDGE_LOOP('',(#2736));
#949=EDGE_LOOP('',(#2737,#2738,#2739,#2740));
#950=EDGE_LOOP('',(#2741,#2742,#2743,#2744));
#951=EDGE_LOOP('',(#2745));
#952=EDGE_LOOP('',(#2746));
#953=EDGE_LOOP('',(#2747));
#954=EDGE_LOOP('',(#2748));
#955=EDGE_LOOP('',(#2749,#2750,#2751,#2752));
#956=EDGE_LOOP('',(#2753,#2754,#2755,#2756));
#957=EDGE_LOOP('',(#2757,#2758,#2759,#2760));
#958=EDGE_LOOP('',(#2761,#2762,#2763,#2764));
#959=EDGE_LOOP('',(#2765,#2766,#2767,#2768));
#960=EDGE_LOOP('',(#2769,#2770,#2771,#2772));
#961=EDGE_LOOP('',(#2773,#2774,#2775,#2776));
#962=EDGE_LOOP('',(#2777,#2778,#2779,#2780));
#963=EDGE_LOOP('',(#2781,#2782,#2783,#2784));
#964=EDGE_LOOP('',(#2785,#2786,#2787,#2788));
#965=EDGE_LOOP('',(#2789,#2790,#2791,#2792));
#966=EDGE_LOOP('',(#2793,#2794,#2795,#2796));
#967=EDGE_LOOP('',(#2797,#2798,#2799,#2800));
#968=EDGE_LOOP('',(#2801,#2802,#2803,#2804));
#969=EDGE_LOOP('',(#2805,#2806,#2807,#2808));
#970=EDGE_LOOP('',(#2809,#2810,#2811,#2812));
#971=EDGE_LOOP('',(#2813,#2814,#2815,#2816));
#972=EDGE_LOOP('',(#2817,#2818,#2819,#2820));
#973=EDGE_LOOP('',(#2821,#2822,#2823,#2824));
#974=EDGE_LOOP('',(#2825,#2826,#2827,#2828));
#975=EDGE_LOOP('',(#2829,#2830,#2831,#2832));
#976=EDGE_LOOP('',(#2833,#2834,#2835,#2836));
#977=EDGE_LOOP('',(#2837,#2838,#2839,#2840));
#978=EDGE_LOOP('',(#2841,#2842,#2843,#2844));
#979=EDGE_LOOP('',(#2845,#2846,#2847,#2848));
#980=EDGE_LOOP('',(#2849,#2850,#2851,#2852));
#981=EDGE_LOOP('',(#2853,#2854,#2855,#2856));
#982=EDGE_LOOP('',(#2857,#2858,#2859,#2860));
#983=EDGE_LOOP('',(#2861,#2862,#2863,#2864));
#984=EDGE_LOOP('',(#2865,#2866,#2867,#2868));
#985=EDGE_LOOP('',(#2869,#2870,#2871,#2872));
#986=EDGE_LOOP('',(#2873,#2874,#2875,#2876));
#987=EDGE_LOOP('',(#2877,#2878,#2879,#2880));
#988=EDGE_LOOP('',(#2881,#2882,#2883,#2884));
#989=EDGE_LOOP('',(#2885,#2886,#2887,#2888));
#990=EDGE_LOOP('',(#2889,#2890,#2891,#2892));
#991=EDGE_LOOP('',(#2893,#2894,#2895,#2896));
#992=EDGE_LOOP('',(#2897,#2898,#2899,#2900));
#993=EDGE_LOOP('',(#2901,#2902,#2903,#2904));
#994=EDGE_LOOP('',(#2905,#2906,#2907,#2908));
#995=EDGE_LOOP('',(#2909,#2910,#2911,#2912));
#996=EDGE_LOOP('',(#2913,#2914,#2915,#2916));
#997=EDGE_LOOP('',(#2917,#2918,#2919,#2920));
#998=EDGE_LOOP('',(#2921,#2922,#2923,#2924));
#999=EDGE_LOOP('',(#2925,#2926,#2927,#2928));
#1000=EDGE_LOOP('',(#2929,#2930,#2931,#2932));
#1001=EDGE_LOOP('',(#2933,#2934,#2935,#2936));
#1002=EDGE_LOOP('',(#2937,#2938,#2939,#2940));
#1003=EDGE_LOOP('',(#2941,#2942,#2943,#2944));
#1004=EDGE_LOOP('',(#2945,#2946,#2947,#2948));
#1005=EDGE_LOOP('',(#2949,#2950,#2951,#2952));
#1006=EDGE_LOOP('',(#2953,#2954,#2955,#2956));
#1007=EDGE_LOOP('',(#2957,#2958,#2959,#2960));
#1008=EDGE_LOOP('',(#2961,#2962,#2963,#2964));
#1009=EDGE_LOOP('',(#2965,#2966,#2967,#2968));
#1010=EDGE_LOOP('',(#2969,#2970,#2971,#2972,#2973,#2974,#2975,#2976,#2977,
#2978,#2979,#2980,#2981,#2982,#2983,#2984,#2985,#2986,#2987,#2988,#2989,
#2990,#2991,#2992,#2993,#2994,#2995,#2996,#2997,#2998,#2999,#3000,#3001,
#3002));
#1011=EDGE_LOOP('',(#3003));
#1012=EDGE_LOOP('',(#3004));
#1013=EDGE_LOOP('',(#3005));
#1014=EDGE_LOOP('',(#3006));
#1015=EDGE_LOOP('',(#3007,#3008,#3009,#3010,#3011,#3012,#3013,#3014,#3015,
#3016,#3017,#3018,#3019,#3020,#3021,#3022,#3023,#3024,#3025,#3026,#3027,
#3028,#3029,#3030,#3031,#3032,#3033,#3034,#3035,#3036,#3037,#3038,#3039,
#3040,#3041,#3042,#3043,#3044,#3045,#3046,#3047,#3048));
#1016=EDGE_LOOP('',(#3049));
#1017=EDGE_LOOP('',(#3050));
#1018=EDGE_LOOP('',(#3051));
#1019=EDGE_LOOP('',(#3052,#3053,#3054,#3055));
#1020=EDGE_LOOP('',(#3056,#3057,#3058,#3059));
#1021=EDGE_LOOP('',(#3060,#3061,#3062,#3063));
#1022=EDGE_LOOP('',(#3064,#3065,#3066,#3067));
#1023=EDGE_LOOP('',(#3068,#3069,#3070));
#1024=EDGE_LOOP('',(#3071,#3072,#3073,#3074));
#1025=EDGE_LOOP('',(#3075,#3076,#3077,#3078));
#1026=EDGE_LOOP('',(#3079,#3080,#3081,#3082));
#1027=EDGE_LOOP('',(#3083,#3084,#3085,#3086));
#1028=EDGE_LOOP('',(#3087,#3088,#3089,#3090));
#1029=EDGE_LOOP('',(#3091,#3092,#3093,#3094));
#1030=EDGE_LOOP('',(#3095,#3096,#3097,#3098));
#1031=EDGE_LOOP('',(#3099,#3100,#3101));
#1032=EDGE_LOOP('',(#3102,#3103,#3104,#3105));
#1033=EDGE_LOOP('',(#3106,#3107,#3108,#3109));
#1034=EDGE_LOOP('',(#3110,#3111,#3112,#3113));
#1035=EDGE_LOOP('',(#3114,#3115,#3116,#3117));
#1036=EDGE_LOOP('',(#3118,#3119,#3120,#3121));
#1037=EDGE_LOOP('',(#3122,#3123,#3124,#3125));
#1038=EDGE_LOOP('',(#3126,#3127,#3128));
#1039=EDGE_LOOP('',(#3129,#3130,#3131,#3132));
#1040=EDGE_LOOP('',(#3133,#3134,#3135,#3136));
#1041=EDGE_LOOP('',(#3137,#3138,#3139,#3140));
#1042=EDGE_LOOP('',(#3141,#3142,#3143,#3144));
#1043=EDGE_LOOP('',(#3145,#3146,#3147,#3148));
#1044=EDGE_LOOP('',(#3149,#3150,#3151));
#1045=EDGE_LOOP('',(#3152,#3153,#3154));
#1046=EDGE_LOOP('',(#3155,#3156,#3157,#3158));
#1047=EDGE_LOOP('',(#3159,#3160,#3161,#3162));
#1048=EDGE_LOOP('',(#3163,#3164,#3165,#3166));
#1049=EDGE_LOOP('',(#3167,#3168,#3169));
#1050=EDGE_LOOP('',(#3170,#3171,#3172,#3173));
#1051=EDGE_LOOP('',(#3174,#3175,#3176,#3177));
#1052=EDGE_LOOP('',(#3178,#3179,#3180));
#1053=EDGE_LOOP('',(#3181,#3182,#3183,#3184));
#1054=EDGE_LOOP('',(#3185,#3186,#3187,#3188));
#1055=EDGE_LOOP('',(#3189,#3190,#3191,#3192));
#1056=EDGE_LOOP('',(#3193,#3194,#3195));
#1057=EDGE_LOOP('',(#3196,#3197,#3198,#3199));
#1058=EDGE_LOOP('',(#3200));
#1059=EDGE_LOOP('',(#3201,#3202,#3203,#3204));
#1060=EDGE_LOOP('',(#3205));
#1061=EDGE_LOOP('',(#3206));
#1062=LINE('',#5028,#1332);
#1063=LINE('',#5030,#1333);
#1064=LINE('',#5032,#1334);
#1065=LINE('',#5033,#1335);
#1066=LINE('',#5036,#1336);
#1067=LINE('',#5038,#1337);
#1068=LINE('',#5039,#1338);
#1069=LINE('',#5042,#1339);
#1070=LINE('',#5044,#1340);
#1071=LINE('',#5045,#1341);
#1072=LINE('',#5048,#1342);
#1073=LINE('',#5050,#1343);
#1074=LINE('',#5051,#1344);
#1075=LINE('',#5054,#1345);
#1076=LINE('',#5056,#1346);
#1077=LINE('',#5057,#1347);
#1078=LINE('',#5060,#1348);
#1079=LINE('',#5062,#1349);
#1080=LINE('',#5063,#1350);
#1081=LINE('',#5066,#1351);
#1082=LINE('',#5068,#1352);
#1083=LINE('',#5069,#1353);
#1084=LINE('',#5071,#1354);
#1085=LINE('',#5072,#1355);
#1086=LINE('',#5075,#1356);
#1087=LINE('',#5077,#1357);
#1088=LINE('',#5078,#1358);
#1089=LINE('',#5081,#1359);
#1090=LINE('',#5082,#1360);
#1091=LINE('',#5085,#1361);
#1092=LINE('',#5086,#1362);
#1093=LINE('',#5089,#1363);
#1094=LINE('',#5090,#1364);
#1095=LINE('',#5094,#1365);
#1096=LINE('',#5096,#1366);
#1097=LINE('',#5098,#1367);
#1098=LINE('',#5099,#1368);
#1099=LINE('',#5103,#1369);
#1100=LINE('',#5105,#1370);
#1101=LINE('',#5107,#1371);
#1102=LINE('',#5108,#1372);
#1103=LINE('',#5111,#1373);
#1104=LINE('',#5112,#1374);
#1105=LINE('',#5113,#1375);
#1106=LINE('',#5116,#1376);
#1107=LINE('',#5117,#1377);
#1108=LINE('',#5120,#1378);
#1109=LINE('',#5121,#1379);
#1110=LINE('',#5124,#1380);
#1111=LINE('',#5125,#1381);
#1112=LINE('',#5128,#1382);
#1113=LINE('',#5129,#1383);
#1114=LINE('',#5132,#1384);
#1115=LINE('',#5134,#1385);
#1116=LINE('',#5135,#1386);
#1117=LINE('',#5137,#1387);
#1118=LINE('',#5138,#1388);
#1119=LINE('',#5140,#1389);
#1120=LINE('',#5142,#1390);
#1121=LINE('',#5144,#1391);
#1122=LINE('',#5148,#1392);
#1123=LINE('',#5150,#1393);
#1124=LINE('',#5152,#1394);
#1125=LINE('',#5153,#1395);
#1126=LINE('',#5156,#1396);
#1127=LINE('',#5157,#1397);
#1128=LINE('',#5159,#1398);
#1129=LINE('',#5161,#1399);
#1130=LINE('',#5167,#1400);
#1131=LINE('',#5169,#1401);
#1132=LINE('',#5171,#1402);
#1133=LINE('',#5172,#1403);
#1134=LINE('',#5175,#1404);
#1135=LINE('',#5177,#1405);
#1136=LINE('',#5178,#1406);
#1137=LINE('',#5181,#1407);
#1138=LINE('',#5183,#1408);
#1139=LINE('',#5184,#1409);
#1140=LINE('',#5186,#1410);
#1141=LINE('',#5187,#1411);
#1142=LINE('',#5190,#1412);
#1143=LINE('',#5192,#1413);
#1144=LINE('',#5193,#1414);
#1145=LINE('',#5196,#1415);
#1146=LINE('',#5197,#1416);
#1147=LINE('',#5202,#1417);
#1148=LINE('',#5203,#1418);
#1149=LINE('',#5204,#1419);
#1150=LINE('',#5207,#1420);
#1151=LINE('',#5208,#1421);
#1152=LINE('',#5211,#1422);
#1153=LINE('',#5213,#1423);
#1154=LINE('',#5214,#1424);
#1155=LINE('',#5216,#1425);
#1156=LINE('',#5217,#1426);
#1157=LINE('',#5219,#1427);
#1158=LINE('',#5238,#1428);
#1159=LINE('',#5244,#1429);
#1160=LINE('',#5250,#1430);
#1161=LINE('',#5256,#1431);
#1162=LINE('',#5262,#1432);
#1163=LINE('',#5268,#1433);
#1164=LINE('',#5274,#1434);
#1165=LINE('',#5280,#1435);
#1166=LINE('',#5286,#1436);
#1167=LINE('',#5291,#1437);
#1168=LINE('',#5293,#1438);
#1169=LINE('',#5295,#1439);
#1170=LINE('',#5296,#1440);
#1171=LINE('',#5299,#1441);
#1172=LINE('',#5301,#1442);
#1173=LINE('',#5302,#1443);
#1174=LINE('',#5305,#1444);
#1175=LINE('',#5307,#1445);
#1176=LINE('',#5308,#1446);
#1177=LINE('',#5312,#1447);
#1178=LINE('',#5314,#1448);
#1179=LINE('',#5316,#1449);
#1180=LINE('',#5317,#1450);
#1181=LINE('',#5320,#1451);
#1182=LINE('',#5322,#1452);
#1183=LINE('',#5323,#1453);
#1184=LINE('',#5326,#1454);
#1185=LINE('',#5328,#1455);
#1186=LINE('',#5329,#1456);
#1187=LINE('',#5331,#1457);
#1188=LINE('',#5332,#1458);
#1189=LINE('',#5334,#1459);
#1190=LINE('',#5335,#1460);
#1191=LINE('',#5342,#1461);
#1192=LINE('',#5347,#1462);
#1193=LINE('',#5349,#1463);
#1194=LINE('',#5351,#1464);
#1195=LINE('',#5352,#1465);
#1196=LINE('',#5355,#1466);
#1197=LINE('',#5357,#1467);
#1198=LINE('',#5358,#1468);
#1199=LINE('',#5361,#1469);
#1200=LINE('',#5363,#1470);
#1201=LINE('',#5364,#1471);
#1202=LINE('',#5366,#1472);
#1203=LINE('',#5367,#1473);
#1204=LINE('',#5374,#1474);
#1205=LINE('',#5380,#1475);
#1206=LINE('',#5388,#1476);
#1207=LINE('',#5394,#1477);
#1208=LINE('',#5402,#1478);
#1209=LINE('',#5408,#1479);
#1210=LINE('',#5416,#1480);
#1211=LINE('',#5422,#1481);
#1212=LINE('',#5430,#1482);
#1213=LINE('',#5436,#1483);
#1214=LINE('',#5444,#1484);
#1215=LINE('',#5450,#1485);
#1216=LINE('',#5458,#1486);
#1217=LINE('',#5464,#1487);
#1218=LINE('',#5472,#1488);
#1219=LINE('',#5478,#1489);
#1220=LINE('',#5486,#1490);
#1221=LINE('',#5492,#1491);
#1222=LINE('',#5500,#1492);
#1223=LINE('',#5539,#1493);
#1224=LINE('',#5541,#1494);
#1225=LINE('',#5543,#1495);
#1226=LINE('',#5574,#1496);
#1227=LINE('',#5578,#1497);
#1228=LINE('',#5582,#1498);
#1229=LINE('',#5583,#1499);
#1230=LINE('',#5584,#1500);
#1231=LINE('',#5587,#1501);
#1232=LINE('',#5592,#1502);
#1233=LINE('',#5593,#1503);
#1234=LINE('',#5594,#1504);
#1235=LINE('',#5598,#1505);
#1236=LINE('',#5604,#1506);
#1237=LINE('',#5605,#1507);
#1238=LINE('',#5606,#1508);
#1239=LINE('',#5610,#1509);
#1240=LINE('',#5615,#1510);
#1241=LINE('',#5616,#1511);
#1242=LINE('',#5617,#1512);
#1243=LINE('',#5620,#1513);
#1244=LINE('',#5625,#1514);
#1245=LINE('',#5626,#1515);
#1246=LINE('',#5627,#1516);
#1247=LINE('',#5631,#1517);
#1248=LINE('',#5637,#1518);
#1249=LINE('',#5638,#1519);
#1250=LINE('',#5639,#1520);
#1251=LINE('',#5643,#1521);
#1252=LINE('',#5649,#1522);
#1253=LINE('',#5650,#1523);
#1254=LINE('',#5651,#1524);
#1255=LINE('',#5655,#1525);
#1256=LINE('',#5661,#1526);
#1257=LINE('',#5662,#1527);
#1258=LINE('',#5663,#1528);
#1259=LINE('',#5667,#1529);
#1260=LINE('',#5673,#1530);
#1261=LINE('',#5674,#1531);
#1262=LINE('',#5675,#1532);
#1263=LINE('',#5679,#1533);
#1264=LINE('',#5685,#1534);
#1265=LINE('',#5686,#1535);
#1266=LINE('',#5687,#1536);
#1267=LINE('',#5691,#1537);
#1268=LINE('',#5697,#1538);
#1269=LINE('',#5698,#1539);
#1270=LINE('',#5699,#1540);
#1271=LINE('',#5703,#1541);
#1272=LINE('',#5709,#1542);
#1273=LINE('',#5710,#1543);
#1274=LINE('',#5711,#1544);
#1275=LINE('',#5715,#1545);
#1276=LINE('',#5721,#1546);
#1277=LINE('',#5722,#1547);
#1278=LINE('',#5723,#1548);
#1279=LINE('',#5727,#1549);
#1280=LINE('',#5732,#1550);
#1281=LINE('',#5733,#1551);
#1282=LINE('',#5734,#1552);
#1283=LINE('',#5737,#1553);
#1284=LINE('',#5742,#1554);
#1285=LINE('',#5743,#1555);
#1286=LINE('',#5744,#1556);
#1287=LINE('',#5748,#1557);
#1288=LINE('',#5754,#1558);
#1289=LINE('',#5755,#1559);
#1290=LINE('',#5756,#1560);
#1291=LINE('',#5760,#1561);
#1292=LINE('',#5766,#1562);
#1293=LINE('',#5767,#1563);
#1294=LINE('',#5768,#1564);
#1295=LINE('',#5772,#1565);
#1296=LINE('',#5778,#1566);
#1297=LINE('',#5779,#1567);
#1298=LINE('',#5780,#1568);
#1299=LINE('',#5784,#1569);
#1300=LINE('',#5790,#1570);
#1301=LINE('',#5791,#1571);
#1302=LINE('',#5792,#1572);
#1303=LINE('',#5796,#1573);
#1304=LINE('',#5802,#1574);
#1305=LINE('',#5803,#1575);
#1306=LINE('',#5804,#1576);
#1307=LINE('',#5808,#1577);
#1308=LINE('',#5812,#1578);
#1309=LINE('',#5813,#1579);
#1310=LINE('',#5819,#1580);
#1311=LINE('',#5820,#1581);
#1312=LINE('',#5822,#1582);
#1313=LINE('',#5824,#1583);
#1314=LINE('',#5825,#1584);
#1315=LINE('',#5827,#1585);
#1316=LINE('',#5829,#1586);
#1317=LINE('',#5833,#1587);
#1318=LINE('',#5835,#1588);
#1319=LINE('',#5839,#1589);
#1320=LINE('',#5841,#1590);
#1321=LINE('',#5845,#1591);
#1322=LINE('',#5849,#1592);
#1323=LINE('',#5853,#1593);
#1324=LINE('',#5856,#1594);
#1325=LINE('',#5858,#1595);
#1326=LINE('',#5862,#1596);
#1327=LINE('',#5866,#1597);
#1328=LINE('',#5868,#1598);
#1329=LINE('',#5872,#1599);
#1330=LINE('',#5873,#1600);
#1331=LINE('',#5955,#1601);
#1332=VECTOR('',#3962,10.);
#1333=VECTOR('',#3963,10.);
#1334=VECTOR('',#3964,10.);
#1335=VECTOR('',#3965,10.);
#1336=VECTOR('',#3968,10.);
#1337=VECTOR('',#3969,10.);
#1338=VECTOR('',#3970,10.);
#1339=VECTOR('',#3973,10.);
#1340=VECTOR('',#3974,10.);
#1341=VECTOR('',#3975,10.);
#1342=VECTOR('',#3978,10.);
#1343=VECTOR('',#3979,10.);
#1344=VECTOR('',#3980,10.);
#1345=VECTOR('',#3983,10.);
#1346=VECTOR('',#3984,10.);
#1347=VECTOR('',#3985,10.);
#1348=VECTOR('',#3988,10.);
#1349=VECTOR('',#3989,10.);
#1350=VECTOR('',#3990,10.);
#1351=VECTOR('',#3993,10.);
#1352=VECTOR('',#3994,10.);
#1353=VECTOR('',#3995,10.);
#1354=VECTOR('',#3998,10.);
#1355=VECTOR('',#3999,10.);
#1356=VECTOR('',#4002,10.);
#1357=VECTOR('',#4003,10.);
#1358=VECTOR('',#4004,10.);
#1359=VECTOR('',#4007,10.);
#1360=VECTOR('',#4008,10.);
#1361=VECTOR('',#4011,10.);
#1362=VECTOR('',#4012,10.);
#1363=VECTOR('',#4015,10.);
#1364=VECTOR('',#4016,10.);
#1365=VECTOR('',#4019,10.);
#1366=VECTOR('',#4020,10.);
#1367=VECTOR('',#4021,10.);
#1368=VECTOR('',#4022,10.);
#1369=VECTOR('',#4025,10.);
#1370=VECTOR('',#4026,10.);
#1371=VECTOR('',#4027,10.);
#1372=VECTOR('',#4028,10.);
#1373=VECTOR('',#4031,10.);
#1374=VECTOR('',#4032,10.);
#1375=VECTOR('',#4033,10.);
#1376=VECTOR('',#4036,10.);
#1377=VECTOR('',#4037,10.);
#1378=VECTOR('',#4040,10.);
#1379=VECTOR('',#4041,10.);
#1380=VECTOR('',#4044,10.);
#1381=VECTOR('',#4045,10.);
#1382=VECTOR('',#4048,10.);
#1383=VECTOR('',#4049,10.);
#1384=VECTOR('',#4052,10.);
#1385=VECTOR('',#4053,10.);
#1386=VECTOR('',#4054,10.);
#1387=VECTOR('',#4057,10.);
#1388=VECTOR('',#4058,10.);
#1389=VECTOR('',#4061,10.);
#1390=VECTOR('',#4064,10.);
#1391=VECTOR('',#4067,10.);
#1392=VECTOR('',#4070,10.);
#1393=VECTOR('',#4071,10.);
#1394=VECTOR('',#4072,10.);
#1395=VECTOR('',#4073,10.);
#1396=VECTOR('',#4078,10.);
#1397=VECTOR('',#4079,10.);
#1398=VECTOR('',#4082,10.);
#1399=VECTOR('',#4085,10.);
#1400=VECTOR('',#4092,10.);
#1401=VECTOR('',#4093,10.);
#1402=VECTOR('',#4094,10.);
#1403=VECTOR('',#4095,10.);
#1404=VECTOR('',#4098,10.);
#1405=VECTOR('',#4099,10.);
#1406=VECTOR('',#4100,10.);
#1407=VECTOR('',#4103,10.);
#1408=VECTOR('',#4104,10.);
#1409=VECTOR('',#4105,10.);
#1410=VECTOR('',#4108,10.);
#1411=VECTOR('',#4109,10.);
#1412=VECTOR('',#4112,10.);
#1413=VECTOR('',#4113,10.);
#1414=VECTOR('',#4114,10.);
#1415=VECTOR('',#4117,10.);
#1416=VECTOR('',#4118,10.);
#1417=VECTOR('',#4123,10.);
#1418=VECTOR('',#4124,10.);
#1419=VECTOR('',#4125,10.);
#1420=VECTOR('',#4128,10.);
#1421=VECTOR('',#4129,10.);
#1422=VECTOR('',#4132,10.);
#1423=VECTOR('',#4133,10.);
#1424=VECTOR('',#4134,10.);
#1425=VECTOR('',#4137,10.);
#1426=VECTOR('',#4138,10.);
#1427=VECTOR('',#4141,10.);
#1428=VECTOR('',#4174,0.875000000000001);
#1429=VECTOR('',#4181,0.875000000000001);
#1430=VECTOR('',#4188,0.875000000000001);
#1431=VECTOR('',#4195,0.875000000000001);
#1432=VECTOR('',#4202,0.875000000000001);
#1433=VECTOR('',#4209,0.875000000000001);
#1434=VECTOR('',#4216,0.875000000000001);
#1435=VECTOR('',#4223,0.875000000000001);
#1436=VECTOR('',#4230,0.875000000000001);
#1437=VECTOR('',#4235,1000.);
#1438=VECTOR('',#4236,1000.);
#1439=VECTOR('',#4237,1000.);
#1440=VECTOR('',#4238,1000.);
#1441=VECTOR('',#4241,1000.);
#1442=VECTOR('',#4242,1000.);
#1443=VECTOR('',#4243,1000.);
#1444=VECTOR('',#4246,1000.);
#1445=VECTOR('',#4247,1000.);
#1446=VECTOR('',#4248,1000.);
#1447=VECTOR('',#4251,1000.);
#1448=VECTOR('',#4252,1000.);
#1449=VECTOR('',#4253,1000.);
#1450=VECTOR('',#4254,1000.);
#1451=VECTOR('',#4257,1000.);
#1452=VECTOR('',#4258,1000.);
#1453=VECTOR('',#4259,1000.);
#1454=VECTOR('',#4262,1000.);
#1455=VECTOR('',#4263,1000.);
#1456=VECTOR('',#4264,1000.);
#1457=VECTOR('',#4267,1000.);
#1458=VECTOR('',#4268,1000.);
#1459=VECTOR('',#4271,1000.);
#1460=VECTOR('',#4272,1000.);
#1461=VECTOR('',#4281,0.475000000000002);
#1462=VECTOR('',#4286,1000.);
#1463=VECTOR('',#4287,1000.);
#1464=VECTOR('',#4288,1000.);
#1465=VECTOR('',#4289,1000.);
#1466=VECTOR('',#4292,1000.);
#1467=VECTOR('',#4293,1000.);
#1468=VECTOR('',#4294,1000.);
#1469=VECTOR('',#4297,1000.);
#1470=VECTOR('',#4298,1000.);
#1471=VECTOR('',#4299,1000.);
#1472=VECTOR('',#4302,1000.);
#1473=VECTOR('',#4303,1000.);
#1474=VECTOR('',#4312,0.875000000000001);
#1475=VECTOR('',#4319,0.475);
#1476=VECTOR('',#4330,0.875000000000001);
#1477=VECTOR('',#4337,0.475);
#1478=VECTOR('',#4348,0.875000000000001);
#1479=VECTOR('',#4355,0.475);
#1480=VECTOR('',#4366,0.875000000000001);
#1481=VECTOR('',#4373,0.475);
#1482=VECTOR('',#4384,0.875000000000001);
#1483=VECTOR('',#4391,0.475);
#1484=VECTOR('',#4402,0.475);
#1485=VECTOR('',#4409,0.875000000000001);
#1486=VECTOR('',#4420,0.475);
#1487=VECTOR('',#4427,0.875000000000001);
#1488=VECTOR('',#4438,0.475);
#1489=VECTOR('',#4445,0.875000000000001);
#1490=VECTOR('',#4456,0.475);
#1491=VECTOR('',#4463,0.875000000000001);
#1492=VECTOR('',#4474,5.57940024030856);
#1493=VECTOR('',#4527,0.615734104377539);
#1494=VECTOR('',#4530,0.615);
#1495=VECTOR('',#4533,0.614999999999999);
#1496=VECTOR('',#4566,1000.);
#1497=VECTOR('',#4569,1000.);
#1498=VECTOR('',#4574,1000.);
#1499=VECTOR('',#4575,1000.);
#1500=VECTOR('',#4576,1000.);
#1501=VECTOR('',#4579,1000.);
#1502=VECTOR('',#4584,1000.);
#1503=VECTOR('',#4585,1000.);
#1504=VECTOR('',#4586,1000.);
#1505=VECTOR('',#4589,1000.);
#1506=VECTOR('',#4596,1000.);
#1507=VECTOR('',#4597,1000.);
#1508=VECTOR('',#4598,1000.);
#1509=VECTOR('',#4601,1000.);
#1510=VECTOR('',#4608,1000.);
#1511=VECTOR('',#4609,1000.);
#1512=VECTOR('',#4610,1000.);
#1513=VECTOR('',#4613,1000.);
#1514=VECTOR('',#4618,1000.);
#1515=VECTOR('',#4619,1000.);
#1516=VECTOR('',#4620,1000.);
#1517=VECTOR('',#4623,1000.);
#1518=VECTOR('',#4630,1000.);
#1519=VECTOR('',#4631,1000.);
#1520=VECTOR('',#4632,1000.);
#1521=VECTOR('',#4635,1000.);
#1522=VECTOR('',#4642,1000.);
#1523=VECTOR('',#4643,1000.);
#1524=VECTOR('',#4644,1000.);
#1525=VECTOR('',#4647,1000.);
#1526=VECTOR('',#4654,1000.);
#1527=VECTOR('',#4655,1000.);
#1528=VECTOR('',#4656,1000.);
#1529=VECTOR('',#4659,1000.);
#1530=VECTOR('',#4666,1000.);
#1531=VECTOR('',#4667,1000.);
#1532=VECTOR('',#4668,1000.);
#1533=VECTOR('',#4671,1000.);
#1534=VECTOR('',#4678,1000.);
#1535=VECTOR('',#4679,1000.);
#1536=VECTOR('',#4680,1000.);
#1537=VECTOR('',#4683,1000.);
#1538=VECTOR('',#4690,1000.);
#1539=VECTOR('',#4691,1000.);
#1540=VECTOR('',#4692,1000.);
#1541=VECTOR('',#4695,1000.);
#1542=VECTOR('',#4702,1000.);
#1543=VECTOR('',#4703,1000.);
#1544=VECTOR('',#4704,1000.);
#1545=VECTOR('',#4707,1000.);
#1546=VECTOR('',#4714,1000.);
#1547=VECTOR('',#4715,1000.);
#1548=VECTOR('',#4716,1000.);
#1549=VECTOR('',#4719,1000.);
#1550=VECTOR('',#4726,1000.);
#1551=VECTOR('',#4727,1000.);
#1552=VECTOR('',#4728,1000.);
#1553=VECTOR('',#4731,1000.);
#1554=VECTOR('',#4736,1000.);
#1555=VECTOR('',#4737,1000.);
#1556=VECTOR('',#4738,1000.);
#1557=VECTOR('',#4741,1000.);
#1558=VECTOR('',#4748,1000.);
#1559=VECTOR('',#4749,1000.);
#1560=VECTOR('',#4750,1000.);
#1561=VECTOR('',#4753,1000.);
#1562=VECTOR('',#4760,1000.);
#1563=VECTOR('',#4761,1000.);
#1564=VECTOR('',#4762,1000.);
#1565=VECTOR('',#4765,1000.);
#1566=VECTOR('',#4772,1000.);
#1567=VECTOR('',#4773,1000.);
#1568=VECTOR('',#4774,1000.);
#1569=VECTOR('',#4777,1000.);
#1570=VECTOR('',#4784,1000.);
#1571=VECTOR('',#4785,1000.);
#1572=VECTOR('',#4786,1000.);
#1573=VECTOR('',#4789,1000.);
#1574=VECTOR('',#4796,1000.);
#1575=VECTOR('',#4797,1000.);
#1576=VECTOR('',#4798,1000.);
#1577=VECTOR('',#4801,1000.);
#1578=VECTOR('',#4808,1000.);
#1579=VECTOR('',#4809,1000.);
#1580=VECTOR('',#4814,1000.);
#1581=VECTOR('',#4815,1000.);
#1582=VECTOR('',#4816,1000.);
#1583=VECTOR('',#4817,1000.);
#1584=VECTOR('',#4818,1000.);
#1585=VECTOR('',#4819,1000.);
#1586=VECTOR('',#4820,1000.);
#1587=VECTOR('',#4823,1000.);
#1588=VECTOR('',#4824,1000.);
#1589=VECTOR('',#4827,1000.);
#1590=VECTOR('',#4828,1000.);
#1591=VECTOR('',#4831,1000.);
#1592=VECTOR('',#4834,1000.);
#1593=VECTOR('',#4837,1000.);
#1594=VECTOR('',#4840,1000.);
#1595=VECTOR('',#4841,1000.);
#1596=VECTOR('',#4844,1000.);
#1597=VECTOR('',#4847,1000.);
#1598=VECTOR('',#4848,1000.);
#1599=VECTOR('',#4851,1000.);
#1600=VECTOR('',#4852,1000.);
#1601=VECTOR('',#5011,5.57940024030856);
#1602=VERTEX_POINT('',#5026);
#1603=VERTEX_POINT('',#5027);
#1604=VERTEX_POINT('',#5029);
#1605=VERTEX_POINT('',#5031);
#1606=VERTEX_POINT('',#5035);
#1607=VERTEX_POINT('',#5037);
#1608=VERTEX_POINT('',#5041);
#1609=VERTEX_POINT('',#5043);
#1610=VERTEX_POINT('',#5047);
#1611=VERTEX_POINT('',#5049);
#1612=VERTEX_POINT('',#5053);
#1613=VERTEX_POINT('',#5055);
#1614=VERTEX_POINT('',#5059);
#1615=VERTEX_POINT('',#5061);
#1616=VERTEX_POINT('',#5065);
#1617=VERTEX_POINT('',#5067);
#1618=VERTEX_POINT('',#5074);
#1619=VERTEX_POINT('',#5076);
#1620=VERTEX_POINT('',#5080);
#1621=VERTEX_POINT('',#5084);
#1622=VERTEX_POINT('',#5088);
#1623=VERTEX_POINT('',#5092);
#1624=VERTEX_POINT('',#5093);
#1625=VERTEX_POINT('',#5095);
#1626=VERTEX_POINT('',#5097);
#1627=VERTEX_POINT('',#5101);
#1628=VERTEX_POINT('',#5102);
#1629=VERTEX_POINT('',#5104);
#1630=VERTEX_POINT('',#5106);
#1631=VERTEX_POINT('',#5110);
#1632=VERTEX_POINT('',#5115);
#1633=VERTEX_POINT('',#5119);
#1634=VERTEX_POINT('',#5123);
#1635=VERTEX_POINT('',#5127);
#1636=VERTEX_POINT('',#5131);
#1637=VERTEX_POINT('',#5133);
#1638=VERTEX_POINT('',#5146);
#1639=VERTEX_POINT('',#5147);
#1640=VERTEX_POINT('',#5149);
#1641=VERTEX_POINT('',#5151);
#1642=VERTEX_POINT('',#5165);
#1643=VERTEX_POINT('',#5166);
#1644=VERTEX_POINT('',#5168);
#1645=VERTEX_POINT('',#5170);
#1646=VERTEX_POINT('',#5174);
#1647=VERTEX_POINT('',#5176);
#1648=VERTEX_POINT('',#5180);
#1649=VERTEX_POINT('',#5182);
#1650=VERTEX_POINT('',#5189);
#1651=VERTEX_POINT('',#5191);
#1652=VERTEX_POINT('',#5195);
#1653=VERTEX_POINT('',#5200);
#1654=VERTEX_POINT('',#5201);
#1655=VERTEX_POINT('',#5206);
#1656=VERTEX_POINT('',#5210);
#1657=VERTEX_POINT('',#5212);
#1658=VERTEX_POINT('',#5235);
#1659=VERTEX_POINT('',#5237);
#1660=VERTEX_POINT('',#5241);
#1661=VERTEX_POINT('',#5243);
#1662=VERTEX_POINT('',#5247);
#1663=VERTEX_POINT('',#5249);
#1664=VERTEX_POINT('',#5253);
#1665=VERTEX_POINT('',#5255);
#1666=VERTEX_POINT('',#5259);
#1667=VERTEX_POINT('',#5261);
#1668=VERTEX_POINT('',#5265);
#1669=VERTEX_POINT('',#5267);
#1670=VERTEX_POINT('',#5271);
#1671=VERTEX_POINT('',#5273);
#1672=VERTEX_POINT('',#5277);
#1673=VERTEX_POINT('',#5279);
#1674=VERTEX_POINT('',#5283);
#1675=VERTEX_POINT('',#5285);
#1676=VERTEX_POINT('',#5289);
#1677=VERTEX_POINT('',#5290);
#1678=VERTEX_POINT('',#5292);
#1679=VERTEX_POINT('',#5294);
#1680=VERTEX_POINT('',#5298);
#1681=VERTEX_POINT('',#5300);
#1682=VERTEX_POINT('',#5304);
#1683=VERTEX_POINT('',#5306);
#1684=VERTEX_POINT('',#5310);
#1685=VERTEX_POINT('',#5311);
#1686=VERTEX_POINT('',#5313);
#1687=VERTEX_POINT('',#5315);
#1688=VERTEX_POINT('',#5319);
#1689=VERTEX_POINT('',#5321);
#1690=VERTEX_POINT('',#5325);
#1691=VERTEX_POINT('',#5327);
#1692=VERTEX_POINT('',#5339);
#1693=VERTEX_POINT('',#5341);
#1694=VERTEX_POINT('',#5345);
#1695=VERTEX_POINT('',#5346);
#1696=VERTEX_POINT('',#5348);
#1697=VERTEX_POINT('',#5350);
#1698=VERTEX_POINT('',#5354);
#1699=VERTEX_POINT('',#5356);
#1700=VERTEX_POINT('',#5360);
#1701=VERTEX_POINT('',#5362);
#1702=VERTEX_POINT('',#5371);
#1703=VERTEX_POINT('',#5373);
#1704=VERTEX_POINT('',#5377);
#1705=VERTEX_POINT('',#5379);
#1706=VERTEX_POINT('',#5385);
#1707=VERTEX_POINT('',#5387);
#1708=VERTEX_POINT('',#5391);
#1709=VERTEX_POINT('',#5393);
#1710=VERTEX_POINT('',#5399);
#1711=VERTEX_POINT('',#5401);
#1712=VERTEX_POINT('',#5405);
#1713=VERTEX_POINT('',#5407);
#1714=VERTEX_POINT('',#5413);
#1715=VERTEX_POINT('',#5415);
#1716=VERTEX_POINT('',#5419);
#1717=VERTEX_POINT('',#5421);
#1718=VERTEX_POINT('',#5427);
#1719=VERTEX_POINT('',#5429);
#1720=VERTEX_POINT('',#5433);
#1721=VERTEX_POINT('',#5435);
#1722=VERTEX_POINT('',#5441);
#1723=VERTEX_POINT('',#5443);
#1724=VERTEX_POINT('',#5447);
#1725=VERTEX_POINT('',#5449);
#1726=VERTEX_POINT('',#5455);
#1727=VERTEX_POINT('',#5457);
#1728=VERTEX_POINT('',#5461);
#1729=VERTEX_POINT('',#5463);
#1730=VERTEX_POINT('',#5469);
#1731=VERTEX_POINT('',#5471);
#1732=VERTEX_POINT('',#5475);
#1733=VERTEX_POINT('',#5477);
#1734=VERTEX_POINT('',#5483);
#1735=VERTEX_POINT('',#5485);
#1736=VERTEX_POINT('',#5489);
#1737=VERTEX_POINT('',#5491);
#1738=VERTEX_POINT('',#5497);
#1739=VERTEX_POINT('',#5499);
#1740=VERTEX_POINT('',#5503);
#1741=VERTEX_POINT('',#5505);
#1742=VERTEX_POINT('',#5509);
#1743=VERTEX_POINT('',#5511);
#1744=VERTEX_POINT('',#5515);
#1745=VERTEX_POINT('',#5517);
#1746=VERTEX_POINT('',#5521);
#1747=VERTEX_POINT('',#5523);
#1748=VERTEX_POINT('',#5527);
#1749=VERTEX_POINT('',#5529);
#1750=VERTEX_POINT('',#5533);
#1751=VERTEX_POINT('',#5535);
#1752=VERTEX_POINT('',#5545);
#1753=VERTEX_POINT('',#5546);
#1754=VERTEX_POINT('',#5548);
#1755=VERTEX_POINT('',#5550);
#1756=VERTEX_POINT('',#5554);
#1757=VERTEX_POINT('',#5555);
#1758=VERTEX_POINT('',#5557);
#1759=VERTEX_POINT('',#5559);
#1760=VERTEX_POINT('',#5563);
#1761=VERTEX_POINT('',#5564);
#1762=VERTEX_POINT('',#5566);
#1763=VERTEX_POINT('',#5568);
#1764=VERTEX_POINT('',#5572);
#1765=VERTEX_POINT('',#5573);
#1766=VERTEX_POINT('',#5575);
#1767=VERTEX_POINT('',#5577);
#1768=VERTEX_POINT('',#5581);
#1769=VERTEX_POINT('',#5586);
#1770=VERTEX_POINT('',#5590);
#1771=VERTEX_POINT('',#5591);
#1772=VERTEX_POINT('',#5596);
#1773=VERTEX_POINT('',#5597);
#1774=VERTEX_POINT('',#5602);
#1775=VERTEX_POINT('',#5603);
#1776=VERTEX_POINT('',#5608);
#1777=VERTEX_POINT('',#5609);
#1778=VERTEX_POINT('',#5614);
#1779=VERTEX_POINT('',#5619);
#1780=VERTEX_POINT('',#5623);
#1781=VERTEX_POINT('',#5624);
#1782=VERTEX_POINT('',#5629);
#1783=VERTEX_POINT('',#5630);
#1784=VERTEX_POINT('',#5635);
#1785=VERTEX_POINT('',#5636);
#1786=VERTEX_POINT('',#5641);
#1787=VERTEX_POINT('',#5642);
#1788=VERTEX_POINT('',#5647);
#1789=VERTEX_POINT('',#5648);
#1790=VERTEX_POINT('',#5653);
#1791=VERTEX_POINT('',#5654);
#1792=VERTEX_POINT('',#5659);
#1793=VERTEX_POINT('',#5660);
#1794=VERTEX_POINT('',#5665);
#1795=VERTEX_POINT('',#5666);
#1796=VERTEX_POINT('',#5671);
#1797=VERTEX_POINT('',#5672);
#1798=VERTEX_POINT('',#5677);
#1799=VERTEX_POINT('',#5678);
#1800=VERTEX_POINT('',#5683);
#1801=VERTEX_POINT('',#5684);
#1802=VERTEX_POINT('',#5689);
#1803=VERTEX_POINT('',#5690);
#1804=VERTEX_POINT('',#5695);
#1805=VERTEX_POINT('',#5696);
#1806=VERTEX_POINT('',#5701);
#1807=VERTEX_POINT('',#5702);
#1808=VERTEX_POINT('',#5707);
#1809=VERTEX_POINT('',#5708);
#1810=VERTEX_POINT('',#5713);
#1811=VERTEX_POINT('',#5714);
#1812=VERTEX_POINT('',#5719);
#1813=VERTEX_POINT('',#5720);
#1814=VERTEX_POINT('',#5725);
#1815=VERTEX_POINT('',#5726);
#1816=VERTEX_POINT('',#5731);
#1817=VERTEX_POINT('',#5736);
#1818=VERTEX_POINT('',#5740);
#1819=VERTEX_POINT('',#5741);
#1820=VERTEX_POINT('',#5746);
#1821=VERTEX_POINT('',#5747);
#1822=VERTEX_POINT('',#5752);
#1823=VERTEX_POINT('',#5753);
#1824=VERTEX_POINT('',#5758);
#1825=VERTEX_POINT('',#5759);
#1826=VERTEX_POINT('',#5764);
#1827=VERTEX_POINT('',#5765);
#1828=VERTEX_POINT('',#5770);
#1829=VERTEX_POINT('',#5771);
#1830=VERTEX_POINT('',#5776);
#1831=VERTEX_POINT('',#5777);
#1832=VERTEX_POINT('',#5782);
#1833=VERTEX_POINT('',#5783);
#1834=VERTEX_POINT('',#5788);
#1835=VERTEX_POINT('',#5789);
#1836=VERTEX_POINT('',#5794);
#1837=VERTEX_POINT('',#5795);
#1838=VERTEX_POINT('',#5800);
#1839=VERTEX_POINT('',#5801);
#1840=VERTEX_POINT('',#5806);
#1841=VERTEX_POINT('',#5807);
#1842=VERTEX_POINT('',#5815);
#1843=VERTEX_POINT('',#5816);
#1844=VERTEX_POINT('',#5818);
#1845=VERTEX_POINT('',#5821);
#1846=VERTEX_POINT('',#5823);
#1847=VERTEX_POINT('',#5826);
#1848=VERTEX_POINT('',#5828);
#1849=VERTEX_POINT('',#5830);
#1850=VERTEX_POINT('',#5832);
#1851=VERTEX_POINT('',#5834);
#1852=VERTEX_POINT('',#5836);
#1853=VERTEX_POINT('',#5838);
#1854=VERTEX_POINT('',#5840);
#1855=VERTEX_POINT('',#5842);
#1856=VERTEX_POINT('',#5844);
#1857=VERTEX_POINT('',#5846);
#1858=VERTEX_POINT('',#5848);
#1859=VERTEX_POINT('',#5850);
#1860=VERTEX_POINT('',#5852);
#1861=VERTEX_POINT('',#5854);
#1862=VERTEX_POINT('',#5857);
#1863=VERTEX_POINT('',#5859);
#1864=VERTEX_POINT('',#5861);
#1865=VERTEX_POINT('',#5863);
#1866=VERTEX_POINT('',#5865);
#1867=VERTEX_POINT('',#5867);
#1868=VERTEX_POINT('',#5869);
#1869=VERTEX_POINT('',#5871);
#1870=VERTEX_POINT('',#5952);
#1871=VERTEX_POINT('',#5954);
#1872=EDGE_CURVE('',#1602,#1603,#1062,.T.);
#1873=EDGE_CURVE('',#1603,#1604,#1063,.T.);
#1874=EDGE_CURVE('',#1604,#1605,#1064,.T.);
#1875=EDGE_CURVE('',#1602,#1605,#1065,.T.);
#1876=EDGE_CURVE('',#1603,#1606,#1066,.T.);
#1877=EDGE_CURVE('',#1606,#1607,#1067,.T.);
#1878=EDGE_CURVE('',#1607,#1604,#1068,.T.);
#1879=EDGE_CURVE('',#1606,#1608,#1069,.T.);
#1880=EDGE_CURVE('',#1608,#1609,#1070,.T.);
#1881=EDGE_CURVE('',#1609,#1607,#1071,.T.);
#1882=EDGE_CURVE('',#1608,#1610,#1072,.T.);
#1883=EDGE_CURVE('',#1610,#1611,#1073,.T.);
#1884=EDGE_CURVE('',#1611,#1609,#1074,.T.);
#1885=EDGE_CURVE('',#1610,#1612,#1075,.T.);
#1886=EDGE_CURVE('',#1612,#1613,#1076,.T.);
#1887=EDGE_CURVE('',#1613,#1611,#1077,.T.);
#1888=EDGE_CURVE('',#1614,#1613,#1078,.T.);
#1889=EDGE_CURVE('',#1612,#1615,#1079,.T.);
#1890=EDGE_CURVE('',#1615,#1614,#1080,.T.);
#1891=EDGE_CURVE('',#1616,#1614,#1081,.T.);
#1892=EDGE_CURVE('',#1615,#1617,#1082,.T.);
#1893=EDGE_CURVE('',#1617,#1616,#1083,.T.);
#1894=EDGE_CURVE('',#1605,#1616,#1084,.T.);
#1895=EDGE_CURVE('',#1617,#1602,#1085,.T.);
#1896=EDGE_CURVE('',#1614,#1618,#1086,.T.);
#1897=EDGE_CURVE('',#1619,#1618,#1087,.T.);
#1898=EDGE_CURVE('',#1619,#1613,#1088,.T.);
#1899=EDGE_CURVE('',#1620,#1616,#1089,.T.);
#1900=EDGE_CURVE('',#1618,#1620,#1090,.T.);
#1901=EDGE_CURVE('',#1605,#1621,#1091,.T.);
#1902=EDGE_CURVE('',#1620,#1621,#1092,.T.);
#1903=EDGE_CURVE('',#1622,#1604,#1093,.T.);
#1904=EDGE_CURVE('',#1621,#1622,#1094,.T.);
#1905=EDGE_CURVE('',#1623,#1624,#1095,.T.);
#1906=EDGE_CURVE('',#1624,#1625,#1096,.T.);
#1907=EDGE_CURVE('',#1625,#1626,#1097,.T.);
#1908=EDGE_CURVE('',#1626,#1623,#1098,.T.);
#1909=EDGE_CURVE('',#1627,#1628,#1099,.T.);
#1910=EDGE_CURVE('',#1628,#1629,#1100,.T.);
#1911=EDGE_CURVE('',#1629,#1630,#1101,.T.);
#1912=EDGE_CURVE('',#1627,#1630,#1102,.T.);
#1913=EDGE_CURVE('',#1628,#1631,#1103,.T.);
#1914=EDGE_CURVE('',#1631,#1622,#1104,.T.);
#1915=EDGE_CURVE('',#1622,#1629,#1105,.T.);
#1916=EDGE_CURVE('',#1631,#1632,#1106,.T.);
#1917=EDGE_CURVE('',#1632,#1621,#1107,.T.);
#1918=EDGE_CURVE('',#1632,#1633,#1108,.T.);
#1919=EDGE_CURVE('',#1633,#1620,#1109,.T.);
#1920=EDGE_CURVE('',#1633,#1634,#1110,.T.);
#1921=EDGE_CURVE('',#1634,#1618,#1111,.T.);
#1922=EDGE_CURVE('',#1634,#1635,#1112,.T.);
#1923=EDGE_CURVE('',#1635,#1619,#1113,.T.);
#1924=EDGE_CURVE('',#1636,#1619,#1114,.T.);
#1925=EDGE_CURVE('',#1635,#1637,#1115,.T.);
#1926=EDGE_CURVE('',#1637,#1636,#1116,.T.);
#1927=EDGE_CURVE('',#1630,#1636,#1117,.T.);
#1928=EDGE_CURVE('',#1637,#1627,#1118,.T.);
#1929=EDGE_CURVE('',#1611,#1636,#1119,.T.);
#1930=EDGE_CURVE('',#1630,#1609,#1120,.T.);
#1931=EDGE_CURVE('',#1607,#1629,#1121,.T.);
#1932=EDGE_CURVE('',#1638,#1639,#1122,.T.);
#1933=EDGE_CURVE('',#1640,#1638,#1123,.T.);
#1934=EDGE_CURVE('',#1641,#1640,#1124,.T.);
#1935=EDGE_CURVE('',#1639,#1641,#1125,.T.);
#1936=EDGE_CURVE('',#1638,#1623,#1126,.T.);
#1937=EDGE_CURVE('',#1640,#1626,#1127,.T.);
#1938=EDGE_CURVE('',#1641,#1625,#1128,.T.);
#1939=EDGE_CURVE('',#1639,#1624,#1129,.T.);
#1940=EDGE_CURVE('',#1642,#1643,#1130,.T.);
#1941=EDGE_CURVE('',#1643,#1644,#1131,.T.);
#1942=EDGE_CURVE('',#1644,#1645,#1132,.T.);
#1943=EDGE_CURVE('',#1642,#1645,#1133,.T.);
#1944=EDGE_CURVE('',#1643,#1646,#1134,.T.);
#1945=EDGE_CURVE('',#1646,#1647,#1135,.T.);
#1946=EDGE_CURVE('',#1647,#1644,#1136,.T.);
#1947=EDGE_CURVE('',#1646,#1648,#1137,.T.);
#1948=EDGE_CURVE('',#1648,#1649,#1138,.T.);
#1949=EDGE_CURVE('',#1649,#1647,#1139,.T.);
#1950=EDGE_CURVE('',#1645,#1649,#1140,.T.);
#1951=EDGE_CURVE('',#1648,#1642,#1141,.T.);
#1952=EDGE_CURVE('',#1650,#1645,#1142,.T.);
#1953=EDGE_CURVE('',#1651,#1650,#1143,.T.);
#1954=EDGE_CURVE('',#1651,#1649,#1144,.T.);
#1955=EDGE_CURVE('',#1652,#1644,#1145,.T.);
#1956=EDGE_CURVE('',#1650,#1652,#1146,.T.);
#1957=EDGE_CURVE('',#1653,#1654,#1147,.T.);
#1958=EDGE_CURVE('',#1654,#1650,#1148,.T.);
#1959=EDGE_CURVE('',#1653,#1652,#1149,.T.);
#1960=EDGE_CURVE('',#1654,#1655,#1150,.T.);
#1961=EDGE_CURVE('',#1655,#1651,#1151,.T.);
#1962=EDGE_CURVE('',#1655,#1656,#1152,.T.);
#1963=EDGE_CURVE('',#1656,#1657,#1153,.T.);
#1964=EDGE_CURVE('',#1657,#1651,#1154,.T.);
#1965=EDGE_CURVE('',#1652,#1657,#1155,.T.);
#1966=EDGE_CURVE('',#1656,#1653,#1156,.T.);
#1967=EDGE_CURVE('',#1647,#1657,#1157,.T.);
#1968=EDGE_CURVE('',#1658,#1658,#53,.T.);
#1969=EDGE_CURVE('',#1658,#1659,#1158,.T.);
#1970=EDGE_CURVE('',#1659,#1659,#54,.T.);
#1971=EDGE_CURVE('',#1660,#1660,#55,.T.);
#1972=EDGE_CURVE('',#1660,#1661,#1159,.T.);
#1973=EDGE_CURVE('',#1661,#1661,#56,.T.);
#1974=EDGE_CURVE('',#1662,#1662,#57,.T.);
#1975=EDGE_CURVE('',#1662,#1663,#1160,.T.);
#1976=EDGE_CURVE('',#1663,#1663,#58,.T.);
#1977=EDGE_CURVE('',#1664,#1664,#59,.T.);
#1978=EDGE_CURVE('',#1664,#1665,#1161,.T.);
#1979=EDGE_CURVE('',#1665,#1665,#60,.T.);
#1980=EDGE_CURVE('',#1666,#1666,#61,.T.);
#1981=EDGE_CURVE('',#1666,#1667,#1162,.T.);
#1982=EDGE_CURVE('',#1667,#1667,#62,.T.);
#1983=EDGE_CURVE('',#1668,#1668,#63,.T.);
#1984=EDGE_CURVE('',#1668,#1669,#1163,.T.);
#1985=EDGE_CURVE('',#1669,#1669,#64,.T.);
#1986=EDGE_CURVE('',#1670,#1670,#65,.T.);
#1987=EDGE_CURVE('',#1670,#1671,#1164,.T.);
#1988=EDGE_CURVE('',#1671,#1671,#66,.T.);
#1989=EDGE_CURVE('',#1672,#1672,#67,.T.);
#1990=EDGE_CURVE('',#1672,#1673,#1165,.T.);
#1991=EDGE_CURVE('',#1673,#1673,#68,.T.);
#1992=EDGE_CURVE('',#1674,#1674,#69,.T.);
#1993=EDGE_CURVE('',#1674,#1675,#1166,.T.);
#1994=EDGE_CURVE('',#1675,#1675,#70,.T.);
#1995=EDGE_CURVE('',#1676,#1677,#1167,.T.);
#1996=EDGE_CURVE('',#1678,#1676,#1168,.T.);
#1997=EDGE_CURVE('',#1678,#1679,#1169,.T.);
#1998=EDGE_CURVE('',#1679,#1677,#1170,.T.);
#1999=EDGE_CURVE('',#1680,#1676,#1171,.T.);
#2000=EDGE_CURVE('',#1681,#1680,#1172,.T.);
#2001=EDGE_CURVE('',#1681,#1678,#1173,.T.);
#2002=EDGE_CURVE('',#1680,#1682,#1174,.T.);
#2003=EDGE_CURVE('',#1683,#1682,#1175,.T.);
#2004=EDGE_CURVE('',#1681,#1683,#1176,.T.);
#2005=EDGE_CURVE('',#1684,#1685,#1177,.T.);
#2006=EDGE_CURVE('',#1686,#1684,#1178,.T.);
#2007=EDGE_CURVE('',#1686,#1687,#1179,.T.);
#2008=EDGE_CURVE('',#1687,#1685,#1180,.T.);
#2009=EDGE_CURVE('',#1688,#1684,#1181,.T.);
#2010=EDGE_CURVE('',#1689,#1688,#1182,.T.);
#2011=EDGE_CURVE('',#1689,#1686,#1183,.T.);
#2012=EDGE_CURVE('',#1688,#1690,#1184,.T.);
#2013=EDGE_CURVE('',#1691,#1690,#1185,.T.);
#2014=EDGE_CURVE('',#1689,#1691,#1186,.T.);
#2015=EDGE_CURVE('',#1682,#1677,#1187,.T.);
#2016=EDGE_CURVE('',#1683,#1679,#1188,.T.);
#2017=EDGE_CURVE('',#1690,#1685,#1189,.T.);
#2018=EDGE_CURVE('',#1691,#1687,#1190,.T.);
#2019=EDGE_CURVE('',#1692,#1692,#71,.T.);
#2020=EDGE_CURVE('',#1692,#1693,#1191,.T.);
#2021=EDGE_CURVE('',#1693,#1693,#72,.T.);
#2022=EDGE_CURVE('',#1694,#1695,#1192,.T.);
#2023=EDGE_CURVE('',#1696,#1695,#1193,.T.);
#2024=EDGE_CURVE('',#1697,#1696,#1194,.T.);
#2025=EDGE_CURVE('',#1697,#1694,#1195,.T.);
#2026=EDGE_CURVE('',#1695,#1698,#1196,.T.);
#2027=EDGE_CURVE('',#1699,#1698,#1197,.T.);
#2028=EDGE_CURVE('',#1696,#1699,#1198,.T.);
#2029=EDGE_CURVE('',#1700,#1698,#1199,.T.);
#2030=EDGE_CURVE('',#1701,#1700,#1200,.T.);
#2031=EDGE_CURVE('',#1701,#1699,#1201,.T.);
#2032=EDGE_CURVE('',#1694,#1700,#1202,.T.);
#2033=EDGE_CURVE('',#1697,#1701,#1203,.T.);
#2034=EDGE_CURVE('',#1702,#1702,#73,.T.);
#2035=EDGE_CURVE('',#1702,#1703,#1204,.T.);
#2036=EDGE_CURVE('',#1703,#1703,#74,.T.);
#2037=EDGE_CURVE('',#1704,#1704,#75,.T.);
#2038=EDGE_CURVE('',#1704,#1705,#1205,.T.);
#2039=EDGE_CURVE('',#1705,#1705,#76,.T.);
#2040=EDGE_CURVE('',#1706,#1706,#77,.T.);
#2041=EDGE_CURVE('',#1706,#1707,#1206,.T.);
#2042=EDGE_CURVE('',#1707,#1707,#78,.T.);
#2043=EDGE_CURVE('',#1708,#1708,#79,.T.);
#2044=EDGE_CURVE('',#1708,#1709,#1207,.T.);
#2045=EDGE_CURVE('',#1709,#1709,#80,.T.);
#2046=EDGE_CURVE('',#1710,#1710,#81,.T.);
#2047=EDGE_CURVE('',#1710,#1711,#1208,.T.);
#2048=EDGE_CURVE('',#1711,#1711,#82,.T.);
#2049=EDGE_CURVE('',#1712,#1712,#83,.T.);
#2050=EDGE_CURVE('',#1712,#1713,#1209,.T.);
#2051=EDGE_CURVE('',#1713,#1713,#84,.T.);
#2052=EDGE_CURVE('',#1714,#1714,#85,.T.);
#2053=EDGE_CURVE('',#1714,#1715,#1210,.T.);
#2054=EDGE_CURVE('',#1715,#1715,#86,.T.);
#2055=EDGE_CURVE('',#1716,#1716,#87,.T.);
#2056=EDGE_CURVE('',#1716,#1717,#1211,.T.);
#2057=EDGE_CURVE('',#1717,#1717,#88,.T.);
#2058=EDGE_CURVE('',#1718,#1718,#89,.T.);
#2059=EDGE_CURVE('',#1718,#1719,#1212,.T.);
#2060=EDGE_CURVE('',#1719,#1719,#90,.T.);
#2061=EDGE_CURVE('',#1720,#1720,#91,.T.);
#2062=EDGE_CURVE('',#1720,#1721,#1213,.T.);
#2063=EDGE_CURVE('',#1721,#1721,#92,.T.);
#2064=EDGE_CURVE('',#1722,#1722,#93,.T.);
#2065=EDGE_CURVE('',#1722,#1723,#1214,.T.);
#2066=EDGE_CURVE('',#1723,#1723,#94,.T.);
#2067=EDGE_CURVE('',#1724,#1724,#95,.T.);
#2068=EDGE_CURVE('',#1724,#1725,#1215,.T.);
#2069=EDGE_CURVE('',#1725,#1725,#96,.T.);
#2070=EDGE_CURVE('',#1726,#1726,#97,.T.);
#2071=EDGE_CURVE('',#1726,#1727,#1216,.T.);
#2072=EDGE_CURVE('',#1727,#1727,#98,.T.);
#2073=EDGE_CURVE('',#1728,#1728,#99,.T.);
#2074=EDGE_CURVE('',#1728,#1729,#1217,.T.);
#2075=EDGE_CURVE('',#1729,#1729,#100,.T.);
#2076=EDGE_CURVE('',#1730,#1730,#101,.T.);
#2077=EDGE_CURVE('',#1730,#1731,#1218,.T.);
#2078=EDGE_CURVE('',#1731,#1731,#102,.T.);
#2079=EDGE_CURVE('',#1732,#1732,#103,.T.);
#2080=EDGE_CURVE('',#1732,#1733,#1219,.T.);
#2081=EDGE_CURVE('',#1733,#1733,#104,.T.);
#2082=EDGE_CURVE('',#1734,#1734,#105,.T.);
#2083=EDGE_CURVE('',#1734,#1735,#1220,.T.);
#2084=EDGE_CURVE('',#1735,#1735,#106,.T.);
#2085=EDGE_CURVE('',#1736,#1736,#107,.T.);
#2086=EDGE_CURVE('',#1736,#1737,#1221,.T.);
#2087=EDGE_CURVE('',#1737,#1737,#108,.T.);
#2088=EDGE_CURVE('',#1738,#1738,#109,.T.);
#2089=EDGE_CURVE('',#1738,#1739,#1222,.T.);
#2090=EDGE_CURVE('',#1739,#1739,#110,.T.);
#2091=EDGE_CURVE('',#1740,#1740,#111,.T.);
#2092=EDGE_CURVE('',#1740,#1741,#112,.T.);
#2093=EDGE_CURVE('',#1741,#1741,#113,.T.);
#2094=EDGE_CURVE('',#1742,#1742,#114,.T.);
#2095=EDGE_CURVE('',#1742,#1743,#115,.T.);
#2096=EDGE_CURVE('',#1743,#1743,#116,.T.);
#2097=EDGE_CURVE('',#1744,#1744,#117,.T.);
#2098=EDGE_CURVE('',#1744,#1745,#118,.T.);
#2099=EDGE_CURVE('',#1745,#1745,#119,.T.);
#2100=EDGE_CURVE('',#1746,#1746,#120,.T.);
#2101=EDGE_CURVE('',#1746,#1747,#121,.T.);
#2102=EDGE_CURVE('',#1747,#1747,#122,.T.);
#2103=EDGE_CURVE('',#1748,#1748,#123,.T.);
#2104=EDGE_CURVE('',#1748,#1749,#124,.T.);
#2105=EDGE_CURVE('',#1749,#1749,#125,.T.);
#2106=EDGE_CURVE('',#1750,#1750,#126,.T.);
#2107=EDGE_CURVE('',#1750,#1751,#127,.T.);
#2108=EDGE_CURVE('',#1751,#1751,#128,.T.);
#2109=EDGE_CURVE('',#1743,#1740,#1223,.T.);
#2110=EDGE_CURVE('',#1745,#1746,#1224,.T.);
#2111=EDGE_CURVE('',#1749,#1750,#1225,.T.);
#2112=EDGE_CURVE('',#1752,#1753,#129,.T.);
#2113=EDGE_CURVE('',#1754,#1752,#130,.T.);
#2114=EDGE_CURVE('',#1755,#1754,#131,.T.);
#2115=EDGE_CURVE('',#1755,#1753,#132,.T.);
#2116=EDGE_CURVE('',#1756,#1757,#133,.T.);
#2117=EDGE_CURVE('',#1758,#1756,#134,.T.);
#2118=EDGE_CURVE('',#1759,#1758,#135,.T.);
#2119=EDGE_CURVE('',#1759,#1757,#136,.T.);
#2120=EDGE_CURVE('',#1760,#1761,#137,.T.);
#2121=EDGE_CURVE('',#1762,#1760,#138,.T.);
#2122=EDGE_CURVE('',#1763,#1762,#139,.T.);
#2123=EDGE_CURVE('',#1763,#1761,#140,.T.);
#2124=EDGE_CURVE('',#1764,#1765,#1226,.T.);
#2125=EDGE_CURVE('',#1764,#1766,#141,.T.);
#2126=EDGE_CURVE('',#1766,#1767,#1227,.T.);
#2127=EDGE_CURVE('',#1765,#1767,#142,.T.);
#2128=EDGE_CURVE('',#1754,#1768,#1228,.T.);
#2129=EDGE_CURVE('',#1754,#1764,#1229,.T.);
#2130=EDGE_CURVE('',#1768,#1765,#1230,.T.);
#2131=EDGE_CURVE('',#1755,#1769,#1231,.T.);
#2132=EDGE_CURVE('',#1769,#1768,#143,.T.);
#2133=EDGE_CURVE('',#1770,#1771,#1232,.T.);
#2134=EDGE_CURVE('',#1770,#1755,#1233,.T.);
#2135=EDGE_CURVE('',#1771,#1769,#1234,.T.);
#2136=EDGE_CURVE('',#1772,#1773,#1235,.T.);
#2137=EDGE_CURVE('',#1772,#1770,#144,.T.);
#2138=EDGE_CURVE('',#1773,#1771,#145,.T.);
#2139=EDGE_CURVE('',#1774,#1775,#1236,.T.);
#2140=EDGE_CURVE('',#1774,#1772,#1237,.T.);
#2141=EDGE_CURVE('',#1775,#1773,#1238,.T.);
#2142=EDGE_CURVE('',#1776,#1777,#1239,.T.);
#2143=EDGE_CURVE('',#1776,#1774,#146,.T.);
#2144=EDGE_CURVE('',#1777,#1775,#147,.T.);
#2145=EDGE_CURVE('',#1758,#1778,#1240,.T.);
#2146=EDGE_CURVE('',#1758,#1776,#1241,.T.);
#2147=EDGE_CURVE('',#1778,#1777,#1242,.T.);
#2148=EDGE_CURVE('',#1759,#1779,#1243,.T.);
#2149=EDGE_CURVE('',#1779,#1778,#148,.T.);
#2150=EDGE_CURVE('',#1780,#1781,#1244,.T.);
#2151=EDGE_CURVE('',#1780,#1759,#1245,.T.);
#2152=EDGE_CURVE('',#1781,#1779,#1246,.T.);
#2153=EDGE_CURVE('',#1782,#1783,#1247,.T.);
#2154=EDGE_CURVE('',#1782,#1780,#149,.T.);
#2155=EDGE_CURVE('',#1783,#1781,#150,.T.);
#2156=EDGE_CURVE('',#1784,#1785,#1248,.T.);
#2157=EDGE_CURVE('',#1784,#1782,#1249,.T.);
#2158=EDGE_CURVE('',#1785,#1783,#1250,.T.);
#2159=EDGE_CURVE('',#1786,#1787,#1251,.T.);
#2160=EDGE_CURVE('',#1786,#1784,#151,.T.);
#2161=EDGE_CURVE('',#1787,#1785,#152,.T.);
#2162=EDGE_CURVE('',#1788,#1789,#1252,.T.);
#2163=EDGE_CURVE('',#1788,#1786,#1253,.T.);
#2164=EDGE_CURVE('',#1789,#1787,#1254,.T.);
#2165=EDGE_CURVE('',#1790,#1791,#1255,.T.);
#2166=EDGE_CURVE('',#1790,#1788,#153,.T.);
#2167=EDGE_CURVE('',#1791,#1789,#154,.T.);
#2168=EDGE_CURVE('',#1792,#1793,#1256,.T.);
#2169=EDGE_CURVE('',#1792,#1790,#1257,.T.);
#2170=EDGE_CURVE('',#1793,#1791,#1258,.T.);
#2171=EDGE_CURVE('',#1794,#1795,#1259,.T.);
#2172=EDGE_CURVE('',#1794,#1792,#155,.T.);
#2173=EDGE_CURVE('',#1795,#1793,#156,.T.);
#2174=EDGE_CURVE('',#1796,#1797,#1260,.T.);
#2175=EDGE_CURVE('',#1796,#1794,#1261,.T.);
#2176=EDGE_CURVE('',#1797,#1795,#1262,.T.);
#2177=EDGE_CURVE('',#1798,#1799,#1263,.T.);
#2178=EDGE_CURVE('',#1798,#1796,#157,.T.);
#2179=EDGE_CURVE('',#1799,#1797,#158,.T.);
#2180=EDGE_CURVE('',#1800,#1801,#1264,.T.);
#2181=EDGE_CURVE('',#1800,#1798,#1265,.T.);
#2182=EDGE_CURVE('',#1801,#1799,#1266,.T.);
#2183=EDGE_CURVE('',#1802,#1803,#1267,.T.);
#2184=EDGE_CURVE('',#1802,#1800,#159,.T.);
#2185=EDGE_CURVE('',#1803,#1801,#160,.T.);
#2186=EDGE_CURVE('',#1804,#1805,#1268,.T.);
#2187=EDGE_CURVE('',#1804,#1802,#1269,.T.);
#2188=EDGE_CURVE('',#1805,#1803,#1270,.T.);
#2189=EDGE_CURVE('',#1806,#1807,#1271,.T.);
#2190=EDGE_CURVE('',#1806,#1804,#161,.T.);
#2191=EDGE_CURVE('',#1807,#1805,#162,.T.);
#2192=EDGE_CURVE('',#1808,#1809,#1272,.T.);
#2193=EDGE_CURVE('',#1808,#1806,#1273,.T.);
#2194=EDGE_CURVE('',#1807,#1809,#1274,.T.);
#2195=EDGE_CURVE('',#1810,#1811,#1275,.T.);
#2196=EDGE_CURVE('',#1810,#1808,#163,.T.);
#2197=EDGE_CURVE('',#1811,#1809,#164,.T.);
#2198=EDGE_CURVE('',#1812,#1813,#1276,.T.);
#2199=EDGE_CURVE('',#1812,#1810,#1277,.T.);
#2200=EDGE_CURVE('',#1813,#1811,#1278,.T.);
#2201=EDGE_CURVE('',#1814,#1815,#1279,.T.);
#2202=EDGE_CURVE('',#1814,#1812,#165,.T.);
#2203=EDGE_CURVE('',#1815,#1813,#166,.T.);
#2204=EDGE_CURVE('',#1761,#1816,#1280,.T.);
#2205=EDGE_CURVE('',#1761,#1814,#1281,.T.);
#2206=EDGE_CURVE('',#1816,#1815,#1282,.T.);
#2207=EDGE_CURVE('',#1760,#1817,#1283,.T.);
#2208=EDGE_CURVE('',#1817,#1816,#167,.T.);
#2209=EDGE_CURVE('',#1818,#1819,#1284,.T.);
#2210=EDGE_CURVE('',#1818,#1760,#1285,.T.);
#2211=EDGE_CURVE('',#1819,#1817,#1286,.T.);
#2212=EDGE_CURVE('',#1820,#1821,#1287,.T.);
#2213=EDGE_CURVE('',#1820,#1818,#168,.T.);
#2214=EDGE_CURVE('',#1821,#1819,#169,.T.);
#2215=EDGE_CURVE('',#1822,#1823,#1288,.T.);
#2216=EDGE_CURVE('',#1822,#1820,#1289,.T.);
#2217=EDGE_CURVE('',#1823,#1821,#1290,.T.);
#2218=EDGE_CURVE('',#1824,#1825,#1291,.T.);
#2219=EDGE_CURVE('',#1824,#1822,#170,.T.);
#2220=EDGE_CURVE('',#1823,#1825,#171,.T.);
#2221=EDGE_CURVE('',#1826,#1827,#1292,.T.);
#2222=EDGE_CURVE('',#1826,#1824,#1293,.T.);
#2223=EDGE_CURVE('',#1825,#1827,#1294,.T.);
#2224=EDGE_CURVE('',#1828,#1829,#1295,.T.);
#2225=EDGE_CURVE('',#1828,#1826,#172,.T.);
#2226=EDGE_CURVE('',#1829,#1827,#173,.T.);
#2227=EDGE_CURVE('',#1830,#1831,#1296,.T.);
#2228=EDGE_CURVE('',#1830,#1828,#1297,.T.);
#2229=EDGE_CURVE('',#1831,#1829,#1298,.T.);
#2230=EDGE_CURVE('',#1832,#1833,#1299,.T.);
#2231=EDGE_CURVE('',#1832,#1830,#174,.T.);
#2232=EDGE_CURVE('',#1833,#1831,#175,.T.);
#2233=EDGE_CURVE('',#1834,#1835,#1300,.T.);
#2234=EDGE_CURVE('',#1834,#1832,#1301,.T.);
#2235=EDGE_CURVE('',#1835,#1833,#1302,.T.);
#2236=EDGE_CURVE('',#1836,#1837,#1303,.T.);
#2237=EDGE_CURVE('',#1836,#1834,#176,.T.);
#2238=EDGE_CURVE('',#1835,#1837,#177,.T.);
#2239=EDGE_CURVE('',#1838,#1839,#1304,.T.);
#2240=EDGE_CURVE('',#1838,#1836,#1305,.T.);
#2241=EDGE_CURVE('',#1837,#1839,#1306,.T.);
#2242=EDGE_CURVE('',#1840,#1841,#1307,.T.);
#2243=EDGE_CURVE('',#1840,#1838,#178,.T.);
#2244=EDGE_CURVE('',#1839,#1841,#179,.T.);
#2245=EDGE_CURVE('',#1766,#1840,#1308,.T.);
#2246=EDGE_CURVE('',#1841,#1767,#1309,.T.);
#2247=EDGE_CURVE('',#1842,#1843,#180,.T.);
#2248=EDGE_CURVE('',#1843,#1844,#1310,.T.);
#2249=EDGE_CURVE('',#1844,#1752,#1311,.T.);
#2250=EDGE_CURVE('',#1753,#1845,#1312,.T.);
#2251=EDGE_CURVE('',#1845,#1846,#1313,.T.);
#2252=EDGE_CURVE('',#1846,#1756,#1314,.T.);
#2253=EDGE_CURVE('',#1757,#1847,#1315,.T.);
#2254=EDGE_CURVE('',#1847,#1848,#1316,.T.);
#2255=EDGE_CURVE('',#1848,#1849,#181,.T.);
#2256=EDGE_CURVE('',#1849,#1850,#1317,.T.);
#2257=EDGE_CURVE('',#1850,#1851,#1318,.T.);
#2258=EDGE_CURVE('',#1851,#1852,#182,.T.);
#2259=EDGE_CURVE('',#1852,#1853,#1319,.T.);
#2260=EDGE_CURVE('',#1853,#1854,#1320,.T.);
#2261=EDGE_CURVE('',#1854,#1855,#183,.T.);
#2262=EDGE_CURVE('',#1855,#1856,#1321,.T.);
#2263=EDGE_CURVE('',#1856,#1857,#184,.T.);
#2264=EDGE_CURVE('',#1857,#1858,#1322,.T.);
#2265=EDGE_CURVE('',#1858,#1859,#185,.T.);
#2266=EDGE_CURVE('',#1859,#1860,#1323,.T.);
#2267=EDGE_CURVE('',#1860,#1861,#186,.T.);
#2268=EDGE_CURVE('',#1861,#1763,#1324,.T.);
#2269=EDGE_CURVE('',#1762,#1862,#1325,.T.);
#2270=EDGE_CURVE('',#1862,#1863,#187,.T.);
#2271=EDGE_CURVE('',#1863,#1864,#1326,.T.);
#2272=EDGE_CURVE('',#1864,#1865,#188,.T.);
#2273=EDGE_CURVE('',#1865,#1866,#1327,.T.);
#2274=EDGE_CURVE('',#1866,#1867,#1328,.T.);
#2275=EDGE_CURVE('',#1867,#1868,#189,.T.);
#2276=EDGE_CURVE('',#1868,#1869,#1329,.T.);
#2277=EDGE_CURVE('',#1869,#1842,#1330,.T.);
#2278=EDGE_CURVE('',#1800,#1854,#190,.T.);
#2279=EDGE_CURVE('',#1855,#1802,#191,.T.);
#2280=EDGE_CURVE('',#1856,#1804,#192,.T.);
#2281=EDGE_CURVE('',#1798,#1853,#193,.T.);
#2282=EDGE_CURVE('',#1857,#1806,#194,.T.);
#2283=EDGE_CURVE('',#1796,#1853,#195,.T.);
#2284=EDGE_CURVE('',#1858,#1808,#196,.T.);
#2285=EDGE_CURVE('',#1794,#1852,#197,.T.);
#2286=EDGE_CURVE('',#1859,#1810,#198,.T.);
#2287=EDGE_CURVE('',#1792,#1851,#199,.T.);
#2288=EDGE_CURVE('',#1860,#1812,#200,.T.);
#2289=EDGE_CURVE('',#1790,#1850,#201,.T.);
#2290=EDGE_CURVE('',#1861,#1814,#202,.T.);
#2291=EDGE_CURVE('',#1788,#1850,#203,.T.);
#2292=EDGE_CURVE('',#1786,#1849,#204,.T.);
#2293=EDGE_CURVE('',#1784,#1848,#205,.T.);
#2294=EDGE_CURVE('',#1862,#1818,#206,.T.);
#2295=EDGE_CURVE('',#1782,#1847,#207,.T.);
#2296=EDGE_CURVE('',#1863,#1820,#208,.T.);
#2297=EDGE_CURVE('',#1780,#1847,#209,.T.);
#2298=EDGE_CURVE('',#1864,#1822,#210,.T.);
#2299=EDGE_CURVE('',#1865,#1824,#211,.T.);
#2300=EDGE_CURVE('',#1866,#1826,#212,.T.);
#2301=EDGE_CURVE('',#1776,#1846,#213,.T.);
#2302=EDGE_CURVE('',#1866,#1828,#214,.T.);
#2303=EDGE_CURVE('',#1774,#1846,#215,.T.);
#2304=EDGE_CURVE('',#1867,#1830,#216,.T.);
#2305=EDGE_CURVE('',#1772,#1845,#217,.T.);
#2306=EDGE_CURVE('',#1868,#1832,#218,.T.);
#2307=EDGE_CURVE('',#1770,#1845,#219,.T.);
#2308=EDGE_CURVE('',#1869,#1834,#220,.T.);
#2309=EDGE_CURVE('',#1869,#1836,#221,.T.);
#2310=EDGE_CURVE('',#1842,#1838,#222,.T.);
#2311=EDGE_CURVE('',#1764,#1844,#223,.T.);
#2312=EDGE_CURVE('',#1843,#1840,#224,.T.);
#2313=EDGE_CURVE('',#1766,#1844,#225,.T.);
#2314=EDGE_CURVE('',#1870,#1870,#226,.T.);
#2315=EDGE_CURVE('',#1870,#1871,#1331,.T.);
#2316=EDGE_CURVE('',#1871,#1871,#227,.T.);
#2317=ORIENTED_EDGE('',*,*,#1872,.T.);
#2318=ORIENTED_EDGE('',*,*,#1873,.T.);
#2319=ORIENTED_EDGE('',*,*,#1874,.T.);
#2320=ORIENTED_EDGE('',*,*,#1875,.F.);
#2321=ORIENTED_EDGE('',*,*,#1876,.T.);
#2322=ORIENTED_EDGE('',*,*,#1877,.T.);
#2323=ORIENTED_EDGE('',*,*,#1878,.T.);
#2324=ORIENTED_EDGE('',*,*,#1873,.F.);
#2325=ORIENTED_EDGE('',*,*,#1879,.T.);
#2326=ORIENTED_EDGE('',*,*,#1880,.T.);
#2327=ORIENTED_EDGE('',*,*,#1881,.T.);
#2328=ORIENTED_EDGE('',*,*,#1877,.F.);
#2329=ORIENTED_EDGE('',*,*,#1882,.T.);
#2330=ORIENTED_EDGE('',*,*,#1883,.T.);
#2331=ORIENTED_EDGE('',*,*,#1884,.T.);
#2332=ORIENTED_EDGE('',*,*,#1880,.F.);
#2333=ORIENTED_EDGE('',*,*,#1885,.T.);
#2334=ORIENTED_EDGE('',*,*,#1886,.T.);
#2335=ORIENTED_EDGE('',*,*,#1887,.T.);
#2336=ORIENTED_EDGE('',*,*,#1883,.F.);
#2337=ORIENTED_EDGE('',*,*,#1888,.T.);
#2338=ORIENTED_EDGE('',*,*,#1886,.F.);
#2339=ORIENTED_EDGE('',*,*,#1889,.T.);
#2340=ORIENTED_EDGE('',*,*,#1890,.T.);
#2341=ORIENTED_EDGE('',*,*,#1891,.T.);
#2342=ORIENTED_EDGE('',*,*,#1890,.F.);
#2343=ORIENTED_EDGE('',*,*,#1892,.T.);
#2344=ORIENTED_EDGE('',*,*,#1893,.T.);
#2345=ORIENTED_EDGE('',*,*,#1894,.T.);
#2346=ORIENTED_EDGE('',*,*,#1893,.F.);
#2347=ORIENTED_EDGE('',*,*,#1895,.T.);
#2348=ORIENTED_EDGE('',*,*,#1875,.T.);
#2349=ORIENTED_EDGE('',*,*,#1888,.F.);
#2350=ORIENTED_EDGE('',*,*,#1896,.T.);
#2351=ORIENTED_EDGE('',*,*,#1897,.F.);
#2352=ORIENTED_EDGE('',*,*,#1898,.T.);
#2353=ORIENTED_EDGE('',*,*,#1891,.F.);
#2354=ORIENTED_EDGE('',*,*,#1899,.F.);
#2355=ORIENTED_EDGE('',*,*,#1900,.F.);
#2356=ORIENTED_EDGE('',*,*,#1896,.F.);
#2357=ORIENTED_EDGE('',*,*,#1894,.F.);
#2358=ORIENTED_EDGE('',*,*,#1901,.T.);
#2359=ORIENTED_EDGE('',*,*,#1902,.F.);
#2360=ORIENTED_EDGE('',*,*,#1899,.T.);
#2361=ORIENTED_EDGE('',*,*,#1874,.F.);
#2362=ORIENTED_EDGE('',*,*,#1903,.F.);
#2363=ORIENTED_EDGE('',*,*,#1904,.F.);
#2364=ORIENTED_EDGE('',*,*,#1901,.F.);
#2365=ORIENTED_EDGE('',*,*,#1872,.F.);
#2366=ORIENTED_EDGE('',*,*,#1895,.F.);
#2367=ORIENTED_EDGE('',*,*,#1892,.F.);
#2368=ORIENTED_EDGE('',*,*,#1889,.F.);
#2369=ORIENTED_EDGE('',*,*,#1885,.F.);
#2370=ORIENTED_EDGE('',*,*,#1882,.F.);
#2371=ORIENTED_EDGE('',*,*,#1879,.F.);
#2372=ORIENTED_EDGE('',*,*,#1876,.F.);
#2373=ORIENTED_EDGE('',*,*,#1905,.T.);
#2374=ORIENTED_EDGE('',*,*,#1906,.T.);
#2375=ORIENTED_EDGE('',*,*,#1907,.T.);
#2376=ORIENTED_EDGE('',*,*,#1908,.T.);
#2377=ORIENTED_EDGE('',*,*,#1909,.T.);
#2378=ORIENTED_EDGE('',*,*,#1910,.T.);
#2379=ORIENTED_EDGE('',*,*,#1911,.T.);
#2380=ORIENTED_EDGE('',*,*,#1912,.F.);
#2381=ORIENTED_EDGE('',*,*,#1913,.T.);
#2382=ORIENTED_EDGE('',*,*,#1914,.T.);
#2383=ORIENTED_EDGE('',*,*,#1915,.T.);
#2384=ORIENTED_EDGE('',*,*,#1910,.F.);
#2385=ORIENTED_EDGE('',*,*,#1916,.T.);
#2386=ORIENTED_EDGE('',*,*,#1917,.T.);
#2387=ORIENTED_EDGE('',*,*,#1904,.T.);
#2388=ORIENTED_EDGE('',*,*,#1914,.F.);
#2389=ORIENTED_EDGE('',*,*,#1918,.T.);
#2390=ORIENTED_EDGE('',*,*,#1919,.T.);
#2391=ORIENTED_EDGE('',*,*,#1902,.T.);
#2392=ORIENTED_EDGE('',*,*,#1917,.F.);
#2393=ORIENTED_EDGE('',*,*,#1920,.T.);
#2394=ORIENTED_EDGE('',*,*,#1921,.T.);
#2395=ORIENTED_EDGE('',*,*,#1900,.T.);
#2396=ORIENTED_EDGE('',*,*,#1919,.F.);
#2397=ORIENTED_EDGE('',*,*,#1897,.T.);
#2398=ORIENTED_EDGE('',*,*,#1921,.F.);
#2399=ORIENTED_EDGE('',*,*,#1922,.T.);
#2400=ORIENTED_EDGE('',*,*,#1923,.T.);
#2401=ORIENTED_EDGE('',*,*,#1924,.T.);
#2402=ORIENTED_EDGE('',*,*,#1923,.F.);
#2403=ORIENTED_EDGE('',*,*,#1925,.T.);
#2404=ORIENTED_EDGE('',*,*,#1926,.T.);
#2405=ORIENTED_EDGE('',*,*,#1927,.T.);
#2406=ORIENTED_EDGE('',*,*,#1926,.F.);
#2407=ORIENTED_EDGE('',*,*,#1928,.T.);
#2408=ORIENTED_EDGE('',*,*,#1912,.T.);
#2409=ORIENTED_EDGE('',*,*,#1887,.F.);
#2410=ORIENTED_EDGE('',*,*,#1898,.F.);
#2411=ORIENTED_EDGE('',*,*,#1924,.F.);
#2412=ORIENTED_EDGE('',*,*,#1929,.F.);
#2413=ORIENTED_EDGE('',*,*,#1884,.F.);
#2414=ORIENTED_EDGE('',*,*,#1929,.T.);
#2415=ORIENTED_EDGE('',*,*,#1927,.F.);
#2416=ORIENTED_EDGE('',*,*,#1930,.T.);
#2417=ORIENTED_EDGE('',*,*,#1881,.F.);
#2418=ORIENTED_EDGE('',*,*,#1930,.F.);
#2419=ORIENTED_EDGE('',*,*,#1911,.F.);
#2420=ORIENTED_EDGE('',*,*,#1931,.F.);
#2421=ORIENTED_EDGE('',*,*,#1909,.F.);
#2422=ORIENTED_EDGE('',*,*,#1928,.F.);
#2423=ORIENTED_EDGE('',*,*,#1925,.F.);
#2424=ORIENTED_EDGE('',*,*,#1922,.F.);
#2425=ORIENTED_EDGE('',*,*,#1920,.F.);
#2426=ORIENTED_EDGE('',*,*,#1918,.F.);
#2427=ORIENTED_EDGE('',*,*,#1916,.F.);
#2428=ORIENTED_EDGE('',*,*,#1913,.F.);
#2429=ORIENTED_EDGE('',*,*,#1932,.F.);
#2430=ORIENTED_EDGE('',*,*,#1933,.F.);
#2431=ORIENTED_EDGE('',*,*,#1934,.F.);
#2432=ORIENTED_EDGE('',*,*,#1935,.F.);
#2433=ORIENTED_EDGE('',*,*,#1878,.F.);
#2434=ORIENTED_EDGE('',*,*,#1931,.T.);
#2435=ORIENTED_EDGE('',*,*,#1915,.F.);
#2436=ORIENTED_EDGE('',*,*,#1903,.T.);
#2437=ORIENTED_EDGE('',*,*,#1933,.T.);
#2438=ORIENTED_EDGE('',*,*,#1936,.T.);
#2439=ORIENTED_EDGE('',*,*,#1908,.F.);
#2440=ORIENTED_EDGE('',*,*,#1937,.F.);
#2441=ORIENTED_EDGE('',*,*,#1934,.T.);
#2442=ORIENTED_EDGE('',*,*,#1937,.T.);
#2443=ORIENTED_EDGE('',*,*,#1907,.F.);
#2444=ORIENTED_EDGE('',*,*,#1938,.F.);
#2445=ORIENTED_EDGE('',*,*,#1935,.T.);
#2446=ORIENTED_EDGE('',*,*,#1938,.T.);
#2447=ORIENTED_EDGE('',*,*,#1906,.F.);
#2448=ORIENTED_EDGE('',*,*,#1939,.F.);
#2449=ORIENTED_EDGE('',*,*,#1932,.T.);
#2450=ORIENTED_EDGE('',*,*,#1939,.T.);
#2451=ORIENTED_EDGE('',*,*,#1905,.F.);
#2452=ORIENTED_EDGE('',*,*,#1936,.F.);
#2453=ORIENTED_EDGE('',*,*,#1940,.T.);
#2454=ORIENTED_EDGE('',*,*,#1941,.T.);
#2455=ORIENTED_EDGE('',*,*,#1942,.T.);
#2456=ORIENTED_EDGE('',*,*,#1943,.F.);
#2457=ORIENTED_EDGE('',*,*,#1944,.T.);
#2458=ORIENTED_EDGE('',*,*,#1945,.T.);
#2459=ORIENTED_EDGE('',*,*,#1946,.T.);
#2460=ORIENTED_EDGE('',*,*,#1941,.F.);
#2461=ORIENTED_EDGE('',*,*,#1947,.T.);
#2462=ORIENTED_EDGE('',*,*,#1948,.T.);
#2463=ORIENTED_EDGE('',*,*,#1949,.T.);
#2464=ORIENTED_EDGE('',*,*,#1945,.F.);
#2465=ORIENTED_EDGE('',*,*,#1950,.T.);
#2466=ORIENTED_EDGE('',*,*,#1948,.F.);
#2467=ORIENTED_EDGE('',*,*,#1951,.T.);
#2468=ORIENTED_EDGE('',*,*,#1943,.T.);
#2469=ORIENTED_EDGE('',*,*,#1950,.F.);
#2470=ORIENTED_EDGE('',*,*,#1952,.F.);
#2471=ORIENTED_EDGE('',*,*,#1953,.F.);
#2472=ORIENTED_EDGE('',*,*,#1954,.T.);
#2473=ORIENTED_EDGE('',*,*,#1942,.F.);
#2474=ORIENTED_EDGE('',*,*,#1955,.F.);
#2475=ORIENTED_EDGE('',*,*,#1956,.F.);
#2476=ORIENTED_EDGE('',*,*,#1952,.T.);
#2477=ORIENTED_EDGE('',*,*,#1940,.F.);
#2478=ORIENTED_EDGE('',*,*,#1951,.F.);
#2479=ORIENTED_EDGE('',*,*,#1947,.F.);
#2480=ORIENTED_EDGE('',*,*,#1944,.F.);
#2481=ORIENTED_EDGE('',*,*,#1957,.T.);
#2482=ORIENTED_EDGE('',*,*,#1958,.T.);
#2483=ORIENTED_EDGE('',*,*,#1956,.T.);
#2484=ORIENTED_EDGE('',*,*,#1959,.F.);
#2485=ORIENTED_EDGE('',*,*,#1960,.T.);
#2486=ORIENTED_EDGE('',*,*,#1961,.T.);
#2487=ORIENTED_EDGE('',*,*,#1953,.T.);
#2488=ORIENTED_EDGE('',*,*,#1958,.F.);
#2489=ORIENTED_EDGE('',*,*,#1962,.T.);
#2490=ORIENTED_EDGE('',*,*,#1963,.T.);
#2491=ORIENTED_EDGE('',*,*,#1964,.T.);
#2492=ORIENTED_EDGE('',*,*,#1961,.F.);
#2493=ORIENTED_EDGE('',*,*,#1965,.T.);
#2494=ORIENTED_EDGE('',*,*,#1963,.F.);
#2495=ORIENTED_EDGE('',*,*,#1966,.T.);
#2496=ORIENTED_EDGE('',*,*,#1959,.T.);
#2497=ORIENTED_EDGE('',*,*,#1946,.F.);
#2498=ORIENTED_EDGE('',*,*,#1967,.T.);
#2499=ORIENTED_EDGE('',*,*,#1965,.F.);
#2500=ORIENTED_EDGE('',*,*,#1955,.T.);
#2501=ORIENTED_EDGE('',*,*,#1957,.F.);
#2502=ORIENTED_EDGE('',*,*,#1966,.F.);
#2503=ORIENTED_EDGE('',*,*,#1962,.F.);
#2504=ORIENTED_EDGE('',*,*,#1960,.F.);
#2505=ORIENTED_EDGE('',*,*,#1949,.F.);
#2506=ORIENTED_EDGE('',*,*,#1954,.F.);
#2507=ORIENTED_EDGE('',*,*,#1964,.F.);
#2508=ORIENTED_EDGE('',*,*,#1967,.F.);
#2509=ORIENTED_EDGE('',*,*,#1968,.F.);
#2510=ORIENTED_EDGE('',*,*,#1969,.T.);
#2511=ORIENTED_EDGE('',*,*,#1970,.T.);
#2512=ORIENTED_EDGE('',*,*,#1969,.F.);
#2513=ORIENTED_EDGE('',*,*,#1971,.T.);
#2514=ORIENTED_EDGE('',*,*,#1972,.T.);
#2515=ORIENTED_EDGE('',*,*,#1973,.F.);
#2516=ORIENTED_EDGE('',*,*,#1972,.F.);
#2517=ORIENTED_EDGE('',*,*,#1974,.T.);
#2518=ORIENTED_EDGE('',*,*,#1975,.T.);
#2519=ORIENTED_EDGE('',*,*,#1976,.F.);
#2520=ORIENTED_EDGE('',*,*,#1975,.F.);
#2521=ORIENTED_EDGE('',*,*,#1977,.T.);
#2522=ORIENTED_EDGE('',*,*,#1978,.T.);
#2523=ORIENTED_EDGE('',*,*,#1979,.F.);
#2524=ORIENTED_EDGE('',*,*,#1978,.F.);
#2525=ORIENTED_EDGE('',*,*,#1980,.T.);
#2526=ORIENTED_EDGE('',*,*,#1981,.T.);
#2527=ORIENTED_EDGE('',*,*,#1982,.F.);
#2528=ORIENTED_EDGE('',*,*,#1981,.F.);
#2529=ORIENTED_EDGE('',*,*,#1983,.T.);
#2530=ORIENTED_EDGE('',*,*,#1984,.T.);
#2531=ORIENTED_EDGE('',*,*,#1985,.F.);
#2532=ORIENTED_EDGE('',*,*,#1984,.F.);
#2533=ORIENTED_EDGE('',*,*,#1986,.F.);
#2534=ORIENTED_EDGE('',*,*,#1987,.T.);
#2535=ORIENTED_EDGE('',*,*,#1988,.T.);
#2536=ORIENTED_EDGE('',*,*,#1987,.F.);
#2537=ORIENTED_EDGE('',*,*,#1989,.F.);
#2538=ORIENTED_EDGE('',*,*,#1990,.T.);
#2539=ORIENTED_EDGE('',*,*,#1991,.T.);
#2540=ORIENTED_EDGE('',*,*,#1990,.F.);
#2541=ORIENTED_EDGE('',*,*,#1992,.F.);
#2542=ORIENTED_EDGE('',*,*,#1993,.T.);
#2543=ORIENTED_EDGE('',*,*,#1994,.T.);
#2544=ORIENTED_EDGE('',*,*,#1993,.F.);
#2545=ORIENTED_EDGE('',*,*,#1995,.F.);
#2546=ORIENTED_EDGE('',*,*,#1996,.F.);
#2547=ORIENTED_EDGE('',*,*,#1997,.T.);
#2548=ORIENTED_EDGE('',*,*,#1998,.T.);
#2549=ORIENTED_EDGE('',*,*,#1999,.F.);
#2550=ORIENTED_EDGE('',*,*,#2000,.F.);
#2551=ORIENTED_EDGE('',*,*,#2001,.T.);
#2552=ORIENTED_EDGE('',*,*,#1996,.T.);
#2553=ORIENTED_EDGE('',*,*,#2002,.T.);
#2554=ORIENTED_EDGE('',*,*,#2003,.F.);
#2555=ORIENTED_EDGE('',*,*,#2004,.F.);
#2556=ORIENTED_EDGE('',*,*,#2000,.T.);
#2557=ORIENTED_EDGE('',*,*,#2005,.F.);
#2558=ORIENTED_EDGE('',*,*,#2006,.F.);
#2559=ORIENTED_EDGE('',*,*,#2007,.T.);
#2560=ORIENTED_EDGE('',*,*,#2008,.T.);
#2561=ORIENTED_EDGE('',*,*,#2009,.F.);
#2562=ORIENTED_EDGE('',*,*,#2010,.F.);
#2563=ORIENTED_EDGE('',*,*,#2011,.T.);
#2564=ORIENTED_EDGE('',*,*,#2006,.T.);
#2565=ORIENTED_EDGE('',*,*,#2012,.T.);
#2566=ORIENTED_EDGE('',*,*,#2013,.F.);
#2567=ORIENTED_EDGE('',*,*,#2014,.F.);
#2568=ORIENTED_EDGE('',*,*,#2010,.T.);
#2569=ORIENTED_EDGE('',*,*,#2015,.T.);
#2570=ORIENTED_EDGE('',*,*,#1998,.F.);
#2571=ORIENTED_EDGE('',*,*,#2016,.F.);
#2572=ORIENTED_EDGE('',*,*,#2003,.T.);
#2573=ORIENTED_EDGE('',*,*,#2017,.T.);
#2574=ORIENTED_EDGE('',*,*,#2008,.F.);
#2575=ORIENTED_EDGE('',*,*,#2018,.F.);
#2576=ORIENTED_EDGE('',*,*,#2013,.T.);
#2577=ORIENTED_EDGE('',*,*,#1997,.F.);
#2578=ORIENTED_EDGE('',*,*,#2001,.F.);
#2579=ORIENTED_EDGE('',*,*,#2004,.T.);
#2580=ORIENTED_EDGE('',*,*,#2016,.T.);
#2581=ORIENTED_EDGE('',*,*,#1986,.T.);
#2582=ORIENTED_EDGE('',*,*,#1989,.T.);
#2583=ORIENTED_EDGE('',*,*,#1992,.T.);
#2584=ORIENTED_EDGE('',*,*,#1968,.T.);
#2585=ORIENTED_EDGE('',*,*,#1971,.F.);
#2586=ORIENTED_EDGE('',*,*,#1974,.F.);
#2587=ORIENTED_EDGE('',*,*,#1977,.F.);
#2588=ORIENTED_EDGE('',*,*,#1980,.F.);
#2589=ORIENTED_EDGE('',*,*,#1983,.F.);
#2590=ORIENTED_EDGE('',*,*,#2007,.F.);
#2591=ORIENTED_EDGE('',*,*,#2011,.F.);
#2592=ORIENTED_EDGE('',*,*,#2014,.T.);
#2593=ORIENTED_EDGE('',*,*,#2018,.T.);
#2594=ORIENTED_EDGE('',*,*,#1995,.T.);
#2595=ORIENTED_EDGE('',*,*,#2015,.F.);
#2596=ORIENTED_EDGE('',*,*,#2002,.F.);
#2597=ORIENTED_EDGE('',*,*,#1999,.T.);
#2598=ORIENTED_EDGE('',*,*,#1988,.F.);
#2599=ORIENTED_EDGE('',*,*,#1991,.F.);
#2600=ORIENTED_EDGE('',*,*,#1994,.F.);
#2601=ORIENTED_EDGE('',*,*,#1970,.F.);
#2602=ORIENTED_EDGE('',*,*,#1973,.T.);
#2603=ORIENTED_EDGE('',*,*,#1976,.T.);
#2604=ORIENTED_EDGE('',*,*,#1979,.T.);
#2605=ORIENTED_EDGE('',*,*,#1982,.T.);
#2606=ORIENTED_EDGE('',*,*,#1985,.T.);
#2607=ORIENTED_EDGE('',*,*,#2005,.T.);
#2608=ORIENTED_EDGE('',*,*,#2017,.F.);
#2609=ORIENTED_EDGE('',*,*,#2012,.F.);
#2610=ORIENTED_EDGE('',*,*,#2009,.T.);
#2611=ORIENTED_EDGE('',*,*,#2019,.T.);
#2612=ORIENTED_EDGE('',*,*,#2020,.T.);
#2613=ORIENTED_EDGE('',*,*,#2021,.F.);
#2614=ORIENTED_EDGE('',*,*,#2020,.F.);
#2615=ORIENTED_EDGE('',*,*,#2022,.T.);
#2616=ORIENTED_EDGE('',*,*,#2023,.F.);
#2617=ORIENTED_EDGE('',*,*,#2024,.F.);
#2618=ORIENTED_EDGE('',*,*,#2025,.T.);
#2619=ORIENTED_EDGE('',*,*,#2026,.T.);
#2620=ORIENTED_EDGE('',*,*,#2027,.F.);
#2621=ORIENTED_EDGE('',*,*,#2028,.F.);
#2622=ORIENTED_EDGE('',*,*,#2023,.T.);
#2623=ORIENTED_EDGE('',*,*,#2029,.F.);
#2624=ORIENTED_EDGE('',*,*,#2030,.F.);
#2625=ORIENTED_EDGE('',*,*,#2031,.T.);
#2626=ORIENTED_EDGE('',*,*,#2027,.T.);
#2627=ORIENTED_EDGE('',*,*,#2032,.F.);
#2628=ORIENTED_EDGE('',*,*,#2025,.F.);
#2629=ORIENTED_EDGE('',*,*,#2033,.T.);
#2630=ORIENTED_EDGE('',*,*,#2030,.T.);
#2631=ORIENTED_EDGE('',*,*,#2024,.T.);
#2632=ORIENTED_EDGE('',*,*,#2028,.T.);
#2633=ORIENTED_EDGE('',*,*,#2031,.F.);
#2634=ORIENTED_EDGE('',*,*,#2033,.F.);
#2635=ORIENTED_EDGE('',*,*,#2019,.F.);
#2636=ORIENTED_EDGE('',*,*,#2022,.F.);
#2637=ORIENTED_EDGE('',*,*,#2032,.T.);
#2638=ORIENTED_EDGE('',*,*,#2029,.T.);
#2639=ORIENTED_EDGE('',*,*,#2026,.F.);
#2640=ORIENTED_EDGE('',*,*,#2021,.T.);
#2641=ORIENTED_EDGE('',*,*,#2034,.T.);
#2642=ORIENTED_EDGE('',*,*,#2035,.T.);
#2643=ORIENTED_EDGE('',*,*,#2036,.F.);
#2644=ORIENTED_EDGE('',*,*,#2035,.F.);
#2645=ORIENTED_EDGE('',*,*,#2037,.T.);
#2646=ORIENTED_EDGE('',*,*,#2038,.T.);
#2647=ORIENTED_EDGE('',*,*,#2039,.F.);
#2648=ORIENTED_EDGE('',*,*,#2038,.F.);
#2649=ORIENTED_EDGE('',*,*,#2036,.T.);
#2650=ORIENTED_EDGE('',*,*,#2037,.F.);
#2651=ORIENTED_EDGE('',*,*,#2034,.F.);
#2652=ORIENTED_EDGE('',*,*,#2039,.T.);
#2653=ORIENTED_EDGE('',*,*,#2040,.T.);
#2654=ORIENTED_EDGE('',*,*,#2041,.T.);
#2655=ORIENTED_EDGE('',*,*,#2042,.F.);
#2656=ORIENTED_EDGE('',*,*,#2041,.F.);
#2657=ORIENTED_EDGE('',*,*,#2043,.T.);
#2658=ORIENTED_EDGE('',*,*,#2044,.T.);
#2659=ORIENTED_EDGE('',*,*,#2045,.F.);
#2660=ORIENTED_EDGE('',*,*,#2044,.F.);
#2661=ORIENTED_EDGE('',*,*,#2042,.T.);
#2662=ORIENTED_EDGE('',*,*,#2043,.F.);
#2663=ORIENTED_EDGE('',*,*,#2040,.F.);
#2664=ORIENTED_EDGE('',*,*,#2045,.T.);
#2665=ORIENTED_EDGE('',*,*,#2046,.T.);
#2666=ORIENTED_EDGE('',*,*,#2047,.T.);
#2667=ORIENTED_EDGE('',*,*,#2048,.F.);
#2668=ORIENTED_EDGE('',*,*,#2047,.F.);
#2669=ORIENTED_EDGE('',*,*,#2049,.T.);
#2670=ORIENTED_EDGE('',*,*,#2050,.T.);
#2671=ORIENTED_EDGE('',*,*,#2051,.F.);
#2672=ORIENTED_EDGE('',*,*,#2050,.F.);
#2673=ORIENTED_EDGE('',*,*,#2048,.T.);
#2674=ORIENTED_EDGE('',*,*,#2049,.F.);
#2675=ORIENTED_EDGE('',*,*,#2046,.F.);
#2676=ORIENTED_EDGE('',*,*,#2051,.T.);
#2677=ORIENTED_EDGE('',*,*,#2052,.T.);
#2678=ORIENTED_EDGE('',*,*,#2053,.T.);
#2679=ORIENTED_EDGE('',*,*,#2054,.F.);
#2680=ORIENTED_EDGE('',*,*,#2053,.F.);
#2681=ORIENTED_EDGE('',*,*,#2055,.T.);
#2682=ORIENTED_EDGE('',*,*,#2056,.T.);
#2683=ORIENTED_EDGE('',*,*,#2057,.F.);
#2684=ORIENTED_EDGE('',*,*,#2056,.F.);
#2685=ORIENTED_EDGE('',*,*,#2054,.T.);
#2686=ORIENTED_EDGE('',*,*,#2055,.F.);
#2687=ORIENTED_EDGE('',*,*,#2052,.F.);
#2688=ORIENTED_EDGE('',*,*,#2057,.T.);
#2689=ORIENTED_EDGE('',*,*,#2058,.T.);
#2690=ORIENTED_EDGE('',*,*,#2059,.T.);
#2691=ORIENTED_EDGE('',*,*,#2060,.F.);
#2692=ORIENTED_EDGE('',*,*,#2059,.F.);
#2693=ORIENTED_EDGE('',*,*,#2061,.T.);
#2694=ORIENTED_EDGE('',*,*,#2062,.T.);
#2695=ORIENTED_EDGE('',*,*,#2063,.F.);
#2696=ORIENTED_EDGE('',*,*,#2062,.F.);
#2697=ORIENTED_EDGE('',*,*,#2060,.T.);
#2698=ORIENTED_EDGE('',*,*,#2061,.F.);
#2699=ORIENTED_EDGE('',*,*,#2058,.F.);
#2700=ORIENTED_EDGE('',*,*,#2063,.T.);
#2701=ORIENTED_EDGE('',*,*,#2064,.F.);
#2702=ORIENTED_EDGE('',*,*,#2065,.T.);
#2703=ORIENTED_EDGE('',*,*,#2066,.T.);
#2704=ORIENTED_EDGE('',*,*,#2065,.F.);
#2705=ORIENTED_EDGE('',*,*,#2067,.F.);
#2706=ORIENTED_EDGE('',*,*,#2068,.T.);
#2707=ORIENTED_EDGE('',*,*,#2069,.T.);
#2708=ORIENTED_EDGE('',*,*,#2068,.F.);
#2709=ORIENTED_EDGE('',*,*,#2069,.F.);
#2710=ORIENTED_EDGE('',*,*,#2064,.T.);
#2711=ORIENTED_EDGE('',*,*,#2067,.T.);
#2712=ORIENTED_EDGE('',*,*,#2066,.F.);
#2713=ORIENTED_EDGE('',*,*,#2070,.F.);
#2714=ORIENTED_EDGE('',*,*,#2071,.T.);
#2715=ORIENTED_EDGE('',*,*,#2072,.T.);
#2716=ORIENTED_EDGE('',*,*,#2071,.F.);
#2717=ORIENTED_EDGE('',*,*,#2073,.F.);
#2718=ORIENTED_EDGE('',*,*,#2074,.T.);
#2719=ORIENTED_EDGE('',*,*,#2075,.T.);
#2720=ORIENTED_EDGE('',*,*,#2074,.F.);
#2721=ORIENTED_EDGE('',*,*,#2075,.F.);
#2722=ORIENTED_EDGE('',*,*,#2070,.T.);
#2723=ORIENTED_EDGE('',*,*,#2073,.T.);
#2724=ORIENTED_EDGE('',*,*,#2072,.F.);
#2725=ORIENTED_EDGE('',*,*,#2076,.F.);
#2726=ORIENTED_EDGE('',*,*,#2077,.T.);
#2727=ORIENTED_EDGE('',*,*,#2078,.T.);
#2728=ORIENTED_EDGE('',*,*,#2077,.F.);
#2729=ORIENTED_EDGE('',*,*,#2079,.F.);
#2730=ORIENTED_EDGE('',*,*,#2080,.T.);
#2731=ORIENTED_EDGE('',*,*,#2081,.T.);
#2732=ORIENTED_EDGE('',*,*,#2080,.F.);
#2733=ORIENTED_EDGE('',*,*,#2081,.F.);
#2734=ORIENTED_EDGE('',*,*,#2076,.T.);
#2735=ORIENTED_EDGE('',*,*,#2079,.T.);
#2736=ORIENTED_EDGE('',*,*,#2078,.F.);
#2737=ORIENTED_EDGE('',*,*,#2082,.F.);
#2738=ORIENTED_EDGE('',*,*,#2083,.T.);
#2739=ORIENTED_EDGE('',*,*,#2084,.T.);
#2740=ORIENTED_EDGE('',*,*,#2083,.F.);
#2741=ORIENTED_EDGE('',*,*,#2085,.F.);
#2742=ORIENTED_EDGE('',*,*,#2086,.T.);
#2743=ORIENTED_EDGE('',*,*,#2087,.T.);
#2744=ORIENTED_EDGE('',*,*,#2086,.F.);
#2745=ORIENTED_EDGE('',*,*,#2087,.F.);
#2746=ORIENTED_EDGE('',*,*,#2082,.T.);
#2747=ORIENTED_EDGE('',*,*,#2085,.T.);
#2748=ORIENTED_EDGE('',*,*,#2084,.F.);
#2749=ORIENTED_EDGE('',*,*,#2088,.F.);
#2750=ORIENTED_EDGE('',*,*,#2089,.T.);
#2751=ORIENTED_EDGE('',*,*,#2090,.T.);
#2752=ORIENTED_EDGE('',*,*,#2089,.F.);
#2753=ORIENTED_EDGE('',*,*,#2091,.F.);
#2754=ORIENTED_EDGE('',*,*,#2092,.T.);
#2755=ORIENTED_EDGE('',*,*,#2093,.F.);
#2756=ORIENTED_EDGE('',*,*,#2092,.F.);
#2757=ORIENTED_EDGE('',*,*,#2094,.F.);
#2758=ORIENTED_EDGE('',*,*,#2095,.T.);
#2759=ORIENTED_EDGE('',*,*,#2096,.F.);
#2760=ORIENTED_EDGE('',*,*,#2095,.F.);
#2761=ORIENTED_EDGE('',*,*,#2097,.F.);
#2762=ORIENTED_EDGE('',*,*,#2098,.T.);
#2763=ORIENTED_EDGE('',*,*,#2099,.F.);
#2764=ORIENTED_EDGE('',*,*,#2098,.F.);
#2765=ORIENTED_EDGE('',*,*,#2100,.F.);
#2766=ORIENTED_EDGE('',*,*,#2101,.T.);
#2767=ORIENTED_EDGE('',*,*,#2102,.F.);
#2768=ORIENTED_EDGE('',*,*,#2101,.F.);
#2769=ORIENTED_EDGE('',*,*,#2103,.F.);
#2770=ORIENTED_EDGE('',*,*,#2104,.T.);
#2771=ORIENTED_EDGE('',*,*,#2105,.F.);
#2772=ORIENTED_EDGE('',*,*,#2104,.F.);
#2773=ORIENTED_EDGE('',*,*,#2106,.F.);
#2774=ORIENTED_EDGE('',*,*,#2107,.T.);
#2775=ORIENTED_EDGE('',*,*,#2108,.F.);
#2776=ORIENTED_EDGE('',*,*,#2107,.F.);
#2777=ORIENTED_EDGE('',*,*,#2096,.T.);
#2778=ORIENTED_EDGE('',*,*,#2109,.T.);
#2779=ORIENTED_EDGE('',*,*,#2091,.T.);
#2780=ORIENTED_EDGE('',*,*,#2109,.F.);
#2781=ORIENTED_EDGE('',*,*,#2099,.T.);
#2782=ORIENTED_EDGE('',*,*,#2110,.T.);
#2783=ORIENTED_EDGE('',*,*,#2100,.T.);
#2784=ORIENTED_EDGE('',*,*,#2110,.F.);
#2785=ORIENTED_EDGE('',*,*,#2105,.T.);
#2786=ORIENTED_EDGE('',*,*,#2111,.T.);
#2787=ORIENTED_EDGE('',*,*,#2106,.T.);
#2788=ORIENTED_EDGE('',*,*,#2111,.F.);
#2789=ORIENTED_EDGE('',*,*,#2112,.F.);
#2790=ORIENTED_EDGE('',*,*,#2113,.F.);
#2791=ORIENTED_EDGE('',*,*,#2114,.F.);
#2792=ORIENTED_EDGE('',*,*,#2115,.T.);
#2793=ORIENTED_EDGE('',*,*,#2116,.F.);
#2794=ORIENTED_EDGE('',*,*,#2117,.F.);
#2795=ORIENTED_EDGE('',*,*,#2118,.F.);
#2796=ORIENTED_EDGE('',*,*,#2119,.T.);
#2797=ORIENTED_EDGE('',*,*,#2120,.F.);
#2798=ORIENTED_EDGE('',*,*,#2121,.F.);
#2799=ORIENTED_EDGE('',*,*,#2122,.F.);
#2800=ORIENTED_EDGE('',*,*,#2123,.T.);
#2801=ORIENTED_EDGE('',*,*,#2124,.F.);
#2802=ORIENTED_EDGE('',*,*,#2125,.T.);
#2803=ORIENTED_EDGE('',*,*,#2126,.T.);
#2804=ORIENTED_EDGE('',*,*,#2127,.F.);
#2805=ORIENTED_EDGE('',*,*,#2128,.F.);
#2806=ORIENTED_EDGE('',*,*,#2129,.T.);
#2807=ORIENTED_EDGE('',*,*,#2124,.T.);
#2808=ORIENTED_EDGE('',*,*,#2130,.F.);
#2809=ORIENTED_EDGE('',*,*,#2131,.F.);
#2810=ORIENTED_EDGE('',*,*,#2114,.T.);
#2811=ORIENTED_EDGE('',*,*,#2128,.T.);
#2812=ORIENTED_EDGE('',*,*,#2132,.F.);
#2813=ORIENTED_EDGE('',*,*,#2133,.F.);
#2814=ORIENTED_EDGE('',*,*,#2134,.T.);
#2815=ORIENTED_EDGE('',*,*,#2131,.T.);
#2816=ORIENTED_EDGE('',*,*,#2135,.F.);
#2817=ORIENTED_EDGE('',*,*,#2136,.F.);
#2818=ORIENTED_EDGE('',*,*,#2137,.T.);
#2819=ORIENTED_EDGE('',*,*,#2133,.T.);
#2820=ORIENTED_EDGE('',*,*,#2138,.F.);
#2821=ORIENTED_EDGE('',*,*,#2139,.F.);
#2822=ORIENTED_EDGE('',*,*,#2140,.T.);
#2823=ORIENTED_EDGE('',*,*,#2136,.T.);
#2824=ORIENTED_EDGE('',*,*,#2141,.F.);
#2825=ORIENTED_EDGE('',*,*,#2142,.F.);
#2826=ORIENTED_EDGE('',*,*,#2143,.T.);
#2827=ORIENTED_EDGE('',*,*,#2139,.T.);
#2828=ORIENTED_EDGE('',*,*,#2144,.F.);
#2829=ORIENTED_EDGE('',*,*,#2145,.F.);
#2830=ORIENTED_EDGE('',*,*,#2146,.T.);
#2831=ORIENTED_EDGE('',*,*,#2142,.T.);
#2832=ORIENTED_EDGE('',*,*,#2147,.F.);
#2833=ORIENTED_EDGE('',*,*,#2148,.F.);
#2834=ORIENTED_EDGE('',*,*,#2118,.T.);
#2835=ORIENTED_EDGE('',*,*,#2145,.T.);
#2836=ORIENTED_EDGE('',*,*,#2149,.F.);
#2837=ORIENTED_EDGE('',*,*,#2150,.F.);
#2838=ORIENTED_EDGE('',*,*,#2151,.T.);
#2839=ORIENTED_EDGE('',*,*,#2148,.T.);
#2840=ORIENTED_EDGE('',*,*,#2152,.F.);
#2841=ORIENTED_EDGE('',*,*,#2153,.F.);
#2842=ORIENTED_EDGE('',*,*,#2154,.T.);
#2843=ORIENTED_EDGE('',*,*,#2150,.T.);
#2844=ORIENTED_EDGE('',*,*,#2155,.F.);
#2845=ORIENTED_EDGE('',*,*,#2156,.F.);
#2846=ORIENTED_EDGE('',*,*,#2157,.T.);
#2847=ORIENTED_EDGE('',*,*,#2153,.T.);
#2848=ORIENTED_EDGE('',*,*,#2158,.F.);
#2849=ORIENTED_EDGE('',*,*,#2159,.F.);
#2850=ORIENTED_EDGE('',*,*,#2160,.T.);
#2851=ORIENTED_EDGE('',*,*,#2156,.T.);
#2852=ORIENTED_EDGE('',*,*,#2161,.F.);
#2853=ORIENTED_EDGE('',*,*,#2162,.F.);
#2854=ORIENTED_EDGE('',*,*,#2163,.T.);
#2855=ORIENTED_EDGE('',*,*,#2159,.T.);
#2856=ORIENTED_EDGE('',*,*,#2164,.F.);
#2857=ORIENTED_EDGE('',*,*,#2165,.F.);
#2858=ORIENTED_EDGE('',*,*,#2166,.T.);
#2859=ORIENTED_EDGE('',*,*,#2162,.T.);
#2860=ORIENTED_EDGE('',*,*,#2167,.F.);
#2861=ORIENTED_EDGE('',*,*,#2168,.F.);
#2862=ORIENTED_EDGE('',*,*,#2169,.T.);
#2863=ORIENTED_EDGE('',*,*,#2165,.T.);
#2864=ORIENTED_EDGE('',*,*,#2170,.F.);
#2865=ORIENTED_EDGE('',*,*,#2171,.F.);
#2866=ORIENTED_EDGE('',*,*,#2172,.T.);
#2867=ORIENTED_EDGE('',*,*,#2168,.T.);
#2868=ORIENTED_EDGE('',*,*,#2173,.F.);
#2869=ORIENTED_EDGE('',*,*,#2174,.F.);
#2870=ORIENTED_EDGE('',*,*,#2175,.T.);
#2871=ORIENTED_EDGE('',*,*,#2171,.T.);
#2872=ORIENTED_EDGE('',*,*,#2176,.F.);
#2873=ORIENTED_EDGE('',*,*,#2177,.F.);
#2874=ORIENTED_EDGE('',*,*,#2178,.T.);
#2875=ORIENTED_EDGE('',*,*,#2174,.T.);
#2876=ORIENTED_EDGE('',*,*,#2179,.F.);
#2877=ORIENTED_EDGE('',*,*,#2180,.F.);
#2878=ORIENTED_EDGE('',*,*,#2181,.T.);
#2879=ORIENTED_EDGE('',*,*,#2177,.T.);
#2880=ORIENTED_EDGE('',*,*,#2182,.F.);
#2881=ORIENTED_EDGE('',*,*,#2183,.F.);
#2882=ORIENTED_EDGE('',*,*,#2184,.T.);
#2883=ORIENTED_EDGE('',*,*,#2180,.T.);
#2884=ORIENTED_EDGE('',*,*,#2185,.F.);
#2885=ORIENTED_EDGE('',*,*,#2186,.F.);
#2886=ORIENTED_EDGE('',*,*,#2187,.T.);
#2887=ORIENTED_EDGE('',*,*,#2183,.T.);
#2888=ORIENTED_EDGE('',*,*,#2188,.F.);
#2889=ORIENTED_EDGE('',*,*,#2189,.F.);
#2890=ORIENTED_EDGE('',*,*,#2190,.T.);
#2891=ORIENTED_EDGE('',*,*,#2186,.T.);
#2892=ORIENTED_EDGE('',*,*,#2191,.F.);
#2893=ORIENTED_EDGE('',*,*,#2192,.F.);
#2894=ORIENTED_EDGE('',*,*,#2193,.T.);
#2895=ORIENTED_EDGE('',*,*,#2189,.T.);
#2896=ORIENTED_EDGE('',*,*,#2194,.T.);
#2897=ORIENTED_EDGE('',*,*,#2195,.F.);
#2898=ORIENTED_EDGE('',*,*,#2196,.T.);
#2899=ORIENTED_EDGE('',*,*,#2192,.T.);
#2900=ORIENTED_EDGE('',*,*,#2197,.F.);
#2901=ORIENTED_EDGE('',*,*,#2198,.F.);
#2902=ORIENTED_EDGE('',*,*,#2199,.T.);
#2903=ORIENTED_EDGE('',*,*,#2195,.T.);
#2904=ORIENTED_EDGE('',*,*,#2200,.F.);
#2905=ORIENTED_EDGE('',*,*,#2201,.F.);
#2906=ORIENTED_EDGE('',*,*,#2202,.T.);
#2907=ORIENTED_EDGE('',*,*,#2198,.T.);
#2908=ORIENTED_EDGE('',*,*,#2203,.F.);
#2909=ORIENTED_EDGE('',*,*,#2204,.F.);
#2910=ORIENTED_EDGE('',*,*,#2205,.T.);
#2911=ORIENTED_EDGE('',*,*,#2201,.T.);
#2912=ORIENTED_EDGE('',*,*,#2206,.F.);
#2913=ORIENTED_EDGE('',*,*,#2207,.F.);
#2914=ORIENTED_EDGE('',*,*,#2120,.T.);
#2915=ORIENTED_EDGE('',*,*,#2204,.T.);
#2916=ORIENTED_EDGE('',*,*,#2208,.F.);
#2917=ORIENTED_EDGE('',*,*,#2209,.F.);
#2918=ORIENTED_EDGE('',*,*,#2210,.T.);
#2919=ORIENTED_EDGE('',*,*,#2207,.T.);
#2920=ORIENTED_EDGE('',*,*,#2211,.F.);
#2921=ORIENTED_EDGE('',*,*,#2212,.F.);
#2922=ORIENTED_EDGE('',*,*,#2213,.T.);
#2923=ORIENTED_EDGE('',*,*,#2209,.T.);
#2924=ORIENTED_EDGE('',*,*,#2214,.F.);
#2925=ORIENTED_EDGE('',*,*,#2215,.F.);
#2926=ORIENTED_EDGE('',*,*,#2216,.T.);
#2927=ORIENTED_EDGE('',*,*,#2212,.T.);
#2928=ORIENTED_EDGE('',*,*,#2217,.F.);
#2929=ORIENTED_EDGE('',*,*,#2218,.F.);
#2930=ORIENTED_EDGE('',*,*,#2219,.T.);
#2931=ORIENTED_EDGE('',*,*,#2215,.T.);
#2932=ORIENTED_EDGE('',*,*,#2220,.T.);
#2933=ORIENTED_EDGE('',*,*,#2221,.F.);
#2934=ORIENTED_EDGE('',*,*,#2222,.T.);
#2935=ORIENTED_EDGE('',*,*,#2218,.T.);
#2936=ORIENTED_EDGE('',*,*,#2223,.T.);
#2937=ORIENTED_EDGE('',*,*,#2224,.F.);
#2938=ORIENTED_EDGE('',*,*,#2225,.T.);
#2939=ORIENTED_EDGE('',*,*,#2221,.T.);
#2940=ORIENTED_EDGE('',*,*,#2226,.F.);
#2941=ORIENTED_EDGE('',*,*,#2227,.F.);
#2942=ORIENTED_EDGE('',*,*,#2228,.T.);
#2943=ORIENTED_EDGE('',*,*,#2224,.T.);
#2944=ORIENTED_EDGE('',*,*,#2229,.F.);
#2945=ORIENTED_EDGE('',*,*,#2230,.F.);
#2946=ORIENTED_EDGE('',*,*,#2231,.T.);
#2947=ORIENTED_EDGE('',*,*,#2227,.T.);
#2948=ORIENTED_EDGE('',*,*,#2232,.F.);
#2949=ORIENTED_EDGE('',*,*,#2233,.F.);
#2950=ORIENTED_EDGE('',*,*,#2234,.T.);
#2951=ORIENTED_EDGE('',*,*,#2230,.T.);
#2952=ORIENTED_EDGE('',*,*,#2235,.F.);
#2953=ORIENTED_EDGE('',*,*,#2236,.F.);
#2954=ORIENTED_EDGE('',*,*,#2237,.T.);
#2955=ORIENTED_EDGE('',*,*,#2233,.T.);
#2956=ORIENTED_EDGE('',*,*,#2238,.T.);
#2957=ORIENTED_EDGE('',*,*,#2239,.F.);
#2958=ORIENTED_EDGE('',*,*,#2240,.T.);
#2959=ORIENTED_EDGE('',*,*,#2236,.T.);
#2960=ORIENTED_EDGE('',*,*,#2241,.T.);
#2961=ORIENTED_EDGE('',*,*,#2242,.F.);
#2962=ORIENTED_EDGE('',*,*,#2243,.T.);
#2963=ORIENTED_EDGE('',*,*,#2239,.T.);
#2964=ORIENTED_EDGE('',*,*,#2244,.T.);
#2965=ORIENTED_EDGE('',*,*,#2126,.F.);
#2966=ORIENTED_EDGE('',*,*,#2245,.T.);
#2967=ORIENTED_EDGE('',*,*,#2242,.T.);
#2968=ORIENTED_EDGE('',*,*,#2246,.T.);
#2969=ORIENTED_EDGE('',*,*,#2247,.T.);
#2970=ORIENTED_EDGE('',*,*,#2248,.T.);
#2971=ORIENTED_EDGE('',*,*,#2249,.T.);
#2972=ORIENTED_EDGE('',*,*,#2112,.T.);
#2973=ORIENTED_EDGE('',*,*,#2250,.T.);
#2974=ORIENTED_EDGE('',*,*,#2251,.T.);
#2975=ORIENTED_EDGE('',*,*,#2252,.T.);
#2976=ORIENTED_EDGE('',*,*,#2116,.T.);
#2977=ORIENTED_EDGE('',*,*,#2253,.T.);
#2978=ORIENTED_EDGE('',*,*,#2254,.T.);
#2979=ORIENTED_EDGE('',*,*,#2255,.T.);
#2980=ORIENTED_EDGE('',*,*,#2256,.T.);
#2981=ORIENTED_EDGE('',*,*,#2257,.T.);
#2982=ORIENTED_EDGE('',*,*,#2258,.T.);
#2983=ORIENTED_EDGE('',*,*,#2259,.T.);
#2984=ORIENTED_EDGE('',*,*,#2260,.T.);
#2985=ORIENTED_EDGE('',*,*,#2261,.T.);
#2986=ORIENTED_EDGE('',*,*,#2262,.T.);
#2987=ORIENTED_EDGE('',*,*,#2263,.T.);
#2988=ORIENTED_EDGE('',*,*,#2264,.T.);
#2989=ORIENTED_EDGE('',*,*,#2265,.T.);
#2990=ORIENTED_EDGE('',*,*,#2266,.T.);
#2991=ORIENTED_EDGE('',*,*,#2267,.T.);
#2992=ORIENTED_EDGE('',*,*,#2268,.T.);
#2993=ORIENTED_EDGE('',*,*,#2122,.T.);
#2994=ORIENTED_EDGE('',*,*,#2269,.T.);
#2995=ORIENTED_EDGE('',*,*,#2270,.T.);
#2996=ORIENTED_EDGE('',*,*,#2271,.T.);
#2997=ORIENTED_EDGE('',*,*,#2272,.T.);
#2998=ORIENTED_EDGE('',*,*,#2273,.T.);
#2999=ORIENTED_EDGE('',*,*,#2274,.T.);
#3000=ORIENTED_EDGE('',*,*,#2275,.T.);
#3001=ORIENTED_EDGE('',*,*,#2276,.T.);
#3002=ORIENTED_EDGE('',*,*,#2277,.T.);
#3003=ORIENTED_EDGE('',*,*,#2090,.F.);
#3004=ORIENTED_EDGE('',*,*,#2108,.T.);
#3005=ORIENTED_EDGE('',*,*,#2102,.T.);
#3006=ORIENTED_EDGE('',*,*,#2093,.T.);
#3007=ORIENTED_EDGE('',*,*,#2127,.T.);
#3008=ORIENTED_EDGE('',*,*,#2246,.F.);
#3009=ORIENTED_EDGE('',*,*,#2244,.F.);
#3010=ORIENTED_EDGE('',*,*,#2241,.F.);
#3011=ORIENTED_EDGE('',*,*,#2238,.F.);
#3012=ORIENTED_EDGE('',*,*,#2235,.T.);
#3013=ORIENTED_EDGE('',*,*,#2232,.T.);
#3014=ORIENTED_EDGE('',*,*,#2229,.T.);
#3015=ORIENTED_EDGE('',*,*,#2226,.T.);
#3016=ORIENTED_EDGE('',*,*,#2223,.F.);
#3017=ORIENTED_EDGE('',*,*,#2220,.F.);
#3018=ORIENTED_EDGE('',*,*,#2217,.T.);
#3019=ORIENTED_EDGE('',*,*,#2214,.T.);
#3020=ORIENTED_EDGE('',*,*,#2211,.T.);
#3021=ORIENTED_EDGE('',*,*,#2208,.T.);
#3022=ORIENTED_EDGE('',*,*,#2206,.T.);
#3023=ORIENTED_EDGE('',*,*,#2203,.T.);
#3024=ORIENTED_EDGE('',*,*,#2200,.T.);
#3025=ORIENTED_EDGE('',*,*,#2197,.T.);
#3026=ORIENTED_EDGE('',*,*,#2194,.F.);
#3027=ORIENTED_EDGE('',*,*,#2191,.T.);
#3028=ORIENTED_EDGE('',*,*,#2188,.T.);
#3029=ORIENTED_EDGE('',*,*,#2185,.T.);
#3030=ORIENTED_EDGE('',*,*,#2182,.T.);
#3031=ORIENTED_EDGE('',*,*,#2179,.T.);
#3032=ORIENTED_EDGE('',*,*,#2176,.T.);
#3033=ORIENTED_EDGE('',*,*,#2173,.T.);
#3034=ORIENTED_EDGE('',*,*,#2170,.T.);
#3035=ORIENTED_EDGE('',*,*,#2167,.T.);
#3036=ORIENTED_EDGE('',*,*,#2164,.T.);
#3037=ORIENTED_EDGE('',*,*,#2161,.T.);
#3038=ORIENTED_EDGE('',*,*,#2158,.T.);
#3039=ORIENTED_EDGE('',*,*,#2155,.T.);
#3040=ORIENTED_EDGE('',*,*,#2152,.T.);
#3041=ORIENTED_EDGE('',*,*,#2149,.T.);
#3042=ORIENTED_EDGE('',*,*,#2147,.T.);
#3043=ORIENTED_EDGE('',*,*,#2144,.T.);
#3044=ORIENTED_EDGE('',*,*,#2141,.T.);
#3045=ORIENTED_EDGE('',*,*,#2138,.T.);
#3046=ORIENTED_EDGE('',*,*,#2135,.T.);
#3047=ORIENTED_EDGE('',*,*,#2132,.T.);
#3048=ORIENTED_EDGE('',*,*,#2130,.T.);
#3049=ORIENTED_EDGE('',*,*,#2103,.T.);
#3050=ORIENTED_EDGE('',*,*,#2097,.T.);
#3051=ORIENTED_EDGE('',*,*,#2094,.T.);
#3052=ORIENTED_EDGE('',*,*,#2278,.F.);
#3053=ORIENTED_EDGE('',*,*,#2184,.F.);
#3054=ORIENTED_EDGE('',*,*,#2279,.F.);
#3055=ORIENTED_EDGE('',*,*,#2261,.F.);
#3056=ORIENTED_EDGE('',*,*,#2279,.T.);
#3057=ORIENTED_EDGE('',*,*,#2187,.F.);
#3058=ORIENTED_EDGE('',*,*,#2280,.F.);
#3059=ORIENTED_EDGE('',*,*,#2262,.F.);
#3060=ORIENTED_EDGE('',*,*,#2278,.T.);
#3061=ORIENTED_EDGE('',*,*,#2260,.F.);
#3062=ORIENTED_EDGE('',*,*,#2281,.F.);
#3063=ORIENTED_EDGE('',*,*,#2181,.F.);
#3064=ORIENTED_EDGE('',*,*,#2280,.T.);
#3065=ORIENTED_EDGE('',*,*,#2190,.F.);
#3066=ORIENTED_EDGE('',*,*,#2282,.F.);
#3067=ORIENTED_EDGE('',*,*,#2263,.F.);
#3068=ORIENTED_EDGE('',*,*,#2178,.F.);
#3069=ORIENTED_EDGE('',*,*,#2281,.T.);
#3070=ORIENTED_EDGE('',*,*,#2283,.F.);
#3071=ORIENTED_EDGE('',*,*,#2282,.T.);
#3072=ORIENTED_EDGE('',*,*,#2193,.F.);
#3073=ORIENTED_EDGE('',*,*,#2284,.F.);
#3074=ORIENTED_EDGE('',*,*,#2264,.F.);
#3075=ORIENTED_EDGE('',*,*,#2283,.T.);
#3076=ORIENTED_EDGE('',*,*,#2259,.F.);
#3077=ORIENTED_EDGE('',*,*,#2285,.F.);
#3078=ORIENTED_EDGE('',*,*,#2175,.F.);
#3079=ORIENTED_EDGE('',*,*,#2284,.T.);
#3080=ORIENTED_EDGE('',*,*,#2196,.F.);
#3081=ORIENTED_EDGE('',*,*,#2286,.F.);
#3082=ORIENTED_EDGE('',*,*,#2265,.F.);
#3083=ORIENTED_EDGE('',*,*,#2285,.T.);
#3084=ORIENTED_EDGE('',*,*,#2258,.F.);
#3085=ORIENTED_EDGE('',*,*,#2287,.F.);
#3086=ORIENTED_EDGE('',*,*,#2172,.F.);
#3087=ORIENTED_EDGE('',*,*,#2286,.T.);
#3088=ORIENTED_EDGE('',*,*,#2199,.F.);
#3089=ORIENTED_EDGE('',*,*,#2288,.F.);
#3090=ORIENTED_EDGE('',*,*,#2266,.F.);
#3091=ORIENTED_EDGE('',*,*,#2287,.T.);
#3092=ORIENTED_EDGE('',*,*,#2257,.F.);
#3093=ORIENTED_EDGE('',*,*,#2289,.F.);
#3094=ORIENTED_EDGE('',*,*,#2169,.F.);
#3095=ORIENTED_EDGE('',*,*,#2288,.T.);
#3096=ORIENTED_EDGE('',*,*,#2202,.F.);
#3097=ORIENTED_EDGE('',*,*,#2290,.F.);
#3098=ORIENTED_EDGE('',*,*,#2267,.F.);
#3099=ORIENTED_EDGE('',*,*,#2166,.F.);
#3100=ORIENTED_EDGE('',*,*,#2289,.T.);
#3101=ORIENTED_EDGE('',*,*,#2291,.F.);
#3102=ORIENTED_EDGE('',*,*,#2290,.T.);
#3103=ORIENTED_EDGE('',*,*,#2205,.F.);
#3104=ORIENTED_EDGE('',*,*,#2123,.F.);
#3105=ORIENTED_EDGE('',*,*,#2268,.F.);
#3106=ORIENTED_EDGE('',*,*,#2291,.T.);
#3107=ORIENTED_EDGE('',*,*,#2256,.F.);
#3108=ORIENTED_EDGE('',*,*,#2292,.F.);
#3109=ORIENTED_EDGE('',*,*,#2163,.F.);
#3110=ORIENTED_EDGE('',*,*,#2292,.T.);
#3111=ORIENTED_EDGE('',*,*,#2255,.F.);
#3112=ORIENTED_EDGE('',*,*,#2293,.F.);
#3113=ORIENTED_EDGE('',*,*,#2160,.F.);
#3114=ORIENTED_EDGE('',*,*,#2121,.T.);
#3115=ORIENTED_EDGE('',*,*,#2210,.F.);
#3116=ORIENTED_EDGE('',*,*,#2294,.F.);
#3117=ORIENTED_EDGE('',*,*,#2269,.F.);
#3118=ORIENTED_EDGE('',*,*,#2293,.T.);
#3119=ORIENTED_EDGE('',*,*,#2254,.F.);
#3120=ORIENTED_EDGE('',*,*,#2295,.F.);
#3121=ORIENTED_EDGE('',*,*,#2157,.F.);
#3122=ORIENTED_EDGE('',*,*,#2294,.T.);
#3123=ORIENTED_EDGE('',*,*,#2213,.F.);
#3124=ORIENTED_EDGE('',*,*,#2296,.F.);
#3125=ORIENTED_EDGE('',*,*,#2270,.F.);
#3126=ORIENTED_EDGE('',*,*,#2154,.F.);
#3127=ORIENTED_EDGE('',*,*,#2295,.T.);
#3128=ORIENTED_EDGE('',*,*,#2297,.F.);
#3129=ORIENTED_EDGE('',*,*,#2296,.T.);
#3130=ORIENTED_EDGE('',*,*,#2216,.F.);
#3131=ORIENTED_EDGE('',*,*,#2298,.F.);
#3132=ORIENTED_EDGE('',*,*,#2271,.F.);
#3133=ORIENTED_EDGE('',*,*,#2297,.T.);
#3134=ORIENTED_EDGE('',*,*,#2253,.F.);
#3135=ORIENTED_EDGE('',*,*,#2119,.F.);
#3136=ORIENTED_EDGE('',*,*,#2151,.F.);
#3137=ORIENTED_EDGE('',*,*,#2298,.T.);
#3138=ORIENTED_EDGE('',*,*,#2219,.F.);
#3139=ORIENTED_EDGE('',*,*,#2299,.F.);
#3140=ORIENTED_EDGE('',*,*,#2272,.F.);
#3141=ORIENTED_EDGE('',*,*,#2299,.T.);
#3142=ORIENTED_EDGE('',*,*,#2222,.F.);
#3143=ORIENTED_EDGE('',*,*,#2300,.F.);
#3144=ORIENTED_EDGE('',*,*,#2273,.F.);
#3145=ORIENTED_EDGE('',*,*,#2117,.T.);
#3146=ORIENTED_EDGE('',*,*,#2252,.F.);
#3147=ORIENTED_EDGE('',*,*,#2301,.F.);
#3148=ORIENTED_EDGE('',*,*,#2146,.F.);
#3149=ORIENTED_EDGE('',*,*,#2300,.T.);
#3150=ORIENTED_EDGE('',*,*,#2225,.F.);
#3151=ORIENTED_EDGE('',*,*,#2302,.F.);
#3152=ORIENTED_EDGE('',*,*,#2143,.F.);
#3153=ORIENTED_EDGE('',*,*,#2301,.T.);
#3154=ORIENTED_EDGE('',*,*,#2303,.F.);
#3155=ORIENTED_EDGE('',*,*,#2302,.T.);
#3156=ORIENTED_EDGE('',*,*,#2228,.F.);
#3157=ORIENTED_EDGE('',*,*,#2304,.F.);
#3158=ORIENTED_EDGE('',*,*,#2274,.F.);
#3159=ORIENTED_EDGE('',*,*,#2303,.T.);
#3160=ORIENTED_EDGE('',*,*,#2251,.F.);
#3161=ORIENTED_EDGE('',*,*,#2305,.F.);
#3162=ORIENTED_EDGE('',*,*,#2140,.F.);
#3163=ORIENTED_EDGE('',*,*,#2304,.T.);
#3164=ORIENTED_EDGE('',*,*,#2231,.F.);
#3165=ORIENTED_EDGE('',*,*,#2306,.F.);
#3166=ORIENTED_EDGE('',*,*,#2275,.F.);
#3167=ORIENTED_EDGE('',*,*,#2137,.F.);
#3168=ORIENTED_EDGE('',*,*,#2305,.T.);
#3169=ORIENTED_EDGE('',*,*,#2307,.F.);
#3170=ORIENTED_EDGE('',*,*,#2306,.T.);
#3171=ORIENTED_EDGE('',*,*,#2234,.F.);
#3172=ORIENTED_EDGE('',*,*,#2308,.F.);
#3173=ORIENTED_EDGE('',*,*,#2276,.F.);
#3174=ORIENTED_EDGE('',*,*,#2307,.T.);
#3175=ORIENTED_EDGE('',*,*,#2250,.F.);
#3176=ORIENTED_EDGE('',*,*,#2115,.F.);
#3177=ORIENTED_EDGE('',*,*,#2134,.F.);
#3178=ORIENTED_EDGE('',*,*,#2308,.T.);
#3179=ORIENTED_EDGE('',*,*,#2237,.F.);
#3180=ORIENTED_EDGE('',*,*,#2309,.F.);
#3181=ORIENTED_EDGE('',*,*,#2309,.T.);
#3182=ORIENTED_EDGE('',*,*,#2240,.F.);
#3183=ORIENTED_EDGE('',*,*,#2310,.F.);
#3184=ORIENTED_EDGE('',*,*,#2277,.F.);
#3185=ORIENTED_EDGE('',*,*,#2113,.T.);
#3186=ORIENTED_EDGE('',*,*,#2249,.F.);
#3187=ORIENTED_EDGE('',*,*,#2311,.F.);
#3188=ORIENTED_EDGE('',*,*,#2129,.F.);
#3189=ORIENTED_EDGE('',*,*,#2310,.T.);
#3190=ORIENTED_EDGE('',*,*,#2243,.F.);
#3191=ORIENTED_EDGE('',*,*,#2312,.F.);
#3192=ORIENTED_EDGE('',*,*,#2247,.F.);
#3193=ORIENTED_EDGE('',*,*,#2125,.F.);
#3194=ORIENTED_EDGE('',*,*,#2311,.T.);
#3195=ORIENTED_EDGE('',*,*,#2313,.F.);
#3196=ORIENTED_EDGE('',*,*,#2312,.T.);
#3197=ORIENTED_EDGE('',*,*,#2245,.F.);
#3198=ORIENTED_EDGE('',*,*,#2313,.T.);
#3199=ORIENTED_EDGE('',*,*,#2248,.F.);
#3200=ORIENTED_EDGE('',*,*,#2088,.T.);
#3201=ORIENTED_EDGE('',*,*,#2314,.T.);
#3202=ORIENTED_EDGE('',*,*,#2315,.T.);
#3203=ORIENTED_EDGE('',*,*,#2316,.F.);
#3204=ORIENTED_EDGE('',*,*,#2315,.F.);
#3205=ORIENTED_EDGE('',*,*,#2316,.T.);
#3206=ORIENTED_EDGE('',*,*,#2314,.F.);
#3207=PLANE('',#3558);
#3208=PLANE('',#3559);
#3209=PLANE('',#3560);
#3210=PLANE('',#3561);
#3211=PLANE('',#3562);
#3212=PLANE('',#3563);
#3213=PLANE('',#3564);
#3214=PLANE('',#3565);
#3215=PLANE('',#3566);
#3216=PLANE('',#3567);
#3217=PLANE('',#3568);
#3218=PLANE('',#3569);
#3219=PLANE('',#3570);
#3220=PLANE('',#3571);
#3221=PLANE('',#3572);
#3222=PLANE('',#3573);
#3223=PLANE('',#3574);
#3224=PLANE('',#3575);
#3225=PLANE('',#3576);
#3226=PLANE('',#3577);
#3227=PLANE('',#3578);
#3228=PLANE('',#3579);
#3229=PLANE('',#3580);
#3230=PLANE('',#3581);
#3231=PLANE('',#3582);
#3232=PLANE('',#3583);
#3233=PLANE('',#3584);
#3234=PLANE('',#3585);
#3235=PLANE('',#3586);
#3236=PLANE('',#3587);
#3237=PLANE('',#3589);
#3238=PLANE('',#3590);
#3239=PLANE('',#3591);
#3240=PLANE('',#3592);
#3241=PLANE('',#3593);
#3242=PLANE('',#3594);
#3243=PLANE('',#3595);
#3244=PLANE('',#3596);
#3245=PLANE('',#3597);
#3246=PLANE('',#3598);
#3247=PLANE('',#3599);
#3248=PLANE('',#3600);
#3249=PLANE('',#3601);
#3250=PLANE('',#3602);
#3251=PLANE('',#3642);
#3252=PLANE('',#3643);
#3253=PLANE('',#3644);
#3254=PLANE('',#3645);
#3255=PLANE('',#3646);
#3256=PLANE('',#3647);
#3257=PLANE('',#3648);
#3258=PLANE('',#3649);
#3259=PLANE('',#3650);
#3260=PLANE('',#3651);
#3261=PLANE('',#3655);
#3262=PLANE('',#3656);
#3263=PLANE('',#3657);
#3264=PLANE('',#3658);
#3265=PLANE('',#3659);
#3266=PLANE('',#3660);
#3267=PLANE('',#3667);
#3268=PLANE('',#3668);
#3269=PLANE('',#3675);
#3270=PLANE('',#3676);
#3271=PLANE('',#3683);
#3272=PLANE('',#3684);
#3273=PLANE('',#3691);
#3274=PLANE('',#3692);
#3275=PLANE('',#3699);
#3276=PLANE('',#3700);
#3277=PLANE('',#3707);
#3278=PLANE('',#3708);
#3279=PLANE('',#3715);
#3280=PLANE('',#3716);
#3281=PLANE('',#3723);
#3282=PLANE('',#3724);
#3283=PLANE('',#3731);
#3284=PLANE('',#3732);
#3285=PLANE('',#3781);
#3286=PLANE('',#3784);
#3287=PLANE('',#3788);
#3288=PLANE('',#3792);
#3289=PLANE('',#3795);
#3290=PLANE('',#3799);
#3291=PLANE('',#3803);
#3292=PLANE('',#3807);
#3293=PLANE('',#3811);
#3294=PLANE('',#3815);
#3295=PLANE('',#3819);
#3296=PLANE('',#3823);
#3297=PLANE('',#3827);
#3298=PLANE('',#3831);
#3299=PLANE('',#3834);
#3300=PLANE('',#3838);
#3301=PLANE('',#3842);
#3302=PLANE('',#3846);
#3303=PLANE('',#3850);
#3304=PLANE('',#3854);
#3305=PLANE('',#3858);
#3306=PLANE('',#3859);
#3307=PLANE('',#3870);
#3308=PLANE('',#3946);
#3309=PLANE('',#3950);
#3310=PLANE('',#3951);
#3311=ADVANCED_FACE('',(#601),#3207,.T.);
#3312=ADVANCED_FACE('',(#602),#3208,.T.);
#3313=ADVANCED_FACE('',(#603),#3209,.T.);
#3314=ADVANCED_FACE('',(#604),#3210,.T.);
#3315=ADVANCED_FACE('',(#605),#3211,.T.);
#3316=ADVANCED_FACE('',(#606),#3212,.T.);
#3317=ADVANCED_FACE('',(#607),#3213,.T.);
#3318=ADVANCED_FACE('',(#608),#3214,.T.);
#3319=ADVANCED_FACE('',(#609),#3215,.T.);
#3320=ADVANCED_FACE('',(#610),#3216,.T.);
#3321=ADVANCED_FACE('',(#611),#3217,.T.);
#3322=ADVANCED_FACE('',(#612),#3218,.T.);
#3323=ADVANCED_FACE('',(#613,#552),#3219,.T.);
#3324=ADVANCED_FACE('',(#614),#3220,.T.);
#3325=ADVANCED_FACE('',(#615),#3221,.T.);
#3326=ADVANCED_FACE('',(#616),#3222,.T.);
#3327=ADVANCED_FACE('',(#617),#3223,.T.);
#3328=ADVANCED_FACE('',(#618),#3224,.T.);
#3329=ADVANCED_FACE('',(#619),#3225,.T.);
#3330=ADVANCED_FACE('',(#620),#3226,.T.);
#3331=ADVANCED_FACE('',(#621),#3227,.T.);
#3332=ADVANCED_FACE('',(#622),#3228,.T.);
#3333=ADVANCED_FACE('',(#623),#3229,.T.);
#3334=ADVANCED_FACE('',(#624),#3230,.T.);
#3335=ADVANCED_FACE('',(#625,#553),#3231,.F.);
#3336=ADVANCED_FACE('',(#626),#3232,.T.);
#3337=ADVANCED_FACE('',(#627),#3233,.T.);
#3338=ADVANCED_FACE('',(#628),#3234,.T.);
#3339=ADVANCED_FACE('',(#629),#3235,.T.);
#3340=ADVANCED_FACE('',(#630),#3236,.T.);
#3341=ADVANCED_FACE('',(#631),#3237,.T.);
#3342=ADVANCED_FACE('',(#632),#3238,.T.);
#3343=ADVANCED_FACE('',(#633),#3239,.T.);
#3344=ADVANCED_FACE('',(#634),#3240,.T.);
#3345=ADVANCED_FACE('',(#635),#3241,.T.);
#3346=ADVANCED_FACE('',(#636),#3242,.T.);
#3347=ADVANCED_FACE('',(#637),#3243,.T.);
#3348=ADVANCED_FACE('',(#638),#3244,.T.);
#3349=ADVANCED_FACE('',(#639),#3245,.T.);
#3350=ADVANCED_FACE('',(#640),#3246,.T.);
#3351=ADVANCED_FACE('',(#641),#3247,.T.);
#3352=ADVANCED_FACE('',(#642),#3248,.T.);
#3353=ADVANCED_FACE('',(#643),#3249,.T.);
#3354=ADVANCED_FACE('',(#644),#3250,.T.);
#3355=ADVANCED_FACE('',(#645),#228,.F.);
#3356=ADVANCED_FACE('',(#646),#229,.F.);
#3357=ADVANCED_FACE('',(#647),#230,.F.);
#3358=ADVANCED_FACE('',(#648),#231,.F.);
#3359=ADVANCED_FACE('',(#649),#232,.F.);
#3360=ADVANCED_FACE('',(#650),#233,.F.);
#3361=ADVANCED_FACE('',(#651),#234,.F.);
#3362=ADVANCED_FACE('',(#652),#235,.F.);
#3363=ADVANCED_FACE('',(#653),#236,.F.);
#3364=ADVANCED_FACE('',(#654),#3251,.T.);
#3365=ADVANCED_FACE('',(#655),#3252,.T.);
#3366=ADVANCED_FACE('',(#656),#3253,.F.);
#3367=ADVANCED_FACE('',(#657),#3254,.T.);
#3368=ADVANCED_FACE('',(#658),#3255,.T.);
#3369=ADVANCED_FACE('',(#659),#3256,.F.);
#3370=ADVANCED_FACE('',(#660),#3257,.F.);
#3371=ADVANCED_FACE('',(#661),#3258,.F.);
#3372=ADVANCED_FACE('',(#662,#554,#555,#556,#557,#558,#559,#560,#561,#562,
#563),#3259,.T.);
#3373=ADVANCED_FACE('',(#663,#564,#565,#566,#567,#568,#569,#570,#571,#572,
#573),#3260,.F.);
#3374=ADVANCED_FACE('',(#664),#237,.F.);
#3375=ADVANCED_FACE('',(#665),#3261,.F.);
#3376=ADVANCED_FACE('',(#666),#3262,.F.);
#3377=ADVANCED_FACE('',(#667),#3263,.T.);
#3378=ADVANCED_FACE('',(#668),#3264,.T.);
#3379=ADVANCED_FACE('',(#669,#574),#3265,.T.);
#3380=ADVANCED_FACE('',(#670,#575),#3266,.F.);
#3381=ADVANCED_FACE('',(#671),#238,.T.);
#3382=ADVANCED_FACE('',(#672),#239,.F.);
#3383=ADVANCED_FACE('',(#673,#576),#3267,.T.);
#3384=ADVANCED_FACE('',(#674,#577),#3268,.F.);
#3385=ADVANCED_FACE('',(#675),#240,.T.);
#3386=ADVANCED_FACE('',(#676),#241,.F.);
#3387=ADVANCED_FACE('',(#677,#578),#3269,.T.);
#3388=ADVANCED_FACE('',(#678,#579),#3270,.F.);
#3389=ADVANCED_FACE('',(#679),#242,.T.);
#3390=ADVANCED_FACE('',(#680),#243,.F.);
#3391=ADVANCED_FACE('',(#681,#580),#3271,.T.);
#3392=ADVANCED_FACE('',(#682,#581),#3272,.F.);
#3393=ADVANCED_FACE('',(#683),#244,.T.);
#3394=ADVANCED_FACE('',(#684),#245,.F.);
#3395=ADVANCED_FACE('',(#685,#582),#3273,.T.);
#3396=ADVANCED_FACE('',(#686,#583),#3274,.F.);
#3397=ADVANCED_FACE('',(#687),#246,.T.);
#3398=ADVANCED_FACE('',(#688),#247,.F.);
#3399=ADVANCED_FACE('',(#689,#584),#3275,.T.);
#3400=ADVANCED_FACE('',(#690,#585),#3276,.F.);
#3401=ADVANCED_FACE('',(#691),#248,.F.);
#3402=ADVANCED_FACE('',(#692),#249,.T.);
#3403=ADVANCED_FACE('',(#693,#586),#3277,.T.);
#3404=ADVANCED_FACE('',(#694,#587),#3278,.F.);
#3405=ADVANCED_FACE('',(#695),#250,.F.);
#3406=ADVANCED_FACE('',(#696),#251,.T.);
#3407=ADVANCED_FACE('',(#697,#588),#3279,.T.);
#3408=ADVANCED_FACE('',(#698,#589),#3280,.F.);
#3409=ADVANCED_FACE('',(#699),#252,.F.);
#3410=ADVANCED_FACE('',(#700),#253,.T.);
#3411=ADVANCED_FACE('',(#701,#590),#3281,.T.);
#3412=ADVANCED_FACE('',(#702,#591),#3282,.F.);
#3413=ADVANCED_FACE('',(#703),#254,.F.);
#3414=ADVANCED_FACE('',(#704),#255,.T.);
#3415=ADVANCED_FACE('',(#705,#592),#3283,.T.);
#3416=ADVANCED_FACE('',(#706,#593),#3284,.F.);
#3417=ADVANCED_FACE('',(#707),#256,.F.);
#3418=ADVANCED_FACE('',(#708),#34,.T.);
#3419=ADVANCED_FACE('',(#709),#35,.T.);
#3420=ADVANCED_FACE('',(#710),#36,.T.);
#3421=ADVANCED_FACE('',(#711),#37,.T.);
#3422=ADVANCED_FACE('',(#712),#38,.T.);
#3423=ADVANCED_FACE('',(#713),#39,.T.);
#3424=ADVANCED_FACE('',(#714),#257,.F.);
#3425=ADVANCED_FACE('',(#715),#258,.F.);
#3426=ADVANCED_FACE('',(#716),#259,.F.);
#3427=ADVANCED_FACE('',(#717),#40,.T.);
#3428=ADVANCED_FACE('',(#718),#41,.T.);
#3429=ADVANCED_FACE('',(#719),#42,.T.);
#3430=ADVANCED_FACE('',(#720),#260,.T.);
#3431=ADVANCED_FACE('',(#721),#3285,.T.);
#3432=ADVANCED_FACE('',(#722),#261,.F.);
#3433=ADVANCED_FACE('',(#723),#3286,.T.);
#3434=ADVANCED_FACE('',(#724),#262,.T.);
#3435=ADVANCED_FACE('',(#725),#3287,.T.);
#3436=ADVANCED_FACE('',(#726),#263,.T.);
#3437=ADVANCED_FACE('',(#727),#3288,.T.);
#3438=ADVANCED_FACE('',(#728),#264,.F.);
#3439=ADVANCED_FACE('',(#729),#3289,.T.);
#3440=ADVANCED_FACE('',(#730),#265,.T.);
#3441=ADVANCED_FACE('',(#731),#3290,.T.);
#3442=ADVANCED_FACE('',(#732),#266,.T.);
#3443=ADVANCED_FACE('',(#733),#3291,.T.);
#3444=ADVANCED_FACE('',(#734),#267,.T.);
#3445=ADVANCED_FACE('',(#735),#3292,.T.);
#3446=ADVANCED_FACE('',(#736),#268,.F.);
#3447=ADVANCED_FACE('',(#737),#3293,.T.);
#3448=ADVANCED_FACE('',(#738),#269,.T.);
#3449=ADVANCED_FACE('',(#739),#3294,.T.);
#3450=ADVANCED_FACE('',(#740),#270,.F.);
#3451=ADVANCED_FACE('',(#741),#3295,.T.);
#3452=ADVANCED_FACE('',(#742),#271,.T.);
#3453=ADVANCED_FACE('',(#743),#3296,.F.);
#3454=ADVANCED_FACE('',(#744),#272,.T.);
#3455=ADVANCED_FACE('',(#745),#3297,.T.);
#3456=ADVANCED_FACE('',(#746),#273,.F.);
#3457=ADVANCED_FACE('',(#747),#3298,.T.);
#3458=ADVANCED_FACE('',(#748),#274,.T.);
#3459=ADVANCED_FACE('',(#749),#3299,.T.);
#3460=ADVANCED_FACE('',(#750),#275,.F.);
#3461=ADVANCED_FACE('',(#751),#3300,.T.);
#3462=ADVANCED_FACE('',(#752),#276,.T.);
#3463=ADVANCED_FACE('',(#753),#3301,.F.);
#3464=ADVANCED_FACE('',(#754),#277,.T.);
#3465=ADVANCED_FACE('',(#755),#3302,.T.);
#3466=ADVANCED_FACE('',(#756),#278,.F.);
#3467=ADVANCED_FACE('',(#757),#3303,.T.);
#3468=ADVANCED_FACE('',(#758),#279,.T.);
#3469=ADVANCED_FACE('',(#759),#3304,.F.);
#3470=ADVANCED_FACE('',(#760),#280,.T.);
#3471=ADVANCED_FACE('',(#761),#3305,.F.);
#3472=ADVANCED_FACE('',(#762,#594,#595,#596,#597),#3306,.T.);
#3473=ADVANCED_FACE('',(#763,#598,#599,#600),#3307,.F.);
#3474=ADVANCED_FACE('',(#764),#43,.T.);
#3475=ADVANCED_FACE('',(#765),#281,.T.);
#3476=ADVANCED_FACE('',(#766),#282,.T.);
#3477=ADVANCED_FACE('',(#767),#44,.T.);
#3478=ADVANCED_FACE('',(#768),#26,.T.);
#3479=ADVANCED_FACE('',(#769),#283,.T.);
#3480=ADVANCED_FACE('',(#770),#284,.T.);
#3481=ADVANCED_FACE('',(#771),#45,.T.);
#3482=ADVANCED_FACE('',(#772),#46,.T.);
#3483=ADVANCED_FACE('',(#773),#285,.T.);
#3484=ADVANCED_FACE('',(#774),#286,.T.);
#3485=ADVANCED_FACE('',(#775),#47,.T.);
#3486=ADVANCED_FACE('',(#776),#27,.T.);
#3487=ADVANCED_FACE('',(#777),#287,.T.);
#3488=ADVANCED_FACE('',(#778),#288,.T.);
#3489=ADVANCED_FACE('',(#779),#48,.T.);
#3490=ADVANCED_FACE('',(#780),#289,.T.);
#3491=ADVANCED_FACE('',(#781),#290,.T.);
#3492=ADVANCED_FACE('',(#782),#49,.T.);
#3493=ADVANCED_FACE('',(#783),#28,.T.);
#3494=ADVANCED_FACE('',(#784),#291,.T.);
#3495=ADVANCED_FACE('',(#785),#292,.T.);
#3496=ADVANCED_FACE('',(#786),#50,.T.);
#3497=ADVANCED_FACE('',(#787),#293,.T.);
#3498=ADVANCED_FACE('',(#788),#294,.T.);
#3499=ADVANCED_FACE('',(#789),#29,.T.);
#3500=ADVANCED_FACE('',(#790),#30,.T.);
#3501=ADVANCED_FACE('',(#791),#295,.T.);
#3502=ADVANCED_FACE('',(#792),#296,.T.);
#3503=ADVANCED_FACE('',(#793),#51,.T.);
#3504=ADVANCED_FACE('',(#794),#31,.T.);
#3505=ADVANCED_FACE('',(#795),#297,.T.);
#3506=ADVANCED_FACE('',(#796),#298,.T.);
#3507=ADVANCED_FACE('',(#797),#32,.T.);
#3508=ADVANCED_FACE('',(#798),#299,.T.);
#3509=ADVANCED_FACE('',(#799),#300,.T.);
#3510=ADVANCED_FACE('',(#800),#52,.T.);
#3511=ADVANCED_FACE('',(#801),#33,.T.);
#3512=ADVANCED_FACE('',(#802),#301,.T.);
#3513=ADVANCED_FACE('',(#803),#3308,.T.);
#3514=ADVANCED_FACE('',(#804),#302,.T.);
#3515=ADVANCED_FACE('',(#805),#3309,.T.);
#3516=ADVANCED_FACE('',(#806),#3310,.F.);
#3517=CLOSED_SHELL('',(#3311,#3312,#3313,#3314,#3315,#3316,#3317,#3318,
#3319,#3320,#3321,#3322,#3323,#3324,#3325,#3326,#3327,#3328,#3329,#3330,
#3331,#3332,#3333,#3334,#3335,#3336,#3337,#3338,#3339,#3340));
#3518=CLOSED_SHELL('',(#3341,#3342,#3343,#3344,#3345,#3346,#3347,#3348,
#3349,#3350,#3351,#3352,#3353,#3354));
#3519=CLOSED_SHELL('',(#3355,#3356,#3357,#3358,#3359,#3360,#3361,#3362,
#3363,#3364,#3365,#3366,#3367,#3368,#3369,#3370,#3371,#3372,#3373));
#3520=CLOSED_SHELL('',(#3374,#3375,#3376,#3377,#3378,#3379,#3380));
#3521=CLOSED_SHELL('',(#3381,#3382,#3383,#3384));
#3522=CLOSED_SHELL('',(#3385,#3386,#3387,#3388));
#3523=CLOSED_SHELL('',(#3389,#3390,#3391,#3392));
#3524=CLOSED_SHELL('',(#3393,#3394,#3395,#3396));
#3525=CLOSED_SHELL('',(#3397,#3398,#3399,#3400));
#3526=CLOSED_SHELL('',(#3401,#3402,#3403,#3404));
#3527=CLOSED_SHELL('',(#3405,#3406,#3407,#3408));
#3528=CLOSED_SHELL('',(#3409,#3410,#3411,#3412));
#3529=CLOSED_SHELL('',(#3413,#3414,#3415,#3416));
#3530=CLOSED_SHELL('',(#3417,#3418,#3419,#3420,#3421,#3422,#3423,#3424,
#3425,#3426,#3427,#3428,#3429,#3430,#3431,#3432,#3433,#3434,#3435,#3436,
#3437,#3438,#3439,#3440,#3441,#3442,#3443,#3444,#3445,#3446,#3447,#3448,
#3449,#3450,#3451,#3452,#3453,#3454,#3455,#3456,#3457,#3458,#3459,#3460,
#3461,#3462,#3463,#3464,#3465,#3466,#3467,#3468,#3469,#3470,#3471,#3472,
#3473,#3474,#3475,#3476,#3477,#3478,#3479,#3480,#3481,#3482,#3483,#3484,
#3485,#3486,#3487,#3488,#3489,#3490,#3491,#3492,#3493,#3494,#3495,#3496,
#3497,#3498,#3499,#3500,#3501,#3502,#3503,#3504,#3505,#3506,#3507,#3508,
#3509,#3510,#3511,#3512,#3513));
#3531=CLOSED_SHELL('',(#3514,#3515,#3516));
#3532=DERIVED_UNIT_ELEMENT(#3536,1.);
#3533=DERIVED_UNIT_ELEMENT(#5972,-3.);
#3534=DERIVED_UNIT_ELEMENT(#3536,1.);
#3535=DERIVED_UNIT_ELEMENT(#5972,-3.);
#3536=(
MASS_UNIT()
NAMED_UNIT(*)
SI_UNIT(.KILO.,.GRAM.)
);
#3537=DERIVED_UNIT((#3532,#3533));
#3538=DERIVED_UNIT((#3534,#3535));
#3539=MEASURE_REPRESENTATION_ITEM('density measure',
POSITIVE_RATIO_MEASURE(1310.),#3537);
#3540=MEASURE_REPRESENTATION_ITEM('density measure',
POSITIVE_RATIO_MEASURE(8920.),#3538);
#3541=PROPERTY_DEFINITION_REPRESENTATION(#3551,#3545);
#3542=PROPERTY_DEFINITION_REPRESENTATION(#3552,#3546);
#3543=PROPERTY_DEFINITION_REPRESENTATION(#3553,#3547);
#3544=PROPERTY_DEFINITION_REPRESENTATION(#3554,#3548);
#3545=REPRESENTATION('material name',(#3549),#5968);
#3546=REPRESENTATION('density',(#3539),#5968);
#3547=REPRESENTATION('material name',(#3550),#5969);
#3548=REPRESENTATION('density',(#3540),#5969);
#3549=DESCRIPTIVE_REPRESENTATION_ITEM('Pl\X\E1stico PBT',
'Pl\X\E1stico PBT');
#3550=DESCRIPTIVE_REPRESENTATION_ITEM('Aleaci\X\F3n de cobre',
'Aleaci\X\F3n de cobre');
#3551=PROPERTY_DEFINITION('material property','material name',#6003);
#3552=PROPERTY_DEFINITION('material property','density of part',#6003);
#3553=PROPERTY_DEFINITION('material property','material name',#6004);
#3554=PROPERTY_DEFINITION('material property','density of part',#6004);
#3555=AXIS2_PLACEMENT_3D('',#5022,#3954,#3955);
#3556=AXIS2_PLACEMENT_3D('',#5023,#3956,#3957);
#3557=AXIS2_PLACEMENT_3D('',#5024,#3958,#3959);
#3558=AXIS2_PLACEMENT_3D('',#5025,#3960,#3961);
#3559=AXIS2_PLACEMENT_3D('',#5034,#3966,#3967);
#3560=AXIS2_PLACEMENT_3D('',#5040,#3971,#3972);
#3561=AXIS2_PLACEMENT_3D('',#5046,#3976,#3977);
#3562=AXIS2_PLACEMENT_3D('',#5052,#3981,#3982);
#3563=AXIS2_PLACEMENT_3D('',#5058,#3986,#3987);
#3564=AXIS2_PLACEMENT_3D('',#5064,#3991,#3992);
#3565=AXIS2_PLACEMENT_3D('',#5070,#3996,#3997);
#3566=AXIS2_PLACEMENT_3D('',#5073,#4000,#4001);
#3567=AXIS2_PLACEMENT_3D('',#5079,#4005,#4006);
#3568=AXIS2_PLACEMENT_3D('',#5083,#4009,#4010);
#3569=AXIS2_PLACEMENT_3D('',#5087,#4013,#4014);
#3570=AXIS2_PLACEMENT_3D('',#5091,#4017,#4018);
#3571=AXIS2_PLACEMENT_3D('',#5100,#4023,#4024);
#3572=AXIS2_PLACEMENT_3D('',#5109,#4029,#4030);
#3573=AXIS2_PLACEMENT_3D('',#5114,#4034,#4035);
#3574=AXIS2_PLACEMENT_3D('',#5118,#4038,#4039);
#3575=AXIS2_PLACEMENT_3D('',#5122,#4042,#4043);
#3576=AXIS2_PLACEMENT_3D('',#5126,#4046,#4047);
#3577=AXIS2_PLACEMENT_3D('',#5130,#4050,#4051);
#3578=AXIS2_PLACEMENT_3D('',#5136,#4055,#4056);
#3579=AXIS2_PLACEMENT_3D('',#5139,#4059,#4060);
#3580=AXIS2_PLACEMENT_3D('',#5141,#4062,#4063);
#3581=AXIS2_PLACEMENT_3D('',#5143,#4065,#4066);
#3582=AXIS2_PLACEMENT_3D('',#5145,#4068,#4069);
#3583=AXIS2_PLACEMENT_3D('',#5154,#4074,#4075);
#3584=AXIS2_PLACEMENT_3D('',#5155,#4076,#4077);
#3585=AXIS2_PLACEMENT_3D('',#5158,#4080,#4081);
#3586=AXIS2_PLACEMENT_3D('',#5160,#4083,#4084);
#3587=AXIS2_PLACEMENT_3D('',#5162,#4086,#4087);
#3588=AXIS2_PLACEMENT_3D('',#5163,#4088,#4089);
#3589=AXIS2_PLACEMENT_3D('',#5164,#4090,#4091);
#3590=AXIS2_PLACEMENT_3D('',#5173,#4096,#4097);
#3591=AXIS2_PLACEMENT_3D('',#5179,#4101,#4102);
#3592=AXIS2_PLACEMENT_3D('',#5185,#4106,#4107);
#3593=AXIS2_PLACEMENT_3D('',#5188,#4110,#4111);
#3594=AXIS2_PLACEMENT_3D('',#5194,#4115,#4116);
#3595=AXIS2_PLACEMENT_3D('',#5198,#4119,#4120);
#3596=AXIS2_PLACEMENT_3D('',#5199,#4121,#4122);
#3597=AXIS2_PLACEMENT_3D('',#5205,#4126,#4127);
#3598=AXIS2_PLACEMENT_3D('',#5209,#4130,#4131);
#3599=AXIS2_PLACEMENT_3D('',#5215,#4135,#4136);
#3600=AXIS2_PLACEMENT_3D('',#5218,#4139,#4140);
#3601=AXIS2_PLACEMENT_3D('',#5220,#4142,#4143);
#3602=AXIS2_PLACEMENT_3D('',#5221,#4144,#4145);
#3603=AXIS2_PLACEMENT_3D('',#5222,#4146,#4147);
#3604=AXIS2_PLACEMENT_3D('',#5223,#4148,#4149);
#3605=AXIS2_PLACEMENT_3D('',#5224,#4150,#4151);
#3606=AXIS2_PLACEMENT_3D('',#5225,#4152,#4153);
#3607=AXIS2_PLACEMENT_3D('',#5226,#4154,#4155);
#3608=AXIS2_PLACEMENT_3D('',#5227,#4156,#4157);
#3609=AXIS2_PLACEMENT_3D('',#5228,#4158,#4159);
#3610=AXIS2_PLACEMENT_3D('',#5229,#4160,#4161);
#3611=AXIS2_PLACEMENT_3D('',#5230,#4162,#4163);
#3612=AXIS2_PLACEMENT_3D('',#5231,#4164,#4165);
#3613=AXIS2_PLACEMENT_3D('',#5232,#4166,#4167);
#3614=AXIS2_PLACEMENT_3D('',#5233,#4168,#4169);
#3615=AXIS2_PLACEMENT_3D('',#5234,#4170,#4171);
#3616=AXIS2_PLACEMENT_3D('',#5236,#4172,#4173);
#3617=AXIS2_PLACEMENT_3D('',#5239,#4175,#4176);
#3618=AXIS2_PLACEMENT_3D('',#5240,#4177,#4178);
#3619=AXIS2_PLACEMENT_3D('',#5242,#4179,#4180);
#3620=AXIS2_PLACEMENT_3D('',#5245,#4182,#4183);
#3621=AXIS2_PLACEMENT_3D('',#5246,#4184,#4185);
#3622=AXIS2_PLACEMENT_3D('',#5248,#4186,#4187);
#3623=AXIS2_PLACEMENT_3D('',#5251,#4189,#4190);
#3624=AXIS2_PLACEMENT_3D('',#5252,#4191,#4192);
#3625=AXIS2_PLACEMENT_3D('',#5254,#4193,#4194);
#3626=AXIS2_PLACEMENT_3D('',#5257,#4196,#4197);
#3627=AXIS2_PLACEMENT_3D('',#5258,#4198,#4199);
#3628=AXIS2_PLACEMENT_3D('',#5260,#4200,#4201);
#3629=AXIS2_PLACEMENT_3D('',#5263,#4203,#4204);
#3630=AXIS2_PLACEMENT_3D('',#5264,#4205,#4206);
#3631=AXIS2_PLACEMENT_3D('',#5266,#4207,#4208);
#3632=AXIS2_PLACEMENT_3D('',#5269,#4210,#4211);
#3633=AXIS2_PLACEMENT_3D('',#5270,#4212,#4213);
#3634=AXIS2_PLACEMENT_3D('',#5272,#4214,#4215);
#3635=AXIS2_PLACEMENT_3D('',#5275,#4217,#4218);
#3636=AXIS2_PLACEMENT_3D('',#5276,#4219,#4220);
#3637=AXIS2_PLACEMENT_3D('',#5278,#4221,#4222);
#3638=AXIS2_PLACEMENT_3D('',#5281,#4224,#4225);
#3639=AXIS2_PLACEMENT_3D('',#5282,#4226,#4227);
#3640=AXIS2_PLACEMENT_3D('',#5284,#4228,#4229);
#3641=AXIS2_PLACEMENT_3D('',#5287,#4231,#4232);
#3642=AXIS2_PLACEMENT_3D('',#5288,#4233,#4234);
#3643=AXIS2_PLACEMENT_3D('',#5297,#4239,#4240);
#3644=AXIS2_PLACEMENT_3D('',#5303,#4244,#4245);
#3645=AXIS2_PLACEMENT_3D('',#5309,#4249,#4250);
#3646=AXIS2_PLACEMENT_3D('',#5318,#4255,#4256);
#3647=AXIS2_PLACEMENT_3D('',#5324,#4260,#4261);
#3648=AXIS2_PLACEMENT_3D('',#5330,#4265,#4266);
#3649=AXIS2_PLACEMENT_3D('',#5333,#4269,#4270);
#3650=AXIS2_PLACEMENT_3D('',#5336,#4273,#4274);
#3651=AXIS2_PLACEMENT_3D('',#5337,#4275,#4276);
#3652=AXIS2_PLACEMENT_3D('',#5338,#4277,#4278);
#3653=AXIS2_PLACEMENT_3D('',#5340,#4279,#4280);
#3654=AXIS2_PLACEMENT_3D('',#5343,#4282,#4283);
#3655=AXIS2_PLACEMENT_3D('',#5344,#4284,#4285);
#3656=AXIS2_PLACEMENT_3D('',#5353,#4290,#4291);
#3657=AXIS2_PLACEMENT_3D('',#5359,#4295,#4296);
#3658=AXIS2_PLACEMENT_3D('',#5365,#4300,#4301);
#3659=AXIS2_PLACEMENT_3D('',#5368,#4304,#4305);
#3660=AXIS2_PLACEMENT_3D('',#5369,#4306,#4307);
#3661=AXIS2_PLACEMENT_3D('',#5370,#4308,#4309);
#3662=AXIS2_PLACEMENT_3D('',#5372,#4310,#4311);
#3663=AXIS2_PLACEMENT_3D('',#5375,#4313,#4314);
#3664=AXIS2_PLACEMENT_3D('',#5376,#4315,#4316);
#3665=AXIS2_PLACEMENT_3D('',#5378,#4317,#4318);
#3666=AXIS2_PLACEMENT_3D('',#5381,#4320,#4321);
#3667=AXIS2_PLACEMENT_3D('',#5382,#4322,#4323);
#3668=AXIS2_PLACEMENT_3D('',#5383,#4324,#4325);
#3669=AXIS2_PLACEMENT_3D('',#5384,#4326,#4327);
#3670=AXIS2_PLACEMENT_3D('',#5386,#4328,#4329);
#3671=AXIS2_PLACEMENT_3D('',#5389,#4331,#4332);
#3672=AXIS2_PLACEMENT_3D('',#5390,#4333,#4334);
#3673=AXIS2_PLACEMENT_3D('',#5392,#4335,#4336);
#3674=AXIS2_PLACEMENT_3D('',#5395,#4338,#4339);
#3675=AXIS2_PLACEMENT_3D('',#5396,#4340,#4341);
#3676=AXIS2_PLACEMENT_3D('',#5397,#4342,#4343);
#3677=AXIS2_PLACEMENT_3D('',#5398,#4344,#4345);
#3678=AXIS2_PLACEMENT_3D('',#5400,#4346,#4347);
#3679=AXIS2_PLACEMENT_3D('',#5403,#4349,#4350);
#3680=AXIS2_PLACEMENT_3D('',#5404,#4351,#4352);
#3681=AXIS2_PLACEMENT_3D('',#5406,#4353,#4354);
#3682=AXIS2_PLACEMENT_3D('',#5409,#4356,#4357);
#3683=AXIS2_PLACEMENT_3D('',#5410,#4358,#4359);
#3684=AXIS2_PLACEMENT_3D('',#5411,#4360,#4361);
#3685=AXIS2_PLACEMENT_3D('',#5412,#4362,#4363);
#3686=AXIS2_PLACEMENT_3D('',#5414,#4364,#4365);
#3687=AXIS2_PLACEMENT_3D('',#5417,#4367,#4368);
#3688=AXIS2_PLACEMENT_3D('',#5418,#4369,#4370);
#3689=AXIS2_PLACEMENT_3D('',#5420,#4371,#4372);
#3690=AXIS2_PLACEMENT_3D('',#5423,#4374,#4375);
#3691=AXIS2_PLACEMENT_3D('',#5424,#4376,#4377);
#3692=AXIS2_PLACEMENT_3D('',#5425,#4378,#4379);
#3693=AXIS2_PLACEMENT_3D('',#5426,#4380,#4381);
#3694=AXIS2_PLACEMENT_3D('',#5428,#4382,#4383);
#3695=AXIS2_PLACEMENT_3D('',#5431,#4385,#4386);
#3696=AXIS2_PLACEMENT_3D('',#5432,#4387,#4388);
#3697=AXIS2_PLACEMENT_3D('',#5434,#4389,#4390);
#3698=AXIS2_PLACEMENT_3D('',#5437,#4392,#4393);
#3699=AXIS2_PLACEMENT_3D('',#5438,#4394,#4395);
#3700=AXIS2_PLACEMENT_3D('',#5439,#4396,#4397);
#3701=AXIS2_PLACEMENT_3D('',#5440,#4398,#4399);
#3702=AXIS2_PLACEMENT_3D('',#5442,#4400,#4401);
#3703=AXIS2_PLACEMENT_3D('',#5445,#4403,#4404);
#3704=AXIS2_PLACEMENT_3D('',#5446,#4405,#4406);
#3705=AXIS2_PLACEMENT_3D('',#5448,#4407,#4408);
#3706=AXIS2_PLACEMENT_3D('',#5451,#4410,#4411);
#3707=AXIS2_PLACEMENT_3D('',#5452,#4412,#4413);
#3708=AXIS2_PLACEMENT_3D('',#5453,#4414,#4415);
#3709=AXIS2_PLACEMENT_3D('',#5454,#4416,#4417);
#3710=AXIS2_PLACEMENT_3D('',#5456,#4418,#4419);
#3711=AXIS2_PLACEMENT_3D('',#5459,#4421,#4422);
#3712=AXIS2_PLACEMENT_3D('',#5460,#4423,#4424);
#3713=AXIS2_PLACEMENT_3D('',#5462,#4425,#4426);
#3714=AXIS2_PLACEMENT_3D('',#5465,#4428,#4429);
#3715=AXIS2_PLACEMENT_3D('',#5466,#4430,#4431);
#3716=AXIS2_PLACEMENT_3D('',#5467,#4432,#4433);
#3717=AXIS2_PLACEMENT_3D('',#5468,#4434,#4435);
#3718=AXIS2_PLACEMENT_3D('',#5470,#4436,#4437);
#3719=AXIS2_PLACEMENT_3D('',#5473,#4439,#4440);
#3720=AXIS2_PLACEMENT_3D('',#5474,#4441,#4442);
#3721=AXIS2_PLACEMENT_3D('',#5476,#4443,#4444);
#3722=AXIS2_PLACEMENT_3D('',#5479,#4446,#4447);
#3723=AXIS2_PLACEMENT_3D('',#5480,#4448,#4449);
#3724=AXIS2_PLACEMENT_3D('',#5481,#4450,#4451);
#3725=AXIS2_PLACEMENT_3D('',#5482,#4452,#4453);
#3726=AXIS2_PLACEMENT_3D('',#5484,#4454,#4455);
#3727=AXIS2_PLACEMENT_3D('',#5487,#4457,#4458);
#3728=AXIS2_PLACEMENT_3D('',#5488,#4459,#4460);
#3729=AXIS2_PLACEMENT_3D('',#5490,#4461,#4462);
#3730=AXIS2_PLACEMENT_3D('',#5493,#4464,#4465);
#3731=AXIS2_PLACEMENT_3D('',#5494,#4466,#4467);
#3732=AXIS2_PLACEMENT_3D('',#5495,#4468,#4469);
#3733=AXIS2_PLACEMENT_3D('',#5496,#4470,#4471);
#3734=AXIS2_PLACEMENT_3D('',#5498,#4472,#4473);
#3735=AXIS2_PLACEMENT_3D('',#5501,#4475,#4476);
#3736=AXIS2_PLACEMENT_3D('',#5502,#4477,#4478);
#3737=AXIS2_PLACEMENT_3D('',#5504,#4479,#4480);
#3738=AXIS2_PLACEMENT_3D('',#5506,#4481,#4482);
#3739=AXIS2_PLACEMENT_3D('',#5507,#4483,#4484);
#3740=AXIS2_PLACEMENT_3D('',#5508,#4485,#4486);
#3741=AXIS2_PLACEMENT_3D('',#5510,#4487,#4488);
#3742=AXIS2_PLACEMENT_3D('',#5512,#4489,#4490);
#3743=AXIS2_PLACEMENT_3D('',#5513,#4491,#4492);
#3744=AXIS2_PLACEMENT_3D('',#5514,#4493,#4494);
#3745=AXIS2_PLACEMENT_3D('',#5516,#4495,#4496);
#3746=AXIS2_PLACEMENT_3D('',#5518,#4497,#4498);
#3747=AXIS2_PLACEMENT_3D('',#5519,#4499,#4500);
#3748=AXIS2_PLACEMENT_3D('',#5520,#4501,#4502);
#3749=AXIS2_PLACEMENT_3D('',#5522,#4503,#4504);
#3750=AXIS2_PLACEMENT_3D('',#5524,#4505,#4506);
#3751=AXIS2_PLACEMENT_3D('',#5525,#4507,#4508);
#3752=AXIS2_PLACEMENT_3D('',#5526,#4509,#4510);
#3753=AXIS2_PLACEMENT_3D('',#5528,#4511,#4512);
#3754=AXIS2_PLACEMENT_3D('',#5530,#4513,#4514);
#3755=AXIS2_PLACEMENT_3D('',#5531,#4515,#4516);
#3756=AXIS2_PLACEMENT_3D('',#5532,#4517,#4518);
#3757=AXIS2_PLACEMENT_3D('',#5534,#4519,#4520);
#3758=AXIS2_PLACEMENT_3D('',#5536,#4521,#4522);
#3759=AXIS2_PLACEMENT_3D('',#5537,#4523,#4524);
#3760=AXIS2_PLACEMENT_3D('',#5538,#4525,#4526);
#3761=AXIS2_PLACEMENT_3D('',#5540,#4528,#4529);
#3762=AXIS2_PLACEMENT_3D('',#5542,#4531,#4532);
#3763=AXIS2_PLACEMENT_3D('',#5544,#4534,#4535);
#3764=AXIS2_PLACEMENT_3D('',#5547,#4536,#4537);
#3765=AXIS2_PLACEMENT_3D('',#5549,#4538,#4539);
#3766=AXIS2_PLACEMENT_3D('',#5551,#4540,#4541);
#3767=AXIS2_PLACEMENT_3D('',#5552,#4542,#4543);
#3768=AXIS2_PLACEMENT_3D('',#5553,#4544,#4545);
#3769=AXIS2_PLACEMENT_3D('',#5556,#4546,#4547);
#3770=AXIS2_PLACEMENT_3D('',#5558,#4548,#4549);
#3771=AXIS2_PLACEMENT_3D('',#5560,#4550,#4551);
#3772=AXIS2_PLACEMENT_3D('',#5561,#4552,#4553);
#3773=AXIS2_PLACEMENT_3D('',#5562,#4554,#4555);
#3774=AXIS2_PLACEMENT_3D('',#5565,#4556,#4557);
#3775=AXIS2_PLACEMENT_3D('',#5567,#4558,#4559);
#3776=AXIS2_PLACEMENT_3D('',#5569,#4560,#4561);
#3777=AXIS2_PLACEMENT_3D('',#5570,#4562,#4563);
#3778=AXIS2_PLACEMENT_3D('',#5571,#4564,#4565);
#3779=AXIS2_PLACEMENT_3D('',#5576,#4567,#4568);
#3780=AXIS2_PLACEMENT_3D('',#5579,#4570,#4571);
#3781=AXIS2_PLACEMENT_3D('',#5580,#4572,#4573);
#3782=AXIS2_PLACEMENT_3D('',#5585,#4577,#4578);
#3783=AXIS2_PLACEMENT_3D('',#5588,#4580,#4581);
#3784=AXIS2_PLACEMENT_3D('',#5589,#4582,#4583);
#3785=AXIS2_PLACEMENT_3D('',#5595,#4587,#4588);
#3786=AXIS2_PLACEMENT_3D('',#5599,#4590,#4591);
#3787=AXIS2_PLACEMENT_3D('',#5600,#4592,#4593);
#3788=AXIS2_PLACEMENT_3D('',#5601,#4594,#4595);
#3789=AXIS2_PLACEMENT_3D('',#5607,#4599,#4600);
#3790=AXIS2_PLACEMENT_3D('',#5611,#4602,#4603);
#3791=AXIS2_PLACEMENT_3D('',#5612,#4604,#4605);
#3792=AXIS2_PLACEMENT_3D('',#5613,#4606,#4607);
#3793=AXIS2_PLACEMENT_3D('',#5618,#4611,#4612);
#3794=AXIS2_PLACEMENT_3D('',#5621,#4614,#4615);
#3795=AXIS2_PLACEMENT_3D('',#5622,#4616,#4617);
#3796=AXIS2_PLACEMENT_3D('',#5628,#4621,#4622);
#3797=AXIS2_PLACEMENT_3D('',#5632,#4624,#4625);
#3798=AXIS2_PLACEMENT_3D('',#5633,#4626,#4627);
#3799=AXIS2_PLACEMENT_3D('',#5634,#4628,#4629);
#3800=AXIS2_PLACEMENT_3D('',#5640,#4633,#4634);
#3801=AXIS2_PLACEMENT_3D('',#5644,#4636,#4637);
#3802=AXIS2_PLACEMENT_3D('',#5645,#4638,#4639);
#3803=AXIS2_PLACEMENT_3D('',#5646,#4640,#4641);
#3804=AXIS2_PLACEMENT_3D('',#5652,#4645,#4646);
#3805=AXIS2_PLACEMENT_3D('',#5656,#4648,#4649);
#3806=AXIS2_PLACEMENT_3D('',#5657,#4650,#4651);
#3807=AXIS2_PLACEMENT_3D('',#5658,#4652,#4653);
#3808=AXIS2_PLACEMENT_3D('',#5664,#4657,#4658);
#3809=AXIS2_PLACEMENT_3D('',#5668,#4660,#4661);
#3810=AXIS2_PLACEMENT_3D('',#5669,#4662,#4663);
#3811=AXIS2_PLACEMENT_3D('',#5670,#4664,#4665);
#3812=AXIS2_PLACEMENT_3D('',#5676,#4669,#4670);
#3813=AXIS2_PLACEMENT_3D('',#5680,#4672,#4673);
#3814=AXIS2_PLACEMENT_3D('',#5681,#4674,#4675);
#3815=AXIS2_PLACEMENT_3D('',#5682,#4676,#4677);
#3816=AXIS2_PLACEMENT_3D('',#5688,#4681,#4682);
#3817=AXIS2_PLACEMENT_3D('',#5692,#4684,#4685);
#3818=AXIS2_PLACEMENT_3D('',#5693,#4686,#4687);
#3819=AXIS2_PLACEMENT_3D('',#5694,#4688,#4689);
#3820=AXIS2_PLACEMENT_3D('',#5700,#4693,#4694);
#3821=AXIS2_PLACEMENT_3D('',#5704,#4696,#4697);
#3822=AXIS2_PLACEMENT_3D('',#5705,#4698,#4699);
#3823=AXIS2_PLACEMENT_3D('',#5706,#4700,#4701);
#3824=AXIS2_PLACEMENT_3D('',#5712,#4705,#4706);
#3825=AXIS2_PLACEMENT_3D('',#5716,#4708,#4709);
#3826=AXIS2_PLACEMENT_3D('',#5717,#4710,#4711);
#3827=AXIS2_PLACEMENT_3D('',#5718,#4712,#4713);
#3828=AXIS2_PLACEMENT_3D('',#5724,#4717,#4718);
#3829=AXIS2_PLACEMENT_3D('',#5728,#4720,#4721);
#3830=AXIS2_PLACEMENT_3D('',#5729,#4722,#4723);
#3831=AXIS2_PLACEMENT_3D('',#5730,#4724,#4725);
#3832=AXIS2_PLACEMENT_3D('',#5735,#4729,#4730);
#3833=AXIS2_PLACEMENT_3D('',#5738,#4732,#4733);
#3834=AXIS2_PLACEMENT_3D('',#5739,#4734,#4735);
#3835=AXIS2_PLACEMENT_3D('',#5745,#4739,#4740);
#3836=AXIS2_PLACEMENT_3D('',#5749,#4742,#4743);
#3837=AXIS2_PLACEMENT_3D('',#5750,#4744,#4745);
#3838=AXIS2_PLACEMENT_3D('',#5751,#4746,#4747);
#3839=AXIS2_PLACEMENT_3D('',#5757,#4751,#4752);
#3840=AXIS2_PLACEMENT_3D('',#5761,#4754,#4755);
#3841=AXIS2_PLACEMENT_3D('',#5762,#4756,#4757);
#3842=AXIS2_PLACEMENT_3D('',#5763,#4758,#4759);
#3843=AXIS2_PLACEMENT_3D('',#5769,#4763,#4764);
#3844=AXIS2_PLACEMENT_3D('',#5773,#4766,#4767);
#3845=AXIS2_PLACEMENT_3D('',#5774,#4768,#4769);
#3846=AXIS2_PLACEMENT_3D('',#5775,#4770,#4771);
#3847=AXIS2_PLACEMENT_3D('',#5781,#4775,#4776);
#3848=AXIS2_PLACEMENT_3D('',#5785,#4778,#4779);
#3849=AXIS2_PLACEMENT_3D('',#5786,#4780,#4781);
#3850=AXIS2_PLACEMENT_3D('',#5787,#4782,#4783);
#3851=AXIS2_PLACEMENT_3D('',#5793,#4787,#4788);
#3852=AXIS2_PLACEMENT_3D('',#5797,#4790,#4791);
#3853=AXIS2_PLACEMENT_3D('',#5798,#4792,#4793);
#3854=AXIS2_PLACEMENT_3D('',#5799,#4794,#4795);
#3855=AXIS2_PLACEMENT_3D('',#5805,#4799,#4800);
#3856=AXIS2_PLACEMENT_3D('',#5809,#4802,#4803);
#3857=AXIS2_PLACEMENT_3D('',#5810,#4804,#4805);
#3858=AXIS2_PLACEMENT_3D('',#5811,#4806,#4807);
#3859=AXIS2_PLACEMENT_3D('',#5814,#4810,#4811);
#3860=AXIS2_PLACEMENT_3D('',#5817,#4812,#4813);
#3861=AXIS2_PLACEMENT_3D('',#5831,#4821,#4822);
#3862=AXIS2_PLACEMENT_3D('',#5837,#4825,#4826);
#3863=AXIS2_PLACEMENT_3D('',#5843,#4829,#4830);
#3864=AXIS2_PLACEMENT_3D('',#5847,#4832,#4833);
#3865=AXIS2_PLACEMENT_3D('',#5851,#4835,#4836);
#3866=AXIS2_PLACEMENT_3D('',#5855,#4838,#4839);
#3867=AXIS2_PLACEMENT_3D('',#5860,#4842,#4843);
#3868=AXIS2_PLACEMENT_3D('',#5864,#4845,#4846);
#3869=AXIS2_PLACEMENT_3D('',#5870,#4849,#4850);
#3870=AXIS2_PLACEMENT_3D('',#5874,#4853,#4854);
#3871=AXIS2_PLACEMENT_3D('',#5875,#4855,#4856);
#3872=AXIS2_PLACEMENT_3D('',#5876,#4857,#4858);
#3873=AXIS2_PLACEMENT_3D('',#5877,#4859,#4860);
#3874=AXIS2_PLACEMENT_3D('',#5878,#4861,#4862);
#3875=AXIS2_PLACEMENT_3D('',#5879,#4863,#4864);
#3876=AXIS2_PLACEMENT_3D('',#5880,#4865,#4866);
#3877=AXIS2_PLACEMENT_3D('',#5881,#4867,#4868);
#3878=AXIS2_PLACEMENT_3D('',#5882,#4869,#4870);
#3879=AXIS2_PLACEMENT_3D('',#5883,#4871,#4872);
#3880=AXIS2_PLACEMENT_3D('',#5884,#4873,#4874);
#3881=AXIS2_PLACEMENT_3D('',#5885,#4875,#4876);
#3882=AXIS2_PLACEMENT_3D('',#5886,#4877,#4878);
#3883=AXIS2_PLACEMENT_3D('',#5887,#4879,#4880);
#3884=AXIS2_PLACEMENT_3D('',#5888,#4881,#4882);
#3885=AXIS2_PLACEMENT_3D('',#5889,#4883,#4884);
#3886=AXIS2_PLACEMENT_3D('',#5890,#4885,#4886);
#3887=AXIS2_PLACEMENT_3D('',#5891,#4887,#4888);
#3888=AXIS2_PLACEMENT_3D('',#5892,#4889,#4890);
#3889=AXIS2_PLACEMENT_3D('',#5893,#4891,#4892);
#3890=AXIS2_PLACEMENT_3D('',#5894,#4893,#4894);
#3891=AXIS2_PLACEMENT_3D('',#5895,#4895,#4896);
#3892=AXIS2_PLACEMENT_3D('',#5896,#4897,#4898);
#3893=AXIS2_PLACEMENT_3D('',#5897,#4899,#4900);
#3894=AXIS2_PLACEMENT_3D('',#5898,#4901,#4902);
#3895=AXIS2_PLACEMENT_3D('',#5899,#4903,#4904);
#3896=AXIS2_PLACEMENT_3D('',#5900,#4905,#4906);
#3897=AXIS2_PLACEMENT_3D('',#5901,#4907,#4908);
#3898=AXIS2_PLACEMENT_3D('',#5902,#4909,#4910);
#3899=AXIS2_PLACEMENT_3D('',#5903,#4911,#4912);
#3900=AXIS2_PLACEMENT_3D('',#5904,#4913,#4914);
#3901=AXIS2_PLACEMENT_3D('',#5905,#4915,#4916);
#3902=AXIS2_PLACEMENT_3D('',#5906,#4917,#4918);
#3903=AXIS2_PLACEMENT_3D('',#5907,#4919,#4920);
#3904=AXIS2_PLACEMENT_3D('',#5908,#4921,#4922);
#3905=AXIS2_PLACEMENT_3D('',#5909,#4923,#4924);
#3906=AXIS2_PLACEMENT_3D('',#5910,#4925,#4926);
#3907=AXIS2_PLACEMENT_3D('',#5911,#4927,#4928);
#3908=AXIS2_PLACEMENT_3D('',#5912,#4929,#4930);
#3909=AXIS2_PLACEMENT_3D('',#5913,#4931,#4932);
#3910=AXIS2_PLACEMENT_3D('',#5914,#4933,#4934);
#3911=AXIS2_PLACEMENT_3D('',#5915,#4935,#4936);
#3912=AXIS2_PLACEMENT_3D('',#5916,#4937,#4938);
#3913=AXIS2_PLACEMENT_3D('',#5917,#4939,#4940);
#3914=AXIS2_PLACEMENT_3D('',#5918,#4941,#4942);
#3915=AXIS2_PLACEMENT_3D('',#5919,#4943,#4944);
#3916=AXIS2_PLACEMENT_3D('',#5920,#4945,#4946);
#3917=AXIS2_PLACEMENT_3D('',#5921,#4947,#4948);
#3918=AXIS2_PLACEMENT_3D('',#5922,#4949,#4950);
#3919=AXIS2_PLACEMENT_3D('',#5923,#4951,#4952);
#3920=AXIS2_PLACEMENT_3D('',#5924,#4953,#4954);
#3921=AXIS2_PLACEMENT_3D('',#5925,#4955,#4956);
#3922=AXIS2_PLACEMENT_3D('',#5926,#4957,#4958);
#3923=AXIS2_PLACEMENT_3D('',#5927,#4959,#4960);
#3924=AXIS2_PLACEMENT_3D('',#5928,#4961,#4962);
#3925=AXIS2_PLACEMENT_3D('',#5929,#4963,#4964);
#3926=AXIS2_PLACEMENT_3D('',#5930,#4965,#4966);
#3927=AXIS2_PLACEMENT_3D('',#5931,#4967,#4968);
#3928=AXIS2_PLACEMENT_3D('',#5932,#4969,#4970);
#3929=AXIS2_PLACEMENT_3D('',#5933,#4971,#4972);
#3930=AXIS2_PLACEMENT_3D('',#5934,#4973,#4974);
#3931=AXIS2_PLACEMENT_3D('',#5935,#4975,#4976);
#3932=AXIS2_PLACEMENT_3D('',#5936,#4977,#4978);
#3933=AXIS2_PLACEMENT_3D('',#5937,#4979,#4980);
#3934=AXIS2_PLACEMENT_3D('',#5938,#4981,#4982);
#3935=AXIS2_PLACEMENT_3D('',#5939,#4983,#4984);
#3936=AXIS2_PLACEMENT_3D('',#5940,#4985,#4986);
#3937=AXIS2_PLACEMENT_3D('',#5941,#4987,#4988);
#3938=AXIS2_PLACEMENT_3D('',#5942,#4989,#4990);
#3939=AXIS2_PLACEMENT_3D('',#5943,#4991,#4992);
#3940=AXIS2_PLACEMENT_3D('',#5944,#4993,#4994);
#3941=AXIS2_PLACEMENT_3D('',#5945,#4995,#4996);
#3942=AXIS2_PLACEMENT_3D('',#5946,#4997,#4998);
#3943=AXIS2_PLACEMENT_3D('',#5947,#4999,#5000);
#3944=AXIS2_PLACEMENT_3D('',#5948,#5001,#5002);
#3945=AXIS2_PLACEMENT_3D('',#5949,#5003,#5004);
#3946=AXIS2_PLACEMENT_3D('',#5950,#5005,#5006);
#3947=AXIS2_PLACEMENT_3D('',#5951,#5007,#5008);
#3948=AXIS2_PLACEMENT_3D('',#5953,#5009,#5010);
#3949=AXIS2_PLACEMENT_3D('',#5956,#5012,#5013);
#3950=AXIS2_PLACEMENT_3D('',#5957,#5014,#5015);
#3951=AXIS2_PLACEMENT_3D('',#5958,#5016,#5017);
#3952=AXIS2_PLACEMENT_3D('',#5959,#5018,#5019);
#3953=AXIS2_PLACEMENT_3D('',#5960,#5020,#5021);
#3954=DIRECTION('axis',(0.,0.,1.));
#3955=DIRECTION('refdir',(1.,0.,0.));
#3956=DIRECTION('axis',(0.,0.,1.));
#3957=DIRECTION('refdir',(1.,0.,0.));
#3958=DIRECTION('axis',(0.,0.,1.));
#3959=DIRECTION('refdir',(1.,0.,0.));
#3960=DIRECTION('center_axis',(0.,0.707106781186548,-0.707106781186548));
#3961=DIRECTION('ref_axis',(-1.,0.,0.));
#3962=DIRECTION('',(1.,0.,0.));
#3963=DIRECTION('',(0.281084637714823,-0.678598344545846,-0.678598344545846));
#3964=DIRECTION('',(-1.,0.,0.));
#3965=DIRECTION('',(-0.281084637714823,-0.678598344545846,-0.678598344545846));
#3966=DIRECTION('center_axis',(0.499999999999999,0.707106781186549,-0.499999999999999));
#3967=DIRECTION('ref_axis',(-0.707106781186548,0.,-0.707106781186548));
#3968=DIRECTION('',(0.707106781186548,0.,0.707106781186548));
#3969=DIRECTION('',(0.678598344545846,-0.678598344545846,-0.281084637714823));
#3970=DIRECTION('',(-0.707106781186548,0.,-0.707106781186548));
#3971=DIRECTION('center_axis',(0.707106781186548,0.707106781186548,0.));
#3972=DIRECTION('ref_axis',(0.,0.,-1.));
#3973=DIRECTION('',(0.,0.,1.));
#3974=DIRECTION('',(0.678598344545846,-0.678598344545846,0.281084637714823));
#3975=DIRECTION('',(0.,0.,-1.));
#3976=DIRECTION('center_axis',(0.499999999999999,0.707106781186549,0.499999999999999));
#3977=DIRECTION('ref_axis',(0.707106781186548,0.,-0.707106781186548));
#3978=DIRECTION('',(-0.707106781186548,0.,0.707106781186548));
#3979=DIRECTION('',(0.281084637714823,-0.678598344545846,0.678598344545846));
#3980=DIRECTION('',(0.707106781186548,0.,-0.707106781186548));
#3981=DIRECTION('center_axis',(0.,0.707106781186548,0.707106781186548));
#3982=DIRECTION('ref_axis',(1.,0.,0.));
#3983=DIRECTION('',(-1.,0.,0.));
#3984=DIRECTION('',(-0.281084637714823,-0.678598344545846,0.678598344545846));
#3985=DIRECTION('',(1.,0.,0.));
#3986=DIRECTION('center_axis',(-0.499999999999999,0.707106781186549,0.499999999999999));
#3987=DIRECTION('ref_axis',(0.707106781186548,0.,0.707106781186548));
#3988=DIRECTION('',(0.707106781186548,0.,0.707106781186548));
#3989=DIRECTION('',(-0.707106781186548,0.,-0.707106781186548));
#3990=DIRECTION('',(-0.678598344545846,-0.678598344545846,0.281084637714823));
#3991=DIRECTION('center_axis',(-0.707106781186548,0.707106781186548,0.));
#3992=DIRECTION('ref_axis',(0.,0.,1.));
#3993=DIRECTION('',(0.,0.,1.));
#3994=DIRECTION('',(0.,0.,-1.));
#3995=DIRECTION('',(-0.678598344545846,-0.678598344545846,-0.281084637714823));
#3996=DIRECTION('center_axis',(-0.499999999999999,0.707106781186549,-0.499999999999999));
#3997=DIRECTION('ref_axis',(-0.707106781186548,0.,0.707106781186548));
#3998=DIRECTION('',(-0.707106781186548,0.,0.707106781186548));
#3999=DIRECTION('',(0.707106781186548,0.,-0.707106781186548));
#4000=DIRECTION('center_axis',(-0.707106781186548,0.,0.707106781186548));
#4001=DIRECTION('ref_axis',(0.707106781186548,0.,0.707106781186548));
#4002=DIRECTION('',(0.,-1.,0.));
#4003=DIRECTION('',(-0.707106781186548,0.,-0.707106781186548));
#4004=DIRECTION('',(0.,1.,0.));
#4005=DIRECTION('center_axis',(-1.,0.,0.));
#4006=DIRECTION('ref_axis',(0.,0.,1.));
#4007=DIRECTION('',(0.,1.,0.));
#4008=DIRECTION('',(0.,0.,-1.));
#4009=DIRECTION('center_axis',(-0.707106781186548,0.,-0.707106781186548));
#4010=DIRECTION('ref_axis',(-0.707106781186548,0.,0.707106781186548));
#4011=DIRECTION('',(0.,-1.,0.));
#4012=DIRECTION('',(0.707106781186548,0.,-0.707106781186548));
#4013=DIRECTION('center_axis',(0.,0.,-1.));
#4014=DIRECTION('ref_axis',(-1.,0.,0.));
#4015=DIRECTION('',(0.,1.,0.));
#4016=DIRECTION('',(1.,0.,0.));
#4017=DIRECTION('center_axis',(0.,1.,0.));
#4018=DIRECTION('ref_axis',(0.,0.,1.));
#4019=DIRECTION('',(1.,0.,0.));
#4020=DIRECTION('',(0.,0.,1.));
#4021=DIRECTION('',(-1.,0.,0.));
#4022=DIRECTION('',(0.,0.,-1.));
#4023=DIRECTION('center_axis',(0.707106781186547,-0.707106781186548,0.));
#4024=DIRECTION('ref_axis',(0.,0.,-1.));
#4025=DIRECTION('',(0.,0.,-1.));
#4026=DIRECTION('',(0.678598344545847,0.678598344545846,-0.281084637714823));
#4027=DIRECTION('',(0.,0.,1.));
#4028=DIRECTION('',(0.678598344545847,0.678598344545846,0.281084637714823));
#4029=DIRECTION('center_axis',(0.499999999999999,-0.707106781186549,-0.499999999999999));
#4030=DIRECTION('ref_axis',(-0.707106781186547,0.,-0.707106781186547));
#4031=DIRECTION('',(-0.707106781186548,0.,-0.707106781186548));
#4032=DIRECTION('',(0.281084637714823,0.678598344545846,-0.678598344545847));
#4033=DIRECTION('',(0.707106781186548,0.,0.707106781186548));
#4034=DIRECTION('center_axis',(0.,-0.707106781186548,-0.707106781186547));
#4035=DIRECTION('ref_axis',(-1.,0.,0.));
#4036=DIRECTION('',(-1.,0.,0.));
#4037=DIRECTION('',(-0.281084637714823,0.678598344545846,-0.678598344545847));
#4038=DIRECTION('center_axis',(-0.499999999999999,-0.707106781186549,-0.499999999999999));
#4039=DIRECTION('ref_axis',(-0.707106781186547,0.,0.707106781186547));
#4040=DIRECTION('',(-0.707106781186548,0.,0.707106781186548));
#4041=DIRECTION('',(-0.678598344545847,0.678598344545846,-0.281084637714823));
#4042=DIRECTION('center_axis',(-0.707106781186547,-0.707106781186548,0.));
#4043=DIRECTION('ref_axis',(0.,0.,1.));
#4044=DIRECTION('',(0.,0.,1.));
#4045=DIRECTION('',(-0.678598344545847,0.678598344545846,0.281084637714823));
#4046=DIRECTION('center_axis',(-0.499999999999999,-0.707106781186549,0.499999999999999));
#4047=DIRECTION('ref_axis',(0.707106781186547,0.,0.707106781186547));
#4048=DIRECTION('',(0.707106781186548,0.,0.707106781186548));
#4049=DIRECTION('',(-0.281084637714823,0.678598344545846,0.678598344545847));
#4050=DIRECTION('center_axis',(0.,-0.707106781186548,0.707106781186547));
#4051=DIRECTION('ref_axis',(1.,0.,0.));
#4052=DIRECTION('',(-1.,0.,0.));
#4053=DIRECTION('',(1.,0.,0.));
#4054=DIRECTION('',(0.281084637714823,0.678598344545846,0.678598344545847));
#4055=DIRECTION('center_axis',(0.499999999999999,-0.707106781186549,0.499999999999999));
#4056=DIRECTION('ref_axis',(0.707106781186547,0.,-0.707106781186547));
#4057=DIRECTION('',(-0.707106781186548,0.,0.707106781186548));
#4058=DIRECTION('',(0.707106781186548,0.,-0.707106781186548));
#4059=DIRECTION('center_axis',(0.,0.,1.));
#4060=DIRECTION('ref_axis',(1.,0.,0.));
#4061=DIRECTION('',(0.,-1.,0.));
#4062=DIRECTION('center_axis',(0.707106781186548,0.,0.707106781186548));
#4063=DIRECTION('ref_axis',(0.707106781186548,0.,-0.707106781186548));
#4064=DIRECTION('',(0.,1.,0.));
#4065=DIRECTION('center_axis',(1.,0.,0.));
#4066=DIRECTION('ref_axis',(0.,0.,-1.));
#4067=DIRECTION('',(0.,-1.,0.));
#4068=DIRECTION('center_axis',(0.,1.,0.));
#4069=DIRECTION('ref_axis',(1.,0.,0.));
#4070=DIRECTION('',(1.,0.,0.));
#4071=DIRECTION('',(0.,0.,-1.));
#4072=DIRECTION('',(-1.,0.,0.));
#4073=DIRECTION('',(0.,0.,1.));
#4074=DIRECTION('center_axis',(0.707106781186548,0.,-0.707106781186548));
#4075=DIRECTION('ref_axis',(-0.707106781186548,0.,-0.707106781186548));
#4076=DIRECTION('center_axis',(1.,0.,0.));
#4077=DIRECTION('ref_axis',(0.,0.,-1.));
#4078=DIRECTION('',(0.,1.,0.));
#4079=DIRECTION('',(0.,1.,0.));
#4080=DIRECTION('center_axis',(0.,0.,-1.));
#4081=DIRECTION('ref_axis',(-1.,0.,0.));
#4082=DIRECTION('',(0.,1.,0.));
#4083=DIRECTION('center_axis',(-1.,0.,0.));
#4084=DIRECTION('ref_axis',(0.,0.,1.));
#4085=DIRECTION('',(0.,1.,0.));
#4086=DIRECTION('center_axis',(0.,0.,1.));
#4087=DIRECTION('ref_axis',(1.,0.,0.));
#4088=DIRECTION('axis',(0.,0.,1.));
#4089=DIRECTION('refdir',(1.,0.,0.));
#4090=DIRECTION('center_axis',(-0.970142500145332,0.242535625036333,0.));
#4091=DIRECTION('ref_axis',(0.,0.,1.));
#4092=DIRECTION('',(0.,0.,-1.));
#4093=DIRECTION('',(-0.235702260395516,-0.942809041582063,-0.235702260395516));
#4094=DIRECTION('',(0.,0.,1.));
#4095=DIRECTION('',(-0.235702260395516,-0.942809041582063,0.235702260395516));
#4096=DIRECTION('center_axis',(0.,0.242535625036333,-0.970142500145332));
#4097=DIRECTION('ref_axis',(-1.,0.,0.));
#4098=DIRECTION('',(1.,0.,0.));
#4099=DIRECTION('',(0.235702260395516,-0.942809041582063,-0.235702260395516));
#4100=DIRECTION('',(-1.,0.,0.));
#4101=DIRECTION('center_axis',(0.970142500145332,0.242535625036333,0.));
#4102=DIRECTION('ref_axis',(0.,0.,-1.));
#4103=DIRECTION('',(0.,0.,1.));
#4104=DIRECTION('',(0.235702260395516,-0.942809041582063,0.235702260395516));
#4105=DIRECTION('',(0.,0.,-1.));
#4106=DIRECTION('center_axis',(0.,0.242535625036333,0.970142500145332));
#4107=DIRECTION('ref_axis',(1.,0.,0.));
#4108=DIRECTION('',(1.,0.,0.));
#4109=DIRECTION('',(-1.,0.,0.));
#4110=DIRECTION('center_axis',(0.,0.,1.));
#4111=DIRECTION('ref_axis',(1.,0.,0.));
#4112=DIRECTION('',(0.,1.,0.));
#4113=DIRECTION('',(-1.,0.,0.));
#4114=DIRECTION('',(0.,1.,0.));
#4115=DIRECTION('center_axis',(-1.,0.,0.));
#4116=DIRECTION('ref_axis',(0.,0.,1.));
#4117=DIRECTION('',(0.,1.,0.));
#4118=DIRECTION('',(0.,0.,-1.));
#4119=DIRECTION('center_axis',(0.,1.,0.));
#4120=DIRECTION('ref_axis',(0.,0.,1.));
#4121=DIRECTION('center_axis',(-0.970142500145332,-0.242535625036333,0.));
#4122=DIRECTION('ref_axis',(0.,0.,1.));
#4123=DIRECTION('',(0.,0.,1.));
#4124=DIRECTION('',(-0.235702260395516,0.942809041582063,0.235702260395516));
#4125=DIRECTION('',(-0.235702260395516,0.942809041582063,-0.235702260395516));
#4126=DIRECTION('center_axis',(0.,-0.242535625036333,0.970142500145332));
#4127=DIRECTION('ref_axis',(1.,0.,0.));
#4128=DIRECTION('',(1.,0.,0.));
#4129=DIRECTION('',(0.235702260395516,0.942809041582063,0.235702260395516));
#4130=DIRECTION('center_axis',(0.970142500145332,-0.242535625036333,0.));
#4131=DIRECTION('ref_axis',(0.,0.,-1.));
#4132=DIRECTION('',(0.,0.,-1.));
#4133=DIRECTION('',(0.235702260395516,0.942809041582063,-0.235702260395516));
#4134=DIRECTION('',(0.,0.,1.));
#4135=DIRECTION('center_axis',(0.,-0.242535625036333,-0.970142500145332));
#4136=DIRECTION('ref_axis',(-1.,0.,0.));
#4137=DIRECTION('',(1.,0.,0.));
#4138=DIRECTION('',(-1.,0.,0.));
#4139=DIRECTION('center_axis',(0.,0.,-1.));
#4140=DIRECTION('ref_axis',(-1.,0.,0.));
#4141=DIRECTION('',(0.,-1.,0.));
#4142=DIRECTION('center_axis',(0.,-1.,0.));
#4143=DIRECTION('ref_axis',(0.,0.,-1.));
#4144=DIRECTION('center_axis',(1.,0.,0.));
#4145=DIRECTION('ref_axis',(0.,0.,-1.));
#4146=DIRECTION('',(-1.3684555315672E-48,5.55111512312577E-16,1.));
#4147=DIRECTION('',(1.,3.08148791101958E-32,7.65557152893923E-33));
#4148=DIRECTION('',(-1.3684555315672E-48,5.55111512312577E-16,1.));
#4149=DIRECTION('',(1.,3.08148791101958E-32,7.65557152893923E-33));
#4150=DIRECTION('',(-6.84227765783602E-49,5.55111512312577E-16,1.));
#4151=DIRECTION('',(1.,3.08148791101958E-32,7.65557152893923E-33));
#4152=DIRECTION('',(-6.84227765783602E-49,5.55111512312577E-16,1.));
#4153=DIRECTION('',(1.,3.08148791101958E-32,7.65557152893923E-33));
#4154=DIRECTION('',(-6.84227765783602E-49,5.55111512312577E-16,1.));
#4155=DIRECTION('',(1.,3.08148791101958E-32,7.65557152893923E-33));
#4156=DIRECTION('',(-6.84227765783602E-49,5.55111512312577E-16,1.));
#4157=DIRECTION('',(1.,3.08148791101958E-32,7.65557152893923E-33));
#4158=DIRECTION('',(-6.84227765783602E-49,5.55111512312577E-16,1.));
#4159=DIRECTION('',(1.,3.08148791101958E-32,7.65557152893923E-33));
#4160=DIRECTION('',(-6.84227765783602E-49,5.55111512312577E-16,1.));
#4161=DIRECTION('',(1.,3.08148791101958E-32,7.65557152893923E-33));
#4162=DIRECTION('',(-6.84227765783602E-49,5.55111512312577E-16,1.));
#4163=DIRECTION('',(1.,3.08148791101958E-32,7.65557152893923E-33));
#4164=DIRECTION('',(-6.84227765783602E-49,5.55111512312577E-16,1.));
#4165=DIRECTION('',(1.,3.08148791101958E-32,7.65557152893923E-33));
#4166=DIRECTION('',(-6.84227765783602E-49,5.55111512312577E-16,1.));
#4167=DIRECTION('',(1.,3.08148791101958E-32,7.65557152893923E-33));
#4168=DIRECTION('',(-6.84227765783602E-49,5.55111512312577E-16,1.));
#4169=DIRECTION('',(1.,3.08148791101958E-32,7.65557152893923E-33));
#4170=DIRECTION('center_axis',(0.,0.,-1.));
#4171=DIRECTION('ref_axis',(-1.,0.,0.));
#4172=DIRECTION('center_axis',(0.,0.,-1.));
#4173=DIRECTION('ref_axis',(1.,0.,0.));
#4174=DIRECTION('',(0.,0.,-1.));
#4175=DIRECTION('center_axis',(0.,0.,-1.));
#4176=DIRECTION('ref_axis',(1.,0.,0.));
#4177=DIRECTION('center_axis',(0.,0.,-1.));
#4178=DIRECTION('ref_axis',(-1.,0.,0.));
#4179=DIRECTION('center_axis',(0.,0.,1.));
#4180=DIRECTION('ref_axis',(1.,0.,0.));
#4181=DIRECTION('',(0.,0.,-1.));
#4182=DIRECTION('center_axis',(0.,0.,1.));
#4183=DIRECTION('ref_axis',(1.,0.,0.));
#4184=DIRECTION('center_axis',(0.,0.,-1.));
#4185=DIRECTION('ref_axis',(-1.,0.,0.));
#4186=DIRECTION('center_axis',(0.,0.,1.));
#4187=DIRECTION('ref_axis',(1.,0.,0.));
#4188=DIRECTION('',(0.,0.,-1.));
#4189=DIRECTION('center_axis',(0.,0.,1.));
#4190=DIRECTION('ref_axis',(1.,0.,0.));
#4191=DIRECTION('center_axis',(0.,0.,-1.));
#4192=DIRECTION('ref_axis',(-1.,0.,0.));
#4193=DIRECTION('center_axis',(0.,0.,1.));
#4194=DIRECTION('ref_axis',(1.,0.,0.));
#4195=DIRECTION('',(0.,0.,-1.));
#4196=DIRECTION('center_axis',(0.,0.,1.));
#4197=DIRECTION('ref_axis',(1.,0.,0.));
#4198=DIRECTION('center_axis',(0.,0.,-1.));
#4199=DIRECTION('ref_axis',(-1.,0.,0.));
#4200=DIRECTION('center_axis',(0.,0.,1.));
#4201=DIRECTION('ref_axis',(1.,0.,0.));
#4202=DIRECTION('',(0.,0.,-1.));
#4203=DIRECTION('center_axis',(0.,0.,1.));
#4204=DIRECTION('ref_axis',(1.,0.,0.));
#4205=DIRECTION('center_axis',(0.,0.,-1.));
#4206=DIRECTION('ref_axis',(-1.,0.,0.));
#4207=DIRECTION('center_axis',(0.,0.,1.));
#4208=DIRECTION('ref_axis',(1.,0.,0.));
#4209=DIRECTION('',(0.,0.,-1.));
#4210=DIRECTION('center_axis',(0.,0.,1.));
#4211=DIRECTION('ref_axis',(1.,0.,0.));
#4212=DIRECTION('center_axis',(0.,0.,-1.));
#4213=DIRECTION('ref_axis',(-1.,0.,0.));
#4214=DIRECTION('center_axis',(0.,0.,-1.));
#4215=DIRECTION('ref_axis',(1.,0.,0.));
#4216=DIRECTION('',(0.,0.,-1.));
#4217=DIRECTION('center_axis',(0.,0.,-1.));
#4218=DIRECTION('ref_axis',(1.,0.,0.));
#4219=DIRECTION('center_axis',(0.,0.,-1.));
#4220=DIRECTION('ref_axis',(-1.,0.,0.));
#4221=DIRECTION('center_axis',(0.,0.,-1.));
#4222=DIRECTION('ref_axis',(1.,0.,0.));
#4223=DIRECTION('',(0.,0.,-1.));
#4224=DIRECTION('center_axis',(0.,0.,-1.));
#4225=DIRECTION('ref_axis',(1.,0.,0.));
#4226=DIRECTION('center_axis',(0.,0.,-1.));
#4227=DIRECTION('ref_axis',(-1.,0.,0.));
#4228=DIRECTION('center_axis',(0.,0.,-1.));
#4229=DIRECTION('ref_axis',(1.,0.,0.));
#4230=DIRECTION('',(0.,0.,-1.));
#4231=DIRECTION('center_axis',(0.,0.,-1.));
#4232=DIRECTION('ref_axis',(1.,0.,0.));
#4233=DIRECTION('center_axis',(1.,-1.11200222819026E-16,0.));
#4234=DIRECTION('ref_axis',(1.11200222819026E-16,1.,0.));
#4235=DIRECTION('',(-1.11200222819026E-16,-1.,0.));
#4236=DIRECTION('',(0.,0.,-1.));
#4237=DIRECTION('',(-1.11200222819026E-16,-1.,0.));
#4238=DIRECTION('',(0.,0.,-1.));
#4239=DIRECTION('center_axis',(1.44704994659393E-16,1.,0.));
#4240=DIRECTION('ref_axis',(-1.,1.44704994659393E-16,0.));
#4241=DIRECTION('',(1.,-1.44704994659393E-16,0.));
#4242=DIRECTION('',(0.,0.,-1.));
#4243=DIRECTION('',(1.,-1.44704994659393E-16,0.));
#4244=DIRECTION('center_axis',(1.,0.,0.));
#4245=DIRECTION('ref_axis',(0.,0.,-1.));
#4246=DIRECTION('',(0.,-1.,0.));
#4247=DIRECTION('',(0.,0.,-1.));
#4248=DIRECTION('',(0.,-1.,0.));
#4249=DIRECTION('center_axis',(1.,-9.91270557701032E-16,0.));
#4250=DIRECTION('ref_axis',(9.91270557701032E-16,1.,0.));
#4251=DIRECTION('',(-9.91270557701032E-16,-1.,0.));
#4252=DIRECTION('',(0.,0.,-1.));
#4253=DIRECTION('',(-9.91270557701032E-16,-1.,0.));
#4254=DIRECTION('',(0.,0.,-1.));
#4255=DIRECTION('center_axis',(-4.95635278850516E-16,-1.,0.));
#4256=DIRECTION('ref_axis',(1.,-4.95635278850516E-16,0.));
#4257=DIRECTION('',(-1.,4.95635278850516E-16,0.));
#4258=DIRECTION('',(0.,0.,-1.));
#4259=DIRECTION('',(-1.,4.95635278850516E-16,0.));
#4260=DIRECTION('center_axis',(1.,0.,0.));
#4261=DIRECTION('ref_axis',(0.,0.,-1.));
#4262=DIRECTION('',(0.,-1.,0.));
#4263=DIRECTION('',(0.,0.,-1.));
#4264=DIRECTION('',(0.,-1.,0.));
#4265=DIRECTION('center_axis',(5.78819978637573E-17,1.,0.));
#4266=DIRECTION('ref_axis',(-1.,5.78819978637573E-17,0.));
#4267=DIRECTION('',(1.,-5.78819978637573E-17,0.));
#4268=DIRECTION('',(1.,-5.78819978637573E-17,0.));
#4269=DIRECTION('center_axis',(0.,-1.,0.));
#4270=DIRECTION('ref_axis',(0.,0.,-1.));
#4271=DIRECTION('',(-1.,0.,0.));
#4272=DIRECTION('',(-1.,0.,0.));
#4273=DIRECTION('center_axis',(0.,0.,1.));
#4274=DIRECTION('ref_axis',(1.,0.,0.));
#4275=DIRECTION('center_axis',(0.,0.,1.));
#4276=DIRECTION('ref_axis',(1.,0.,0.));
#4277=DIRECTION('center_axis',(0.,0.,-1.));
#4278=DIRECTION('ref_axis',(-1.,0.,0.));
#4279=DIRECTION('center_axis',(0.,0.,1.));
#4280=DIRECTION('ref_axis',(1.,0.,0.));
#4281=DIRECTION('',(0.,0.,-1.));
#4282=DIRECTION('center_axis',(0.,0.,1.));
#4283=DIRECTION('ref_axis',(1.,0.,0.));
#4284=DIRECTION('center_axis',(-4.95635278850516E-16,-1.,0.));
#4285=DIRECTION('ref_axis',(1.,-4.95635278850516E-16,0.));
#4286=DIRECTION('',(-1.,4.95635278850516E-16,0.));
#4287=DIRECTION('',(0.,0.,-1.));
#4288=DIRECTION('',(-1.,4.95635278850516E-16,0.));
#4289=DIRECTION('',(0.,0.,-1.));
#4290=DIRECTION('center_axis',(1.,-9.91270557701032E-16,0.));
#4291=DIRECTION('ref_axis',(9.91270557701032E-16,1.,0.));
#4292=DIRECTION('',(-9.91270557701032E-16,-1.,0.));
#4293=DIRECTION('',(0.,0.,-1.));
#4294=DIRECTION('',(-9.91270557701032E-16,-1.,0.));
#4295=DIRECTION('center_axis',(0.,-1.,0.));
#4296=DIRECTION('ref_axis',(0.,0.,-1.));
#4297=DIRECTION('',(-1.,0.,0.));
#4298=DIRECTION('',(0.,0.,-1.));
#4299=DIRECTION('',(-1.,0.,0.));
#4300=DIRECTION('center_axis',(1.,0.,0.));
#4301=DIRECTION('ref_axis',(0.,0.,-1.));
#4302=DIRECTION('',(0.,-1.,0.));
#4303=DIRECTION('',(0.,-1.,0.));
#4304=DIRECTION('center_axis',(0.,0.,1.));
#4305=DIRECTION('ref_axis',(1.,0.,0.));
#4306=DIRECTION('center_axis',(0.,0.,1.));
#4307=DIRECTION('ref_axis',(1.,0.,0.));
#4308=DIRECTION('center_axis',(0.,0.,-1.));
#4309=DIRECTION('ref_axis',(-1.,0.,0.));
#4310=DIRECTION('center_axis',(0.,0.,1.));
#4311=DIRECTION('ref_axis',(1.,0.,0.));
#4312=DIRECTION('',(0.,0.,1.));
#4313=DIRECTION('center_axis',(0.,0.,1.));
#4314=DIRECTION('ref_axis',(1.,0.,0.));
#4315=DIRECTION('center_axis',(0.,0.,-1.));
#4316=DIRECTION('ref_axis',(-1.,0.,0.));
#4317=DIRECTION('center_axis',(0.,0.,1.));
#4318=DIRECTION('ref_axis',(1.,0.,0.));
#4319=DIRECTION('',(0.,0.,-1.));
#4320=DIRECTION('center_axis',(0.,0.,1.));
#4321=DIRECTION('ref_axis',(1.,0.,0.));
#4322=DIRECTION('center_axis',(0.,0.,1.));
#4323=DIRECTION('ref_axis',(1.,0.,0.));
#4324=DIRECTION('center_axis',(0.,0.,1.));
#4325=DIRECTION('ref_axis',(1.,0.,0.));
#4326=DIRECTION('center_axis',(0.,0.,-1.));
#4327=DIRECTION('ref_axis',(-1.,0.,0.));
#4328=DIRECTION('center_axis',(0.,0.,1.));
#4329=DIRECTION('ref_axis',(1.,0.,0.));
#4330=DIRECTION('',(0.,0.,1.));
#4331=DIRECTION('center_axis',(0.,0.,1.));
#4332=DIRECTION('ref_axis',(1.,0.,0.));
#4333=DIRECTION('center_axis',(0.,0.,-1.));
#4334=DIRECTION('ref_axis',(-1.,0.,0.));
#4335=DIRECTION('center_axis',(0.,0.,1.));
#4336=DIRECTION('ref_axis',(1.,0.,0.));
#4337=DIRECTION('',(0.,0.,-1.));
#4338=DIRECTION('center_axis',(0.,0.,1.));
#4339=DIRECTION('ref_axis',(1.,0.,0.));
#4340=DIRECTION('center_axis',(0.,0.,1.));
#4341=DIRECTION('ref_axis',(1.,0.,0.));
#4342=DIRECTION('center_axis',(0.,0.,1.));
#4343=DIRECTION('ref_axis',(1.,0.,0.));
#4344=DIRECTION('center_axis',(0.,0.,-1.));
#4345=DIRECTION('ref_axis',(-1.,0.,0.));
#4346=DIRECTION('center_axis',(0.,0.,1.));
#4347=DIRECTION('ref_axis',(1.,0.,0.));
#4348=DIRECTION('',(0.,0.,1.));
#4349=DIRECTION('center_axis',(0.,0.,1.));
#4350=DIRECTION('ref_axis',(1.,0.,0.));
#4351=DIRECTION('center_axis',(0.,0.,-1.));
#4352=DIRECTION('ref_axis',(-1.,0.,0.));
#4353=DIRECTION('center_axis',(0.,0.,1.));
#4354=DIRECTION('ref_axis',(1.,0.,0.));
#4355=DIRECTION('',(0.,0.,-1.));
#4356=DIRECTION('center_axis',(0.,0.,1.));
#4357=DIRECTION('ref_axis',(1.,0.,0.));
#4358=DIRECTION('center_axis',(0.,0.,1.));
#4359=DIRECTION('ref_axis',(1.,0.,0.));
#4360=DIRECTION('center_axis',(0.,0.,1.));
#4361=DIRECTION('ref_axis',(1.,0.,0.));
#4362=DIRECTION('center_axis',(0.,0.,-1.));
#4363=DIRECTION('ref_axis',(-1.,0.,0.));
#4364=DIRECTION('center_axis',(0.,0.,1.));
#4365=DIRECTION('ref_axis',(1.,0.,0.));
#4366=DIRECTION('',(0.,0.,1.));
#4367=DIRECTION('center_axis',(0.,0.,1.));
#4368=DIRECTION('ref_axis',(1.,0.,0.));
#4369=DIRECTION('center_axis',(0.,0.,-1.));
#4370=DIRECTION('ref_axis',(-1.,0.,0.));
#4371=DIRECTION('center_axis',(0.,0.,1.));
#4372=DIRECTION('ref_axis',(1.,0.,0.));
#4373=DIRECTION('',(0.,0.,-1.));
#4374=DIRECTION('center_axis',(0.,0.,1.));
#4375=DIRECTION('ref_axis',(1.,0.,0.));
#4376=DIRECTION('center_axis',(0.,0.,1.));
#4377=DIRECTION('ref_axis',(1.,0.,0.));
#4378=DIRECTION('center_axis',(0.,0.,1.));
#4379=DIRECTION('ref_axis',(1.,0.,0.));
#4380=DIRECTION('center_axis',(0.,0.,-1.));
#4381=DIRECTION('ref_axis',(-1.,0.,0.));
#4382=DIRECTION('center_axis',(0.,0.,1.));
#4383=DIRECTION('ref_axis',(1.,0.,0.));
#4384=DIRECTION('',(0.,0.,1.));
#4385=DIRECTION('center_axis',(0.,0.,1.));
#4386=DIRECTION('ref_axis',(1.,0.,0.));
#4387=DIRECTION('center_axis',(0.,0.,-1.));
#4388=DIRECTION('ref_axis',(-1.,0.,0.));
#4389=DIRECTION('center_axis',(0.,0.,1.));
#4390=DIRECTION('ref_axis',(1.,0.,0.));
#4391=DIRECTION('',(0.,0.,-1.));
#4392=DIRECTION('center_axis',(0.,0.,1.));
#4393=DIRECTION('ref_axis',(1.,0.,0.));
#4394=DIRECTION('center_axis',(0.,0.,1.));
#4395=DIRECTION('ref_axis',(1.,0.,0.));
#4396=DIRECTION('center_axis',(0.,0.,1.));
#4397=DIRECTION('ref_axis',(1.,0.,0.));
#4398=DIRECTION('center_axis',(0.,0.,-1.));
#4399=DIRECTION('ref_axis',(-1.,0.,0.));
#4400=DIRECTION('center_axis',(0.,0.,-1.));
#4401=DIRECTION('ref_axis',(1.,0.,0.));
#4402=DIRECTION('',(0.,0.,-1.));
#4403=DIRECTION('center_axis',(0.,0.,-1.));
#4404=DIRECTION('ref_axis',(1.,0.,0.));
#4405=DIRECTION('center_axis',(0.,0.,-1.));
#4406=DIRECTION('ref_axis',(-1.,0.,0.));
#4407=DIRECTION('center_axis',(0.,0.,-1.));
#4408=DIRECTION('ref_axis',(1.,0.,0.));
#4409=DIRECTION('',(0.,0.,1.));
#4410=DIRECTION('center_axis',(0.,0.,-1.));
#4411=DIRECTION('ref_axis',(1.,0.,0.));
#4412=DIRECTION('center_axis',(0.,0.,1.));
#4413=DIRECTION('ref_axis',(1.,0.,0.));
#4414=DIRECTION('center_axis',(0.,0.,1.));
#4415=DIRECTION('ref_axis',(1.,0.,0.));
#4416=DIRECTION('center_axis',(0.,0.,-1.));
#4417=DIRECTION('ref_axis',(-1.,0.,0.));
#4418=DIRECTION('center_axis',(0.,0.,-1.));
#4419=DIRECTION('ref_axis',(1.,0.,0.));
#4420=DIRECTION('',(0.,0.,-1.));
#4421=DIRECTION('center_axis',(0.,0.,-1.));
#4422=DIRECTION('ref_axis',(1.,0.,0.));
#4423=DIRECTION('center_axis',(0.,0.,-1.));
#4424=DIRECTION('ref_axis',(-1.,0.,0.));
#4425=DIRECTION('center_axis',(0.,0.,-1.));
#4426=DIRECTION('ref_axis',(1.,0.,0.));
#4427=DIRECTION('',(0.,0.,1.));
#4428=DIRECTION('center_axis',(0.,0.,-1.));
#4429=DIRECTION('ref_axis',(1.,0.,0.));
#4430=DIRECTION('center_axis',(0.,0.,1.));
#4431=DIRECTION('ref_axis',(1.,0.,0.));
#4432=DIRECTION('center_axis',(0.,0.,1.));
#4433=DIRECTION('ref_axis',(1.,0.,0.));
#4434=DIRECTION('center_axis',(0.,0.,-1.));
#4435=DIRECTION('ref_axis',(-1.,0.,0.));
#4436=DIRECTION('center_axis',(0.,0.,-1.));
#4437=DIRECTION('ref_axis',(1.,0.,0.));
#4438=DIRECTION('',(0.,0.,-1.));
#4439=DIRECTION('center_axis',(0.,0.,-1.));
#4440=DIRECTION('ref_axis',(1.,0.,0.));
#4441=DIRECTION('center_axis',(0.,0.,-1.));
#4442=DIRECTION('ref_axis',(-1.,0.,0.));
#4443=DIRECTION('center_axis',(0.,0.,-1.));
#4444=DIRECTION('ref_axis',(1.,0.,0.));
#4445=DIRECTION('',(0.,0.,1.));
#4446=DIRECTION('center_axis',(0.,0.,-1.));
#4447=DIRECTION('ref_axis',(1.,0.,0.));
#4448=DIRECTION('center_axis',(0.,0.,1.));
#4449=DIRECTION('ref_axis',(1.,0.,0.));
#4450=DIRECTION('center_axis',(0.,0.,1.));
#4451=DIRECTION('ref_axis',(1.,0.,0.));
#4452=DIRECTION('center_axis',(0.,0.,-1.));
#4453=DIRECTION('ref_axis',(-1.,0.,0.));
#4454=DIRECTION('center_axis',(0.,0.,-1.));
#4455=DIRECTION('ref_axis',(1.,0.,0.));
#4456=DIRECTION('',(0.,0.,-1.));
#4457=DIRECTION('center_axis',(0.,0.,-1.));
#4458=DIRECTION('ref_axis',(1.,0.,0.));
#4459=DIRECTION('center_axis',(0.,0.,-1.));
#4460=DIRECTION('ref_axis',(-1.,0.,0.));
#4461=DIRECTION('center_axis',(0.,0.,-1.));
#4462=DIRECTION('ref_axis',(1.,0.,0.));
#4463=DIRECTION('',(0.,0.,1.));
#4464=DIRECTION('center_axis',(0.,0.,-1.));
#4465=DIRECTION('ref_axis',(1.,0.,0.));
#4466=DIRECTION('center_axis',(0.,0.,1.));
#4467=DIRECTION('ref_axis',(1.,0.,0.));
#4468=DIRECTION('center_axis',(0.,0.,1.));
#4469=DIRECTION('ref_axis',(1.,0.,0.));
#4470=DIRECTION('center_axis',(0.,0.,1.));
#4471=DIRECTION('ref_axis',(1.,0.,0.));
#4472=DIRECTION('center_axis',(0.,0.,1.));
#4473=DIRECTION('ref_axis',(1.,0.,0.));
#4474=DIRECTION('',(0.,0.,1.));
#4475=DIRECTION('center_axis',(0.,0.,1.));
#4476=DIRECTION('ref_axis',(1.,0.,0.));
#4477=DIRECTION('center_axis',(0.,0.,1.));
#4478=DIRECTION('ref_axis',(1.,0.,0.));
#4479=DIRECTION('center_axis',(0.,0.,1.));
#4480=DIRECTION('ref_axis',(1.,0.,0.));
#4481=DIRECTION('center_axis',(0.,-1.,0.));
#4482=DIRECTION('ref_axis',(-1.,0.,0.));
#4483=DIRECTION('center_axis',(0.,0.,-1.));
#4484=DIRECTION('ref_axis',(1.,0.,0.));
#4485=DIRECTION('center_axis',(0.,0.,1.));
#4486=DIRECTION('ref_axis',(1.,0.,0.));
#4487=DIRECTION('center_axis',(0.,0.,1.));
#4488=DIRECTION('ref_axis',(1.,0.,0.));
#4489=DIRECTION('center_axis',(0.,-1.,0.));
#4490=DIRECTION('ref_axis',(-1.,0.,0.));
#4491=DIRECTION('center_axis',(0.,0.,-1.));
#4492=DIRECTION('ref_axis',(1.,0.,0.));
#4493=DIRECTION('center_axis',(0.,0.,1.));
#4494=DIRECTION('ref_axis',(1.,0.,0.));
#4495=DIRECTION('center_axis',(0.,0.,1.));
#4496=DIRECTION('ref_axis',(1.,0.,0.));
#4497=DIRECTION('center_axis',(0.,-1.,0.));
#4498=DIRECTION('ref_axis',(-1.,0.,0.));
#4499=DIRECTION('center_axis',(0.,0.,-1.));
#4500=DIRECTION('ref_axis',(1.,0.,0.));
#4501=DIRECTION('center_axis',(0.,0.,1.));
#4502=DIRECTION('ref_axis',(1.,0.,0.));
#4503=DIRECTION('center_axis',(0.,0.,1.));
#4504=DIRECTION('ref_axis',(1.,0.,0.));
#4505=DIRECTION('center_axis',(0.,-1.,0.));
#4506=DIRECTION('ref_axis',(-1.,0.,0.));
#4507=DIRECTION('center_axis',(0.,0.,-1.));
#4508=DIRECTION('ref_axis',(1.,0.,0.));
#4509=DIRECTION('center_axis',(0.,0.,1.));
#4510=DIRECTION('ref_axis',(1.,0.,0.));
#4511=DIRECTION('center_axis',(0.,0.,1.));
#4512=DIRECTION('ref_axis',(1.,0.,0.));
#4513=DIRECTION('center_axis',(1.22464679914735E-16,-1.,0.));
#4514=DIRECTION('ref_axis',(-1.,-1.22464679914735E-16,0.));
#4515=DIRECTION('center_axis',(0.,0.,-1.));
#4516=DIRECTION('ref_axis',(1.,0.,0.));
#4517=DIRECTION('center_axis',(0.,0.,1.));
#4518=DIRECTION('ref_axis',(1.,0.,0.));
#4519=DIRECTION('center_axis',(0.,0.,1.));
#4520=DIRECTION('ref_axis',(1.,0.,0.));
#4521=DIRECTION('center_axis',(1.22464679914735E-16,-1.,0.));
#4522=DIRECTION('ref_axis',(-1.,-1.22464679914735E-16,0.));
#4523=DIRECTION('center_axis',(0.,0.,-1.));
#4524=DIRECTION('ref_axis',(1.,0.,0.));
#4525=DIRECTION('center_axis',(0.,0.,1.));
#4526=DIRECTION('ref_axis',(1.,0.,0.));
#4527=DIRECTION('',(0.,0.,1.));
#4528=DIRECTION('center_axis',(0.,0.,1.));
#4529=DIRECTION('ref_axis',(1.,0.,0.));
#4530=DIRECTION('',(0.,0.,1.));
#4531=DIRECTION('center_axis',(0.,0.,1.));
#4532=DIRECTION('ref_axis',(1.,0.,0.));
#4533=DIRECTION('',(0.,0.,1.));
#4534=DIRECTION('center_axis',(0.,0.,1.));
#4535=DIRECTION('ref_axis',(1.,0.,0.));
#4536=DIRECTION('center_axis',(0.,0.,-1.));
#4537=DIRECTION('ref_axis',(1.,0.,0.));
#4538=DIRECTION('center_axis',(-0.682009744953843,0.731343084870565,-1.26867801831827E-15));
#4539=DIRECTION('ref_axis',(-0.731343084870565,-0.682009744953843,-9.86076131526265E-32));
#4540=DIRECTION('center_axis',(0.,0.,1.));
#4541=DIRECTION('ref_axis',(1.,0.,0.));
#4542=DIRECTION('center_axis',(0.731343084870572,0.682009744953836,0.));
#4543=DIRECTION('ref_axis',(-0.682009744953836,0.731343084870572,0.));
#4544=DIRECTION('center_axis',(0.,0.,1.));
#4545=DIRECTION('ref_axis',(1.,0.,0.));
#4546=DIRECTION('center_axis',(0.,0.,-1.));
#4547=DIRECTION('ref_axis',(1.,0.,0.));
#4548=DIRECTION('center_axis',(-0.677569504851443,0.735458745338833,0.));
#4549=DIRECTION('ref_axis',(-0.735458745338833,-0.677569504851443,0.));
#4550=DIRECTION('center_axis',(0.,0.,1.));
#4551=DIRECTION('ref_axis',(1.,0.,0.));
#4552=DIRECTION('center_axis',(0.721860780079052,0.692038303985887,0.));
#4553=DIRECTION('ref_axis',(-0.692038303985887,0.721860780079052,0.));
#4554=DIRECTION('center_axis',(0.,0.,1.));
#4555=DIRECTION('ref_axis',(1.,0.,0.));
#4556=DIRECTION('center_axis',(0.,0.,-1.));
#4557=DIRECTION('ref_axis',(1.,0.,0.));
#4558=DIRECTION('center_axis',(-0.378864667974173,0.925452085934663,0.));
#4559=DIRECTION('ref_axis',(-0.925452085934663,-0.378864667974173,0.));
#4560=DIRECTION('center_axis',(0.,0.,1.));
#4561=DIRECTION('ref_axis',(1.,0.,0.));
#4562=DIRECTION('center_axis',(0.420308412056792,0.907381308356249,0.));
#4563=DIRECTION('ref_axis',(-0.907381308356249,0.420308412056792,0.));
#4564=DIRECTION('center_axis',(0.,0.,-1.));
#4565=DIRECTION('ref_axis',(-1.,0.,0.));
#4566=DIRECTION('',(0.,0.,-1.));
#4567=DIRECTION('center_axis',(0.,0.,-1.));
#4568=DIRECTION('ref_axis',(-1.,0.,0.));
#4569=DIRECTION('',(0.,0.,-1.));
#4570=DIRECTION('center_axis',(0.,0.,-1.));
#4571=DIRECTION('ref_axis',(1.,0.,0.));
#4572=DIRECTION('center_axis',(-0.731343084870571,-0.682009744953837,0.));
#4573=DIRECTION('ref_axis',(0.682009744953837,-0.731343084870571,0.));
#4574=DIRECTION('',(0.,0.,-1.));
#4575=DIRECTION('',(-0.682009744953837,0.731343084870571,0.));
#4576=DIRECTION('',(-0.682009744953837,0.731343084870571,0.));
#4577=DIRECTION('center_axis',(0.,0.,-1.));
#4578=DIRECTION('ref_axis',(0.999391370178035,-0.0348839391937041,0.));
#4579=DIRECTION('',(0.,0.,-1.));
#4580=DIRECTION('center_axis',(0.,0.,1.));
#4581=DIRECTION('ref_axis',(1.,0.,0.));
#4582=DIRECTION('center_axis',(-0.682009744953836,0.731343084870571,0.));
#4583=DIRECTION('ref_axis',(-0.731343084870571,-0.682009744953836,0.));
#4584=DIRECTION('',(0.,0.,-1.));
#4585=DIRECTION('',(0.731343084870571,0.682009744953836,0.));
#4586=DIRECTION('',(0.731343084870571,0.682009744953836,0.));
#4587=DIRECTION('center_axis',(0.,0.,-1.));
#4588=DIRECTION('ref_axis',(-1.,0.,0.));
#4589=DIRECTION('',(0.,0.,-1.));
#4590=DIRECTION('center_axis',(0.,0.,-1.));
#4591=DIRECTION('ref_axis',(-1.,0.,0.));
#4592=DIRECTION('center_axis',(0.,0.,-1.));
#4593=DIRECTION('ref_axis',(1.,0.,0.));
#4594=DIRECTION('center_axis',(-1.,0.,0.));
#4595=DIRECTION('ref_axis',(0.,0.,1.));
#4596=DIRECTION('',(0.,0.,-1.));
#4597=DIRECTION('',(0.,1.,0.));
#4598=DIRECTION('',(0.,1.,0.));
#4599=DIRECTION('center_axis',(0.,0.,-1.));
#4600=DIRECTION('ref_axis',(-1.,0.,0.));
#4601=DIRECTION('',(0.,0.,-1.));
#4602=DIRECTION('center_axis',(0.,0.,-1.));
#4603=DIRECTION('ref_axis',(-1.,0.,0.));
#4604=DIRECTION('center_axis',(0.,0.,-1.));
#4605=DIRECTION('ref_axis',(1.,-1.73472347597681E-15,0.));
#4606=DIRECTION('center_axis',(-0.735458745338837,-0.677569504851438,0.));
#4607=DIRECTION('ref_axis',(0.677569504851438,-0.735458745338837,0.));
#4608=DIRECTION('',(0.,0.,-1.));
#4609=DIRECTION('',(-0.677569504851438,0.735458745338837,0.));
#4610=DIRECTION('',(-0.677569504851438,0.735458745338837,0.));
#4611=DIRECTION('center_axis',(0.,0.,-1.));
#4612=DIRECTION('ref_axis',(0.999519002847298,-0.0310123031576724,0.));
#4613=DIRECTION('',(0.,0.,-1.));
#4614=DIRECTION('center_axis',(0.,0.,1.));
#4615=DIRECTION('ref_axis',(1.,0.,0.));
#4616=DIRECTION('center_axis',(-0.692038303985886,0.721860780079053,0.));
#4617=DIRECTION('ref_axis',(-0.721860780079053,-0.692038303985886,0.));
#4618=DIRECTION('',(0.,0.,-1.));
#4619=DIRECTION('',(0.721860780079053,0.692038303985886,0.));
#4620=DIRECTION('',(0.721860780079052,0.692038303985886,0.));
#4621=DIRECTION('center_axis',(0.,0.,-1.));
#4622=DIRECTION('ref_axis',(-1.,0.,0.));
#4623=DIRECTION('',(0.,0.,-1.));
#4624=DIRECTION('center_axis',(0.,0.,-1.));
#4625=DIRECTION('ref_axis',(-1.,0.,0.));
#4626=DIRECTION('center_axis',(0.,0.,-1.));
#4627=DIRECTION('ref_axis',(1.,-3.46944695195361E-15,0.));
#4628=DIRECTION('center_axis',(-1.,0.,0.));
#4629=DIRECTION('ref_axis',(0.,0.,1.));
#4630=DIRECTION('',(0.,0.,-1.));
#4631=DIRECTION('',(0.,1.,0.));
#4632=DIRECTION('',(0.,1.,0.));
#4633=DIRECTION('center_axis',(0.,0.,-1.));
#4634=DIRECTION('ref_axis',(-1.,0.,0.));
#4635=DIRECTION('',(0.,0.,-1.));
#4636=DIRECTION('center_axis',(0.,0.,-1.));
#4637=DIRECTION('ref_axis',(1.,0.,0.));
#4638=DIRECTION('center_axis',(0.,0.,-1.));
#4639=DIRECTION('ref_axis',(1.,0.,0.));
#4640=DIRECTION('center_axis',(0.,-1.,0.));
#4641=DIRECTION('ref_axis',(0.,0.,-1.));
#4642=DIRECTION('',(0.,0.,-1.));
#4643=DIRECTION('',(-1.,0.,0.));
#4644=DIRECTION('',(-1.,0.,0.));
#4645=DIRECTION('center_axis',(0.,0.,-1.));
#4646=DIRECTION('ref_axis',(-1.,0.,0.));
#4647=DIRECTION('',(0.,0.,-1.));
#4648=DIRECTION('center_axis',(0.,0.,-1.));
#4649=DIRECTION('ref_axis',(-1.,0.,0.));
#4650=DIRECTION('center_axis',(0.,0.,-1.));
#4651=DIRECTION('ref_axis',(1.,1.73472347597681E-15,0.));
#4652=DIRECTION('center_axis',(0.804342744089092,-0.594165591423157,0.));
#4653=DIRECTION('ref_axis',(0.594165591423157,0.804342744089092,0.));
#4654=DIRECTION('',(0.,0.,-1.));
#4655=DIRECTION('',(-0.594165591423157,-0.804342744089092,0.));
#4656=DIRECTION('',(-0.594165591423157,-0.804342744089092,0.));
#4657=DIRECTION('center_axis',(0.,0.,-1.));
#4658=DIRECTION('ref_axis',(-1.,0.,0.));
#4659=DIRECTION('',(0.,0.,-1.));
#4660=DIRECTION('center_axis',(0.,0.,1.));
#4661=DIRECTION('ref_axis',(1.,0.,0.));
#4662=DIRECTION('center_axis',(0.,0.,1.));
#4663=DIRECTION('ref_axis',(1.,0.,0.));
#4664=DIRECTION('center_axis',(-0.656978280967781,-0.753909502749912,0.));
#4665=DIRECTION('ref_axis',(0.753909502749912,-0.656978280967781,0.));
#4666=DIRECTION('',(0.,0.,-1.));
#4667=DIRECTION('',(-0.753909502749912,0.656978280967781,0.));
#4668=DIRECTION('',(-0.753909502749912,0.656978280967781,0.));
#4669=DIRECTION('center_axis',(0.,0.,-1.));
#4670=DIRECTION('ref_axis',(-1.,0.,0.));
#4671=DIRECTION('',(0.,0.,-1.));
#4672=DIRECTION('center_axis',(0.,0.,-1.));
#4673=DIRECTION('ref_axis',(-1.,0.,0.));
#4674=DIRECTION('center_axis',(0.,0.,-1.));
#4675=DIRECTION('ref_axis',(1.,0.,0.));
#4676=DIRECTION('center_axis',(0.0523783436150843,-0.99862731242448,0.));
#4677=DIRECTION('ref_axis',(0.99862731242448,0.0523783436150843,0.));
#4678=DIRECTION('',(0.,0.,-1.));
#4679=DIRECTION('',(-0.99862731242448,-0.0523783436150842,0.));
#4680=DIRECTION('',(-0.99862731242448,-0.0523783436150842,0.));
#4681=DIRECTION('center_axis',(0.,0.,-1.));
#4682=DIRECTION('ref_axis',(-1.,0.,0.));
#4683=DIRECTION('',(0.,0.,-1.));
#4684=DIRECTION('center_axis',(0.,0.,1.));
#4685=DIRECTION('ref_axis',(1.,0.,0.));
#4686=DIRECTION('center_axis',(0.,0.,1.));
#4687=DIRECTION('ref_axis',(1.,0.,0.));
#4688=DIRECTION('center_axis',(-0.529797637321754,-0.84812408495944,0.));
#4689=DIRECTION('ref_axis',(0.84812408495944,-0.529797637321754,0.));
#4690=DIRECTION('',(0.,0.,-1.));
#4691=DIRECTION('',(-0.84812408495944,0.529797637321754,0.));
#4692=DIRECTION('',(-0.84812408495944,0.529797637321754,0.));
#4693=DIRECTION('center_axis',(0.,0.,-1.));
#4694=DIRECTION('ref_axis',(-1.,0.,0.));
#4695=DIRECTION('',(0.,0.,-1.));
#4696=DIRECTION('center_axis',(0.,0.,-1.));
#4697=DIRECTION('ref_axis',(1.,8.67361737988403E-16,0.));
#4698=DIRECTION('center_axis',(0.,0.,-1.));
#4699=DIRECTION('ref_axis',(1.,8.67361737988403E-16,0.));
#4700=DIRECTION('center_axis',(5.78819978637573E-17,1.,0.));
#4701=DIRECTION('ref_axis',(-1.,5.78819978637573E-17,0.));
#4702=DIRECTION('',(0.,0.,-1.));
#4703=DIRECTION('',(-1.,5.78819978637573E-17,0.));
#4704=DIRECTION('',(1.,-5.78819978637573E-17,0.));
#4705=DIRECTION('center_axis',(0.,0.,-1.));
#4706=DIRECTION('ref_axis',(-1.,0.,0.));
#4707=DIRECTION('',(0.,0.,-1.));
#4708=DIRECTION('center_axis',(0.,0.,-1.));
#4709=DIRECTION('ref_axis',(1.,0.,0.));
#4710=DIRECTION('center_axis',(0.,0.,-1.));
#4711=DIRECTION('ref_axis',(1.,0.,0.));
#4712=DIRECTION('center_axis',(1.,0.,0.));
#4713=DIRECTION('ref_axis',(0.,0.,-1.));
#4714=DIRECTION('',(0.,0.,-1.));
#4715=DIRECTION('',(0.,-1.,0.));
#4716=DIRECTION('',(0.,-1.,0.));
#4717=DIRECTION('center_axis',(0.,0.,-1.));
#4718=DIRECTION('ref_axis',(-1.,0.,0.));
#4719=DIRECTION('',(0.,0.,-1.));
#4720=DIRECTION('center_axis',(0.,0.,1.));
#4721=DIRECTION('ref_axis',(1.,0.,0.));
#4722=DIRECTION('center_axis',(0.,0.,1.));
#4723=DIRECTION('ref_axis',(1.,0.,0.));
#4724=DIRECTION('center_axis',(0.90738130835625,-0.420308412056789,0.));
#4725=DIRECTION('ref_axis',(0.42030841205679,0.90738130835625,0.));
#4726=DIRECTION('',(0.,0.,-1.));
#4727=DIRECTION('',(-0.420308412056789,-0.90738130835625,0.));
#4728=DIRECTION('',(-0.420308412056789,-0.90738130835625,0.));
#4729=DIRECTION('center_axis',(0.,0.,-1.));
#4730=DIRECTION('ref_axis',(0.999744450231424,-0.0226060662537398,0.));
#4731=DIRECTION('',(0.,0.,-1.));
#4732=DIRECTION('center_axis',(0.,0.,-1.));
#4733=DIRECTION('ref_axis',(1.,0.,0.));
#4734=DIRECTION('center_axis',(0.925452085934664,0.378864667974172,0.));
#4735=DIRECTION('ref_axis',(-0.378864667974172,0.925452085934664,0.));
#4736=DIRECTION('',(0.,0.,-1.));
#4737=DIRECTION('',(0.378864667974172,-0.925452085934664,0.));
#4738=DIRECTION('',(0.378864667974172,-0.925452085934664,0.));
#4739=DIRECTION('center_axis',(0.,0.,-1.));
#4740=DIRECTION('ref_axis',(-1.,0.,0.));
#4741=DIRECTION('',(0.,0.,-1.));
#4742=DIRECTION('center_axis',(0.,0.,1.));
#4743=DIRECTION('ref_axis',(1.,0.,0.));
#4744=DIRECTION('center_axis',(0.,0.,1.));
#4745=DIRECTION('ref_axis',(1.,0.,0.));
#4746=DIRECTION('center_axis',(1.,0.,0.));
#4747=DIRECTION('ref_axis',(0.,0.,-1.));
#4748=DIRECTION('',(0.,0.,-1.));
#4749=DIRECTION('',(0.,-1.,0.));
#4750=DIRECTION('',(0.,-1.,0.));
#4751=DIRECTION('center_axis',(0.,0.,-1.));
#4752=DIRECTION('ref_axis',(-1.,0.,0.));
#4753=DIRECTION('',(0.,0.,-1.));
#4754=DIRECTION('center_axis',(0.,0.,-1.));
#4755=DIRECTION('ref_axis',(1.,2.12503625807159E-14,0.));
#4756=DIRECTION('center_axis',(0.,0.,1.));
#4757=DIRECTION('ref_axis',(1.,0.,0.));
#4758=DIRECTION('center_axis',(-1.44704994659393E-16,-1.,0.));
#4759=DIRECTION('ref_axis',(1.,-1.44704994659393E-16,0.));
#4760=DIRECTION('',(0.,0.,-1.));
#4761=DIRECTION('',(1.,-1.44704994659393E-16,0.));
#4762=DIRECTION('',(-1.,1.44704994659393E-16,0.));
#4763=DIRECTION('center_axis',(0.,0.,-1.));
#4764=DIRECTION('ref_axis',(-1.,0.,0.));
#4765=DIRECTION('',(0.,0.,-1.));
#4766=DIRECTION('center_axis',(0.,0.,-1.));
#4767=DIRECTION('ref_axis',(-1.,0.,0.));
#4768=DIRECTION('center_axis',(0.,0.,-1.));
#4769=DIRECTION('ref_axis',(1.,-1.73472347597681E-15,0.));
#4770=DIRECTION('center_axis',(-0.785695917756371,0.618612903859089,0.));
#4771=DIRECTION('ref_axis',(-0.618612903859089,-0.785695917756371,0.));
#4772=DIRECTION('',(0.,0.,-1.));
#4773=DIRECTION('',(0.618612903859089,0.785695917756371,0.));
#4774=DIRECTION('',(0.618612903859089,0.785695917756371,0.));
#4775=DIRECTION('center_axis',(0.,0.,-1.));
#4776=DIRECTION('ref_axis',(-1.,0.,0.));
#4777=DIRECTION('',(0.,0.,-1.));
#4778=DIRECTION('center_axis',(0.,0.,1.));
#4779=DIRECTION('ref_axis',(1.,0.,0.));
#4780=DIRECTION('center_axis',(0.,0.,1.));
#4781=DIRECTION('ref_axis',(1.,0.,0.));
#4782=DIRECTION('center_axis',(0.836097790612617,0.548580426676618,0.));
#4783=DIRECTION('ref_axis',(-0.548580426676618,0.836097790612617,0.));
#4784=DIRECTION('',(0.,0.,-1.));
#4785=DIRECTION('',(0.548580426676618,-0.836097790612617,0.));
#4786=DIRECTION('',(0.548580426676618,-0.836097790612617,0.));
#4787=DIRECTION('center_axis',(0.,0.,-1.));
#4788=DIRECTION('ref_axis',(-1.,0.,0.));
#4789=DIRECTION('',(0.,0.,-1.));
#4790=DIRECTION('center_axis',(0.,0.,-1.));
#4791=DIRECTION('ref_axis',(-1.,0.,0.));
#4792=DIRECTION('center_axis',(0.,0.,1.));
#4793=DIRECTION('ref_axis',(1.,0.,0.));
#4794=DIRECTION('center_axis',(-1.44704994659393E-16,-1.,0.));
#4795=DIRECTION('ref_axis',(1.,-1.44704994659393E-16,0.));
#4796=DIRECTION('',(0.,0.,-1.));
#4797=DIRECTION('',(1.,-1.44704994659393E-16,0.));
#4798=DIRECTION('',(-1.,1.44704994659393E-16,0.));
#4799=DIRECTION('center_axis',(0.,0.,-1.));
#4800=DIRECTION('ref_axis',(-1.,0.,0.));
#4801=DIRECTION('',(0.,0.,-1.));
#4802=DIRECTION('center_axis',(0.,0.,-1.));
#4803=DIRECTION('ref_axis',(1.,8.67361737988404E-16,0.));
#4804=DIRECTION('center_axis',(0.,0.,1.));
#4805=DIRECTION('ref_axis',(1.,0.,0.));
#4806=DIRECTION('center_axis',(1.,0.,0.));
#4807=DIRECTION('ref_axis',(0.,0.,-1.));
#4808=DIRECTION('',(0.,1.,0.));
#4809=DIRECTION('',(0.,-1.,0.));
#4810=DIRECTION('center_axis',(0.,0.,1.));
#4811=DIRECTION('ref_axis',(1.,0.,0.));
#4812=DIRECTION('center_axis',(0.,0.,1.));
#4813=DIRECTION('ref_axis',(1.,0.,0.));
#4814=DIRECTION('',(0.,-1.,0.));
#4815=DIRECTION('',(0.682009744953837,-0.731343084870571,0.));
#4816=DIRECTION('',(-0.731343084870571,-0.682009744953836,0.));
#4817=DIRECTION('',(0.,-1.,0.));
#4818=DIRECTION('',(0.677569504851438,-0.735458745338837,0.));
#4819=DIRECTION('',(-0.721860780079053,-0.692038303985886,0.));
#4820=DIRECTION('',(0.,-1.,0.));
#4821=DIRECTION('center_axis',(0.,0.,1.));
#4822=DIRECTION('ref_axis',(1.,0.,0.));
#4823=DIRECTION('',(1.,0.,0.));
#4824=DIRECTION('',(0.594165591423157,0.804342744089092,0.));
#4825=DIRECTION('center_axis',(0.,0.,-1.));
#4826=DIRECTION('ref_axis',(1.,1.15648231731787E-15,0.));
#4827=DIRECTION('',(0.753909502749912,-0.656978280967781,0.));
#4828=DIRECTION('',(0.99862731242448,0.0523783436150842,0.));
#4829=DIRECTION('center_axis',(0.,0.,-1.));
#4830=DIRECTION('ref_axis',(1.,0.,0.));
#4831=DIRECTION('',(0.84812408495944,-0.529797637321754,0.));
#4832=DIRECTION('center_axis',(0.,0.,1.));
#4833=DIRECTION('ref_axis',(1.,0.,0.));
#4834=DIRECTION('',(1.,-5.78819978637573E-17,0.));
#4835=DIRECTION('center_axis',(0.,0.,1.));
#4836=DIRECTION('ref_axis',(1.,0.,0.));
#4837=DIRECTION('',(0.,1.,0.));
#4838=DIRECTION('center_axis',(0.,0.,-1.));
#4839=DIRECTION('ref_axis',(1.,-3.46944695195361E-15,0.));
#4840=DIRECTION('',(0.420308412056789,0.90738130835625,0.));
#4841=DIRECTION('',(-0.378864667974172,0.925452085934664,0.));
#4842=DIRECTION('center_axis',(0.,0.,-1.));
#4843=DIRECTION('ref_axis',(1.,0.,0.));
#4844=DIRECTION('',(0.,1.,0.));
#4845=DIRECTION('center_axis',(0.,0.,1.));
#4846=DIRECTION('ref_axis',(1.,0.,0.));
#4847=DIRECTION('',(-1.,1.44704994659393E-16,0.));
#4848=DIRECTION('',(-0.618612903859089,-0.785695917756371,0.));
#4849=DIRECTION('center_axis',(0.,0.,-1.));
#4850=DIRECTION('ref_axis',(1.,0.,0.));
#4851=DIRECTION('',(-0.548580426676618,0.836097790612617,0.));
#4852=DIRECTION('',(-1.,1.44704994659393E-16,0.));
#4853=DIRECTION('center_axis',(0.,0.,1.));
#4854=DIRECTION('ref_axis',(1.,0.,0.));
#4855=DIRECTION('center_axis',(0.,0.,1.));
#4856=DIRECTION('ref_axis',(1.,0.,0.));
#4857=DIRECTION('center_axis',(-0.99862731242448,-0.0523783436150874,-9.0861942301872E-17));
#4858=DIRECTION('ref_axis',(0.0523783436150874,-0.99862731242448,7.70371977754894E-34));
#4859=DIRECTION('center_axis',(0.84812408495944,-0.529797637321753,0.));
#4860=DIRECTION('ref_axis',(0.529797637321753,0.84812408495944,0.));
#4861=DIRECTION('center_axis',(-0.84812408495944,0.529797637321754,0.));
#4862=DIRECTION('ref_axis',(-0.529797637321754,-0.84812408495944,0.));
#4863=DIRECTION('center_axis',(0.848124084959438,-0.529797637321757,0.));
#4864=DIRECTION('ref_axis',(0.529797637321757,0.848124084959438,0.));
#4865=DIRECTION('center_axis',(-0.99862731242448,-0.0523783436150843,0.));
#4866=DIRECTION('ref_axis',(0.0523783436150843,-0.99862731242448,0.));
#4867=DIRECTION('center_axis',(-0.99862731242448,-0.0523783436150848,9.08619423018675E-17));
#4868=DIRECTION('ref_axis',(0.0523783436150848,-0.99862731242448,0.));
#4869=DIRECTION('center_axis',(0.,0.,1.));
#4870=DIRECTION('ref_axis',(1.,0.,0.));
#4871=DIRECTION('center_axis',(1.,0.,0.));
#4872=DIRECTION('ref_axis',(0.,0.,-1.));
#4873=DIRECTION('center_axis',(0.,0.,1.));
#4874=DIRECTION('ref_axis',(1.,0.,0.));
#4875=DIRECTION('center_axis',(-0.753909502749909,0.656978280967784,0.));
#4876=DIRECTION('ref_axis',(-0.656978280967784,-0.753909502749909,0.));
#4877=DIRECTION('center_axis',(-1.,5.78819978637573E-17,0.));
#4878=DIRECTION('ref_axis',(-5.78819978637573E-17,-1.,0.));
#4879=DIRECTION('center_axis',(1.,-6.93889390390723E-15,0.));
#4880=DIRECTION('ref_axis',(6.93889390390723E-15,1.,0.));
#4881=DIRECTION('center_axis',(-0.753909502749912,0.656978280967781,0.));
#4882=DIRECTION('ref_axis',(-0.656978280967781,-0.753909502749912,0.));
#4883=DIRECTION('center_axis',(-0.753909502749912,0.656978280967781,0.));
#4884=DIRECTION('ref_axis',(-0.656978280967781,-0.753909502749912,0.));
#4885=DIRECTION('center_axis',(0.,0.,1.));
#4886=DIRECTION('ref_axis',(1.,0.,0.));
#4887=DIRECTION('center_axis',(0.,1.,0.));
#4888=DIRECTION('ref_axis',(0.,0.,1.));
#4889=DIRECTION('center_axis',(0.,0.,1.));
#4890=DIRECTION('ref_axis',(1.,0.,0.));
#4891=DIRECTION('center_axis',(-0.59416559142315,-0.804342744089097,0.));
#4892=DIRECTION('ref_axis',(0.804342744089097,-0.59416559142315,0.));
#4893=DIRECTION('center_axis',(0.,-1.,0.));
#4894=DIRECTION('ref_axis',(0.,0.,-1.));
#4895=DIRECTION('center_axis',(-3.46944695195361E-15,1.,0.));
#4896=DIRECTION('ref_axis',(-1.,-3.46944695195361E-15,0.));
#4897=DIRECTION('center_axis',(-0.594165591423157,-0.804342744089092,0.));
#4898=DIRECTION('ref_axis',(0.804342744089092,-0.594165591423157,0.));
#4899=DIRECTION('center_axis',(-0.594165591423156,-0.804342744089092,-6.66113759215833E-16));
#4900=DIRECTION('ref_axis',(0.804342744089092,-0.594165591423156,4.93038065763132E-32));
#4901=DIRECTION('center_axis',(0.,0.,1.));
#4902=DIRECTION('ref_axis',(1.,0.,0.));
#4903=DIRECTION('center_axis',(0.42030841205679,0.90738130835625,0.));
#4904=DIRECTION('ref_axis',(-0.90738130835625,0.42030841205679,0.));
#4905=DIRECTION('center_axis',(0.,1.,0.));
#4906=DIRECTION('ref_axis',(1.,0.,0.));
#4907=DIRECTION('center_axis',(-1.,3.46944695195362E-15,0.));
#4908=DIRECTION('ref_axis',(-3.46944695195362E-15,-1.,0.));
#4909=DIRECTION('center_axis',(-0.420308412056789,-0.90738130835625,0.));
#4910=DIRECTION('ref_axis',(0.90738130835625,-0.420308412056789,0.));
#4911=DIRECTION('center_axis',(-1.,0.,0.));
#4912=DIRECTION('ref_axis',(0.,0.,1.));
#4913=DIRECTION('center_axis',(-1.,0.,0.));
#4914=DIRECTION('ref_axis',(0.,0.,1.));
#4915=DIRECTION('center_axis',(0.,0.,1.));
#4916=DIRECTION('ref_axis',(1.,0.,0.));
#4917=DIRECTION('center_axis',(6.93889390390722E-15,1.,0.));
#4918=DIRECTION('ref_axis',(-1.,6.93889390390722E-15,0.));
#4919=DIRECTION('center_axis',(0.378864667974172,-0.925452085934664,0.));
#4920=DIRECTION('ref_axis',(0.925452085934664,0.378864667974172,0.));
#4921=DIRECTION('center_axis',(-0.378864667974175,0.925452085934663,0.));
#4922=DIRECTION('ref_axis',(-0.925452085934663,-0.378864667974175,0.));
#4923=DIRECTION('center_axis',(0.,1.,0.));
#4924=DIRECTION('ref_axis',(0.,0.,1.));
#4925=DIRECTION('center_axis',(0.,1.,0.));
#4926=DIRECTION('ref_axis',(0.,0.,1.));
#4927=DIRECTION('center_axis',(0.,0.,1.));
#4928=DIRECTION('ref_axis',(1.,0.,0.));
#4929=DIRECTION('center_axis',(0.,1.,0.));
#4930=DIRECTION('ref_axis',(0.,0.,1.));
#4931=DIRECTION('center_axis',(0.,1.,0.));
#4932=DIRECTION('ref_axis',(1.,0.,0.));
#4933=DIRECTION('center_axis',(0.721860780079055,0.692038303985884,0.));
#4934=DIRECTION('ref_axis',(-0.692038303985884,0.721860780079055,0.));
#4935=DIRECTION('center_axis',(0.,-1.,0.));
#4936=DIRECTION('ref_axis',(0.,0.,-1.));
#4937=DIRECTION('center_axis',(6.93889390390722E-15,1.,0.));
#4938=DIRECTION('ref_axis',(-1.,6.93889390390722E-15,0.));
#4939=DIRECTION('center_axis',(0.721860780079053,0.692038303985886,0.));
#4940=DIRECTION('ref_axis',(-0.692038303985886,0.721860780079053,0.));
#4941=DIRECTION('center_axis',(0.,0.,1.));
#4942=DIRECTION('ref_axis',(1.,0.,0.));
#4943=DIRECTION('center_axis',(-1.,0.,0.));
#4944=DIRECTION('ref_axis',(0.,0.,1.));
#4945=DIRECTION('center_axis',(1.,-1.44704994659393E-16,0.));
#4946=DIRECTION('ref_axis',(1.44704994659393E-16,1.,0.));
#4947=DIRECTION('center_axis',(-1.,3.46944695195361E-15,0.));
#4948=DIRECTION('ref_axis',(-3.46944695195361E-15,-1.,0.));
#4949=DIRECTION('center_axis',(-0.677569504851438,0.735458745338837,0.));
#4950=DIRECTION('ref_axis',(-0.735458745338837,-0.677569504851438,0.));
#4951=DIRECTION('center_axis',(-0.677569504851438,0.735458745338837,6.37908775575865E-16));
#4952=DIRECTION('ref_axis',(-0.735458745338837,-0.677569504851439,0.));
#4953=DIRECTION('center_axis',(0.,1.,0.));
#4954=DIRECTION('ref_axis',(1.,0.,0.));
#4955=DIRECTION('center_axis',(-0.618612903859087,-0.785695917756373,0.));
#4956=DIRECTION('ref_axis',(0.785695917756373,-0.618612903859087,0.));
#4957=DIRECTION('center_axis',(0.,1.,0.));
#4958=DIRECTION('ref_axis',(1.,0.,0.));
#4959=DIRECTION('center_axis',(3.90312782094781E-15,1.,0.));
#4960=DIRECTION('ref_axis',(-1.,3.90312782094781E-15,0.));
#4961=DIRECTION('center_axis',(0.618612903859089,0.785695917756371,0.));
#4962=DIRECTION('ref_axis',(-0.785695917756371,0.618612903859089,0.));
#4963=DIRECTION('center_axis',(-0.61861290385908,-0.785695917756378,0.));
#4964=DIRECTION('ref_axis',(0.785695917756378,-0.61861290385908,0.));
#4965=DIRECTION('center_axis',(0.,1.,0.));
#4966=DIRECTION('ref_axis',(0.,0.,1.));
#4967=DIRECTION('center_axis',(0.,1.,0.));
#4968=DIRECTION('ref_axis',(0.,0.,1.));
#4969=DIRECTION('center_axis',(0.,0.,1.));
#4970=DIRECTION('ref_axis',(1.,0.,0.));
#4971=DIRECTION('center_axis',(-0.548580426676619,0.836097790612617,0.));
#4972=DIRECTION('ref_axis',(-0.836097790612617,-0.548580426676618,0.));
#4973=DIRECTION('center_axis',(0.,1.,0.));
#4974=DIRECTION('ref_axis',(1.,0.,0.));
#4975=DIRECTION('center_axis',(0.731343084870572,0.682009744953835,5.91549157708187E-16));
#4976=DIRECTION('ref_axis',(-0.682009744953835,0.731343084870572,0.));
#4977=DIRECTION('center_axis',(0.548580426676618,-0.836097790612617,0.));
#4978=DIRECTION('ref_axis',(0.836097790612617,0.548580426676618,0.));
#4979=DIRECTION('center_axis',(-0.548580426676611,0.836097790612622,0.));
#4980=DIRECTION('ref_axis',(-0.836097790612622,-0.548580426676611,0.));
#4981=DIRECTION('center_axis',(0.731343084870571,0.682009744953836,0.));
#4982=DIRECTION('ref_axis',(-0.682009744953836,0.731343084870571,0.));
#4983=DIRECTION('center_axis',(0.,1.,0.));
#4984=DIRECTION('ref_axis',(1.,0.,0.));
#4985=DIRECTION('center_axis',(-1.,-3.46944695195361E-15,0.));
#4986=DIRECTION('ref_axis',(3.46944695195361E-15,-1.,0.));
#4987=DIRECTION('center_axis',(1.,-1.44704994659393E-16,0.));
#4988=DIRECTION('ref_axis',(1.44704994659393E-16,1.,0.));
#4989=DIRECTION('center_axis',(-1.,6.93889390390722E-15,0.));
#4990=DIRECTION('ref_axis',(-6.93889390390722E-15,-1.,0.));
#4991=DIRECTION('center_axis',(-0.682009744953837,0.731343084870571,0.));
#4992=DIRECTION('ref_axis',(-0.731343084870571,-0.682009744953837,0.));
#4993=DIRECTION('center_axis',(-0.682009744953837,0.731343084870571,-1.09751861251447E-15));
#4994=DIRECTION('ref_axis',(-0.731343084870571,-0.682009744953837,0.));
#4995=DIRECTION('center_axis',(0.,0.,1.));
#4996=DIRECTION('ref_axis',(1.,0.,0.));
#4997=DIRECTION('center_axis',(0.,-1.,0.));
#4998=DIRECTION('ref_axis',(0.,0.,-1.));
#4999=DIRECTION('center_axis',(0.,1.,0.));
#5000=DIRECTION('ref_axis',(1.,0.,0.));
#5001=DIRECTION('center_axis',(3.46944695195361E-15,1.,0.));
#5002=DIRECTION('ref_axis',(-1.,3.46944695195361E-15,0.));
#5003=DIRECTION('center_axis',(0.,1.,0.));
#5004=DIRECTION('ref_axis',(0.,0.,1.));
#5005=DIRECTION('center_axis',(0.,0.,1.));
#5006=DIRECTION('ref_axis',(1.,0.,0.));
#5007=DIRECTION('center_axis',(0.,0.,-1.));
#5008=DIRECTION('ref_axis',(-1.,0.,0.));
#5009=DIRECTION('center_axis',(0.,0.,1.));
#5010=DIRECTION('ref_axis',(1.,0.,0.));
#5011=DIRECTION('',(0.,0.,1.));
#5012=DIRECTION('center_axis',(0.,0.,1.));
#5013=DIRECTION('ref_axis',(1.,0.,0.));
#5014=DIRECTION('center_axis',(0.,0.,1.));
#5015=DIRECTION('ref_axis',(1.,0.,0.));
#5016=DIRECTION('center_axis',(0.,0.,1.));
#5017=DIRECTION('ref_axis',(1.,0.,0.));
#5018=DIRECTION('',(-5.55111512312579E-17,-1.,-5.55111512312578E-16));
#5019=DIRECTION('',(1.,-5.55111512312578E-17,-1.38777878078145E-17));
#5020=DIRECTION('center_axis',(0.,0.,1.));
#5021=DIRECTION('ref_axis',(1.,0.,0.));
#5022=CARTESIAN_POINT('',(0.,0.,0.));
#5023=CARTESIAN_POINT('',(0.,0.,0.));
#5024=CARTESIAN_POINT('',(0.,0.,0.));
#5025=CARTESIAN_POINT('Origin',(0.635,2.45,-1.22));
#5026=CARTESIAN_POINT('',(-0.72857864376269,2.5,-1.17));
#5027=CARTESIAN_POINT('',(0.72857864376269,2.5,-1.17));
#5028=CARTESIAN_POINT('',(0.635,2.5,-1.17));
#5029=CARTESIAN_POINT('',(0.77,2.4,-1.27));
#5030=CARTESIAN_POINT('',(0.72857864376269,2.5,-1.17));
#5031=CARTESIAN_POINT('',(-0.77,2.4,-1.27));
#5032=CARTESIAN_POINT('',(0.635,2.4,-1.27));
#5033=CARTESIAN_POINT('',(-0.72857864376269,2.5,-1.17));
#5034=CARTESIAN_POINT('Origin',(0.984644660940672,2.45,-0.984644660940672));
#5035=CARTESIAN_POINT('',(1.17,2.5,-0.72857864376269));
#5036=CARTESIAN_POINT('',(0.949289321881345,2.5,-0.949289321881345));
#5037=CARTESIAN_POINT('',(1.27,2.4,-0.77));
#5038=CARTESIAN_POINT('',(1.17,2.5,-0.72857864376269));
#5039=CARTESIAN_POINT('',(1.02,2.4,-1.02));
#5040=CARTESIAN_POINT('Origin',(1.22,2.45,0.635));
#5041=CARTESIAN_POINT('',(1.17,2.5,0.72857864376269));
#5042=CARTESIAN_POINT('',(1.17,2.5,0.635));
#5043=CARTESIAN_POINT('',(1.27,2.4,0.77));
#5044=CARTESIAN_POINT('',(1.17,2.5,0.72857864376269));
#5045=CARTESIAN_POINT('',(1.27,2.4,0.635));
#5046=CARTESIAN_POINT('Origin',(0.984644660940672,2.45,0.984644660940672));
#5047=CARTESIAN_POINT('',(0.72857864376269,2.5,1.17));
#5048=CARTESIAN_POINT('',(0.949289321881345,2.5,0.949289321881345));
#5049=CARTESIAN_POINT('',(0.77,2.4,1.27));
#5050=CARTESIAN_POINT('',(0.72857864376269,2.5,1.17));
#5051=CARTESIAN_POINT('',(1.02,2.4,1.02));
#5052=CARTESIAN_POINT('Origin',(-0.635,2.45,1.22));
#5053=CARTESIAN_POINT('',(-0.72857864376269,2.5,1.17));
#5054=CARTESIAN_POINT('',(-0.635,2.5,1.17));
#5055=CARTESIAN_POINT('',(-0.77,2.4,1.27));
#5056=CARTESIAN_POINT('',(-0.72857864376269,2.5,1.17));
#5057=CARTESIAN_POINT('',(-0.635,2.4,1.27));
#5058=CARTESIAN_POINT('Origin',(-0.984644660940672,2.45,0.984644660940672));
#5059=CARTESIAN_POINT('',(-1.27,2.4,0.77));
#5060=CARTESIAN_POINT('',(-1.02,2.4,1.02));
#5061=CARTESIAN_POINT('',(-1.17,2.5,0.72857864376269));
#5062=CARTESIAN_POINT('',(-0.949289321881345,2.5,0.949289321881345));
#5063=CARTESIAN_POINT('',(-1.17,2.5,0.72857864376269));
#5064=CARTESIAN_POINT('Origin',(-1.22,2.45,-0.635));
#5065=CARTESIAN_POINT('',(-1.27,2.4,-0.77));
#5066=CARTESIAN_POINT('',(-1.27,2.4,-0.635));
#5067=CARTESIAN_POINT('',(-1.17,2.5,-0.72857864376269));
#5068=CARTESIAN_POINT('',(-1.17,2.5,-0.635));
#5069=CARTESIAN_POINT('',(-1.17,2.5,-0.72857864376269));
#5070=CARTESIAN_POINT('Origin',(-0.984644660940672,2.45,-0.984644660940672));
#5071=CARTESIAN_POINT('',(-1.02,2.4,-1.02));
#5072=CARTESIAN_POINT('',(-0.949289321881345,2.5,-0.949289321881345));
#5073=CARTESIAN_POINT('Origin',(-1.02,0.,1.02));
#5074=CARTESIAN_POINT('',(-1.27,0.1,0.77));
#5075=CARTESIAN_POINT('',(-1.27,0.,0.77));
#5076=CARTESIAN_POINT('',(-0.77,0.1,1.27));
#5077=CARTESIAN_POINT('',(-1.02,0.1,1.02));
#5078=CARTESIAN_POINT('',(-0.77,0.,1.27));
#5079=CARTESIAN_POINT('Origin',(-1.27,0.,-1.27));
#5080=CARTESIAN_POINT('',(-1.27,0.1,-0.77));
#5081=CARTESIAN_POINT('',(-1.27,0.,-0.77));
#5082=CARTESIAN_POINT('',(-1.27,0.1,-0.635));
#5083=CARTESIAN_POINT('Origin',(-1.02,0.,-1.02));
#5084=CARTESIAN_POINT('',(-0.77,0.1,-1.27));
#5085=CARTESIAN_POINT('',(-0.77,0.,-1.27));
#5086=CARTESIAN_POINT('',(-1.02,0.1,-1.02));
#5087=CARTESIAN_POINT('Origin',(1.27,0.,-1.27));
#5088=CARTESIAN_POINT('',(0.77,0.1,-1.27));
#5089=CARTESIAN_POINT('',(0.77,0.,-1.27));
#5090=CARTESIAN_POINT('',(0.635,0.1,-1.27));
#5091=CARTESIAN_POINT('Origin',(0.,2.5,0.));
#5092=CARTESIAN_POINT('',(-0.325,2.5,-0.325));
#5093=CARTESIAN_POINT('',(0.325,2.5,-0.325));
#5094=CARTESIAN_POINT('',(-0.325,2.5,-0.325));
#5095=CARTESIAN_POINT('',(0.325,2.5,0.325));
#5096=CARTESIAN_POINT('',(0.325,2.5,-0.325));
#5097=CARTESIAN_POINT('',(-0.325,2.5,0.325));
#5098=CARTESIAN_POINT('',(0.325,2.5,0.325));
#5099=CARTESIAN_POINT('',(-0.325,2.5,0.325));
#5100=CARTESIAN_POINT('Origin',(1.22,0.05,0.635));
#5101=CARTESIAN_POINT('',(1.17,0.,0.72857864376269));
#5102=CARTESIAN_POINT('',(1.17,0.,-0.72857864376269));
#5103=CARTESIAN_POINT('',(1.17,0.,0.635));
#5104=CARTESIAN_POINT('',(1.27,0.1,-0.77));
#5105=CARTESIAN_POINT('',(1.17,0.,-0.72857864376269));
#5106=CARTESIAN_POINT('',(1.27,0.1,0.77));
#5107=CARTESIAN_POINT('',(1.27,0.1,0.635));
#5108=CARTESIAN_POINT('',(1.17,0.,0.72857864376269));
#5109=CARTESIAN_POINT('Origin',(0.984644660940672,0.05,-0.984644660940672));
#5110=CARTESIAN_POINT('',(0.72857864376269,0.,-1.17));
#5111=CARTESIAN_POINT('',(0.949289321881345,0.,-0.949289321881345));
#5112=CARTESIAN_POINT('',(0.72857864376269,0.,-1.17));
#5113=CARTESIAN_POINT('',(1.02,0.1,-1.02));
#5114=CARTESIAN_POINT('Origin',(0.635,0.05,-1.22));
#5115=CARTESIAN_POINT('',(-0.72857864376269,0.,-1.17));
#5116=CARTESIAN_POINT('',(0.635,0.,-1.17));
#5117=CARTESIAN_POINT('',(-0.72857864376269,0.,-1.17));
#5118=CARTESIAN_POINT('Origin',(-0.984644660940672,0.05,-0.984644660940672));
#5119=CARTESIAN_POINT('',(-1.17,0.,-0.72857864376269));
#5120=CARTESIAN_POINT('',(-0.949289321881345,0.,-0.949289321881345));
#5121=CARTESIAN_POINT('',(-1.17,0.,-0.72857864376269));
#5122=CARTESIAN_POINT('Origin',(-1.22,0.05,-0.635));
#5123=CARTESIAN_POINT('',(-1.17,0.,0.72857864376269));
#5124=CARTESIAN_POINT('',(-1.17,0.,-0.635));
#5125=CARTESIAN_POINT('',(-1.17,0.,0.72857864376269));
#5126=CARTESIAN_POINT('Origin',(-0.984644660940672,0.05,0.984644660940672));
#5127=CARTESIAN_POINT('',(-0.72857864376269,0.,1.17));
#5128=CARTESIAN_POINT('',(-0.949289321881345,0.,0.949289321881345));
#5129=CARTESIAN_POINT('',(-0.72857864376269,0.,1.17));
#5130=CARTESIAN_POINT('Origin',(-0.635,0.05,1.22));
#5131=CARTESIAN_POINT('',(0.77,0.1,1.27));
#5132=CARTESIAN_POINT('',(-0.635,0.1,1.27));
#5133=CARTESIAN_POINT('',(0.72857864376269,0.,1.17));
#5134=CARTESIAN_POINT('',(-0.635,0.,1.17));
#5135=CARTESIAN_POINT('',(0.72857864376269,0.,1.17));
#5136=CARTESIAN_POINT('Origin',(0.984644660940672,0.05,0.984644660940672));
#5137=CARTESIAN_POINT('',(1.02,0.1,1.02));
#5138=CARTESIAN_POINT('',(0.949289321881345,0.,0.949289321881345));
#5139=CARTESIAN_POINT('Origin',(-1.27,0.,1.27));
#5140=CARTESIAN_POINT('',(0.77,0.,1.27));
#5141=CARTESIAN_POINT('Origin',(1.02,0.,1.02));
#5142=CARTESIAN_POINT('',(1.27,0.,0.77));
#5143=CARTESIAN_POINT('Origin',(1.27,0.,1.27));
#5144=CARTESIAN_POINT('',(1.27,0.,-0.77));
#5145=CARTESIAN_POINT('Origin',(0.,0.,0.));
#5146=CARTESIAN_POINT('',(-0.325,0.,-0.325));
#5147=CARTESIAN_POINT('',(0.325,0.,-0.325));
#5148=CARTESIAN_POINT('',(-0.325,0.,-0.325));
#5149=CARTESIAN_POINT('',(-0.325,0.,0.325));
#5150=CARTESIAN_POINT('',(-0.325,0.,0.325));
#5151=CARTESIAN_POINT('',(0.325,0.,0.325));
#5152=CARTESIAN_POINT('',(0.325,0.,0.325));
#5153=CARTESIAN_POINT('',(0.325,0.,-0.325));
#5154=CARTESIAN_POINT('Origin',(1.02,0.,-1.02));
#5155=CARTESIAN_POINT('Origin',(-0.325,0.,0.325));
#5156=CARTESIAN_POINT('',(-0.325,0.,-0.325));
#5157=CARTESIAN_POINT('',(-0.325,0.,0.325));
#5158=CARTESIAN_POINT('Origin',(0.325,0.,0.325));
#5159=CARTESIAN_POINT('',(0.325,0.,0.325));
#5160=CARTESIAN_POINT('Origin',(0.325,0.,-0.325));
#5161=CARTESIAN_POINT('',(0.325,0.,-0.325));
#5162=CARTESIAN_POINT('Origin',(-0.325,0.,-0.325));
#5163=CARTESIAN_POINT('',(0.,0.,0.));
#5164=CARTESIAN_POINT('Origin',(-0.27,5.3,-0.16));
#5165=CARTESIAN_POINT('',(-0.22,5.5,0.22));
#5166=CARTESIAN_POINT('',(-0.22,5.5,-0.22));
#5167=CARTESIAN_POINT('',(-0.22,5.5,-0.16));
#5168=CARTESIAN_POINT('',(-0.32,5.1,-0.32));
#5169=CARTESIAN_POINT('',(-0.22,5.5,-0.22));
#5170=CARTESIAN_POINT('',(-0.32,5.1,0.32));
#5171=CARTESIAN_POINT('',(-0.32,5.1,-0.16));
#5172=CARTESIAN_POINT('',(-0.22,5.5,0.22));
#5173=CARTESIAN_POINT('Origin',(0.16,5.3,-0.27));
#5174=CARTESIAN_POINT('',(0.22,5.5,-0.22));
#5175=CARTESIAN_POINT('',(0.16,5.5,-0.22));
#5176=CARTESIAN_POINT('',(0.32,5.1,-0.32));
#5177=CARTESIAN_POINT('',(0.22,5.5,-0.22));
#5178=CARTESIAN_POINT('',(0.16,5.1,-0.32));
#5179=CARTESIAN_POINT('Origin',(0.27,5.3,0.16));
#5180=CARTESIAN_POINT('',(0.22,5.5,0.22));
#5181=CARTESIAN_POINT('',(0.22,5.5,0.16));
#5182=CARTESIAN_POINT('',(0.32,5.1,0.32));
#5183=CARTESIAN_POINT('',(0.22,5.5,0.22));
#5184=CARTESIAN_POINT('',(0.32,5.1,0.16));
#5185=CARTESIAN_POINT('Origin',(-0.16,5.3,0.27));
#5186=CARTESIAN_POINT('',(-0.16,5.1,0.32));
#5187=CARTESIAN_POINT('',(-0.16,5.5,0.22));
#5188=CARTESIAN_POINT('Origin',(-0.32,2.5,0.32));
#5189=CARTESIAN_POINT('',(-0.32,-5.7,0.32));
#5190=CARTESIAN_POINT('',(-0.32,2.5,0.32));
#5191=CARTESIAN_POINT('',(0.32,-5.7,0.32));
#5192=CARTESIAN_POINT('',(-0.16,-5.7,0.32));
#5193=CARTESIAN_POINT('',(0.32,2.5,0.32));
#5194=CARTESIAN_POINT('Origin',(-0.32,2.5,-0.32));
#5195=CARTESIAN_POINT('',(-0.32,-5.7,-0.32));
#5196=CARTESIAN_POINT('',(-0.32,2.5,-0.32));
#5197=CARTESIAN_POINT('',(-0.32,-5.7,-0.16));
#5198=CARTESIAN_POINT('Origin',(0.,5.5,0.));
#5199=CARTESIAN_POINT('Origin',(-0.27,-5.9,-0.16));
#5200=CARTESIAN_POINT('',(-0.22,-6.1,-0.22));
#5201=CARTESIAN_POINT('',(-0.22,-6.1,0.22));
#5202=CARTESIAN_POINT('',(-0.22,-6.1,-0.16));
#5203=CARTESIAN_POINT('',(-0.22,-6.1,0.22));
#5204=CARTESIAN_POINT('',(-0.22,-6.1,-0.22));
#5205=CARTESIAN_POINT('Origin',(-0.16,-5.9,0.27));
#5206=CARTESIAN_POINT('',(0.22,-6.1,0.22));
#5207=CARTESIAN_POINT('',(-0.16,-6.1,0.22));
#5208=CARTESIAN_POINT('',(0.22,-6.1,0.22));
#5209=CARTESIAN_POINT('Origin',(0.27,-5.9,0.16));
#5210=CARTESIAN_POINT('',(0.22,-6.1,-0.22));
#5211=CARTESIAN_POINT('',(0.22,-6.1,0.16));
#5212=CARTESIAN_POINT('',(0.32,-5.7,-0.32));
#5213=CARTESIAN_POINT('',(0.22,-6.1,-0.22));
#5214=CARTESIAN_POINT('',(0.32,-5.7,0.16));
#5215=CARTESIAN_POINT('Origin',(0.16,-5.9,-0.27));
#5216=CARTESIAN_POINT('',(0.16,-5.7,-0.32));
#5217=CARTESIAN_POINT('',(0.16,-6.1,-0.22));
#5218=CARTESIAN_POINT('Origin',(0.32,2.5,-0.32));
#5219=CARTESIAN_POINT('',(0.32,2.5,-0.32));
#5220=CARTESIAN_POINT('Origin',(0.,-6.1,0.));
#5221=CARTESIAN_POINT('Origin',(0.32,2.5,0.32));
#5222=CARTESIAN_POINT('',(0.,2.21,-1.11022302462516E-15));
#5223=CARTESIAN_POINT('',(0.,2.21,-1.11022302462516E-15));
#5224=CARTESIAN_POINT('',(0.,2.21,2.54));
#5225=CARTESIAN_POINT('',(0.,2.21,2.54));
#5226=CARTESIAN_POINT('',(0.,2.21,5.08));
#5227=CARTESIAN_POINT('',(0.,2.21,5.08));
#5228=CARTESIAN_POINT('',(0.,2.21,7.62));
#5229=CARTESIAN_POINT('',(0.,2.21,7.62));
#5230=CARTESIAN_POINT('',(0.,2.21,10.16));
#5231=CARTESIAN_POINT('',(0.,2.21,10.16));
#5232=CARTESIAN_POINT('',(0.,2.21000000000001,12.7));
#5233=CARTESIAN_POINT('',(0.,2.21000000000001,12.7));
#5234=CARTESIAN_POINT('Origin',(13.715,-3.63,0.79));
#5235=CARTESIAN_POINT('',(14.59,-3.63,0.79));
#5236=CARTESIAN_POINT('Origin',(13.715,-3.63,0.79));
#5237=CARTESIAN_POINT('',(14.59,-3.63,0.));
#5238=CARTESIAN_POINT('',(14.59,-3.63,0.79));
#5239=CARTESIAN_POINT('Origin',(13.715,-3.63,0.));
#5240=CARTESIAN_POINT('Origin',(-13.715,-6.17,0.79));
#5241=CARTESIAN_POINT('',(-12.84,-6.17,0.79));
#5242=CARTESIAN_POINT('Origin',(-13.715,-6.17,0.79));
#5243=CARTESIAN_POINT('',(-12.84,-6.17,0.));
#5244=CARTESIAN_POINT('',(-12.84,-6.17,0.79));
#5245=CARTESIAN_POINT('Origin',(-13.715,-6.17,0.));
#5246=CARTESIAN_POINT('Origin',(-13.715,-3.63,0.79));
#5247=CARTESIAN_POINT('',(-12.84,-3.63,0.79));
#5248=CARTESIAN_POINT('Origin',(-13.715,-3.63,0.79));
#5249=CARTESIAN_POINT('',(-12.84,-3.63,0.));
#5250=CARTESIAN_POINT('',(-12.84,-3.63,0.79));
#5251=CARTESIAN_POINT('Origin',(-13.715,-3.63,0.));
#5252=CARTESIAN_POINT('Origin',(-13.715,-1.09,0.79));
#5253=CARTESIAN_POINT('',(-12.84,-1.09,0.79));
#5254=CARTESIAN_POINT('Origin',(-13.715,-1.09,0.79));
#5255=CARTESIAN_POINT('',(-12.84,-1.09,0.));
#5256=CARTESIAN_POINT('',(-12.84,-1.09,0.79));
#5257=CARTESIAN_POINT('Origin',(-13.715,-1.09,0.));
#5258=CARTESIAN_POINT('Origin',(-13.715,1.45,0.79));
#5259=CARTESIAN_POINT('',(-12.84,1.45,0.79));
#5260=CARTESIAN_POINT('Origin',(-13.715,1.45,0.79));
#5261=CARTESIAN_POINT('',(-12.84,1.45,0.));
#5262=CARTESIAN_POINT('',(-12.84,1.45,0.79));
#5263=CARTESIAN_POINT('Origin',(-13.715,1.45,0.));
#5264=CARTESIAN_POINT('Origin',(-13.715,3.99,0.79));
#5265=CARTESIAN_POINT('',(-12.84,3.99,0.79));
#5266=CARTESIAN_POINT('Origin',(-13.715,3.99,0.79));
#5267=CARTESIAN_POINT('',(-12.84,3.99,0.));
#5268=CARTESIAN_POINT('',(-12.84,3.99,0.79));
#5269=CARTESIAN_POINT('Origin',(-13.715,3.99,0.));
#5270=CARTESIAN_POINT('Origin',(13.715,3.99,0.79));
#5271=CARTESIAN_POINT('',(14.59,3.99,0.79));
#5272=CARTESIAN_POINT('Origin',(13.715,3.99,0.79));
#5273=CARTESIAN_POINT('',(14.59,3.99,0.));
#5274=CARTESIAN_POINT('',(14.59,3.99,0.79));
#5275=CARTESIAN_POINT('Origin',(13.715,3.99,0.));
#5276=CARTESIAN_POINT('Origin',(13.715,6.53,0.79));
#5277=CARTESIAN_POINT('',(14.59,6.53,0.79));
#5278=CARTESIAN_POINT('Origin',(13.715,6.53,0.79));
#5279=CARTESIAN_POINT('',(14.59,6.53,0.));
#5280=CARTESIAN_POINT('',(14.59,6.53,0.79));
#5281=CARTESIAN_POINT('Origin',(13.715,6.53,0.));
#5282=CARTESIAN_POINT('Origin',(13.715,-6.17,0.79));
#5283=CARTESIAN_POINT('',(14.59,-6.17,0.79));
#5284=CARTESIAN_POINT('Origin',(13.715,-6.17,0.79));
#5285=CARTESIAN_POINT('',(14.59,-6.17,0.));
#5286=CARTESIAN_POINT('',(14.59,-6.17,0.79));
#5287=CARTESIAN_POINT('Origin',(13.715,-6.17,0.));
#5288=CARTESIAN_POINT('Origin',(14.985,-1.66633533894311E-15,0.79));
#5289=CARTESIAN_POINT('',(14.985,7.8,0.));
#5290=CARTESIAN_POINT('',(14.985,-7.8,0.));
#5291=CARTESIAN_POINT('',(14.985,-1.66633533894311E-15,0.));
#5292=CARTESIAN_POINT('',(14.985,7.8,0.79));
#5293=CARTESIAN_POINT('',(14.985,7.8,0.79));
#5294=CARTESIAN_POINT('',(14.985,-7.8,0.79));
#5295=CARTESIAN_POINT('',(14.985,-1.66633533894311E-15,0.79));
#5296=CARTESIAN_POINT('',(14.985,-7.8,0.79));
#5297=CARTESIAN_POINT('Origin',(1.12869895834327E-15,7.8,0.79));
#5298=CARTESIAN_POINT('',(-14.985,7.8,0.));
#5299=CARTESIAN_POINT('',(1.12869895834327E-15,7.8,0.));
#5300=CARTESIAN_POINT('',(-14.985,7.8,0.79));
#5301=CARTESIAN_POINT('',(-14.985,7.8,0.79));
#5302=CARTESIAN_POINT('',(1.12869895834327E-15,7.8,0.79));
#5303=CARTESIAN_POINT('Origin',(-14.985,0.,0.79));
#5304=CARTESIAN_POINT('',(-14.985,-7.8,0.));
#5305=CARTESIAN_POINT('',(-14.985,0.,0.));
#5306=CARTESIAN_POINT('',(-14.985,-7.8,0.79));
#5307=CARTESIAN_POINT('',(-14.985,-7.8,0.79));
#5308=CARTESIAN_POINT('',(-14.985,0.,0.79));
#5309=CARTESIAN_POINT('Origin',(-14.59,1.44626374368581E-14,0.79));
#5310=CARTESIAN_POINT('',(-14.59,7.405,0.));
#5311=CARTESIAN_POINT('',(-14.59,5.655,0.));
#5312=CARTESIAN_POINT('',(-14.59,1.44626374368581E-14,0.));
#5313=CARTESIAN_POINT('',(-14.59,7.405,0.79));
#5314=CARTESIAN_POINT('',(-14.59,7.405,0.79));
#5315=CARTESIAN_POINT('',(-14.59,5.655,0.79));
#5316=CARTESIAN_POINT('',(-14.59,1.44626374368581E-14,0.79));
#5317=CARTESIAN_POINT('',(-14.59,5.655,0.79));
#5318=CARTESIAN_POINT('Origin',(3.67017923988807E-15,7.40499999999999,0.79));
#5319=CARTESIAN_POINT('',(-12.84,7.405,0.));
#5320=CARTESIAN_POINT('',(3.67017923988807E-15,7.40499999999999,0.));
#5321=CARTESIAN_POINT('',(-12.84,7.405,0.79));
#5322=CARTESIAN_POINT('',(-12.84,7.405,0.79));
#5323=CARTESIAN_POINT('',(3.67017923988807E-15,7.40499999999999,0.79));
#5324=CARTESIAN_POINT('Origin',(-12.84,0.,0.79));
#5325=CARTESIAN_POINT('',(-12.84,5.655,0.));
#5326=CARTESIAN_POINT('',(-12.84,0.,0.));
#5327=CARTESIAN_POINT('',(-12.84,5.655,0.79));
#5328=CARTESIAN_POINT('',(-12.84,5.655,0.79));
#5329=CARTESIAN_POINT('',(-12.84,0.,0.79));
#5330=CARTESIAN_POINT('Origin',(-4.51479583337307E-16,-7.8,0.79));
#5331=CARTESIAN_POINT('',(-4.51479583337307E-16,-7.8,0.));
#5332=CARTESIAN_POINT('',(-4.51479583337307E-16,-7.8,0.79));
#5333=CARTESIAN_POINT('Origin',(0.,5.655,0.79));
#5334=CARTESIAN_POINT('',(0.,5.655,0.));
#5335=CARTESIAN_POINT('',(0.,5.655,0.79));
#5336=CARTESIAN_POINT('Origin',(0.,0.,0.79));
#5337=CARTESIAN_POINT('Origin',(0.,0.,0.));
#5338=CARTESIAN_POINT('Origin',(-13.715,6.53,0.79));
#5339=CARTESIAN_POINT('',(-13.24,6.53,0.79));
#5340=CARTESIAN_POINT('Origin',(-13.715,6.53,0.79));
#5341=CARTESIAN_POINT('',(-13.24,6.53,0.));
#5342=CARTESIAN_POINT('',(-13.24,6.53,0.79));
#5343=CARTESIAN_POINT('Origin',(-13.715,6.53,0.));
#5344=CARTESIAN_POINT('Origin',(3.67017923988807E-15,7.40499999999999,0.79));
#5345=CARTESIAN_POINT('',(-12.84,7.405,0.));
#5346=CARTESIAN_POINT('',(-14.59,7.405,0.));
#5347=CARTESIAN_POINT('',(3.67017923988807E-15,7.40499999999999,0.));
#5348=CARTESIAN_POINT('',(-14.59,7.405,0.79));
#5349=CARTESIAN_POINT('',(-14.59,7.405,0.79));
#5350=CARTESIAN_POINT('',(-12.84,7.405,0.79));
#5351=CARTESIAN_POINT('',(3.67017923988807E-15,7.40499999999999,0.79));
#5352=CARTESIAN_POINT('',(-12.84,7.405,0.79));
#5353=CARTESIAN_POINT('Origin',(-14.59,1.44626374368581E-14,0.79));
#5354=CARTESIAN_POINT('',(-14.59,5.655,0.));
#5355=CARTESIAN_POINT('',(-14.59,1.44626374368581E-14,0.));
#5356=CARTESIAN_POINT('',(-14.59,5.655,0.79));
#5357=CARTESIAN_POINT('',(-14.59,5.655,0.79));
#5358=CARTESIAN_POINT('',(-14.59,1.44626374368581E-14,0.79));
#5359=CARTESIAN_POINT('Origin',(0.,5.655,0.79));
#5360=CARTESIAN_POINT('',(-12.84,5.655,0.));
#5361=CARTESIAN_POINT('',(0.,5.655,0.));
#5362=CARTESIAN_POINT('',(-12.84,5.655,0.79));
#5363=CARTESIAN_POINT('',(-12.84,5.655,0.79));
#5364=CARTESIAN_POINT('',(0.,5.655,0.79));
#5365=CARTESIAN_POINT('Origin',(-12.84,0.,0.79));
#5366=CARTESIAN_POINT('',(-12.84,0.,0.));
#5367=CARTESIAN_POINT('',(-12.84,0.,0.79));
#5368=CARTESIAN_POINT('Origin',(0.,0.,0.79));
#5369=CARTESIAN_POINT('Origin',(0.,0.,0.));
#5370=CARTESIAN_POINT('Origin',(-13.715,3.99,0.79));
#5371=CARTESIAN_POINT('',(-12.84,3.99,0.));
#5372=CARTESIAN_POINT('Origin',(-13.715,3.99,0.));
#5373=CARTESIAN_POINT('',(-12.84,3.99,0.79));
#5374=CARTESIAN_POINT('',(-12.84,3.99,0.79));
#5375=CARTESIAN_POINT('Origin',(-13.715,3.99,0.79));
#5376=CARTESIAN_POINT('Origin',(-13.715,3.99,0.79));
#5377=CARTESIAN_POINT('',(-13.24,3.99,0.79));
#5378=CARTESIAN_POINT('Origin',(-13.715,3.99,0.79));
#5379=CARTESIAN_POINT('',(-13.24,3.99,0.));
#5380=CARTESIAN_POINT('',(-13.24,3.99,0.79));
#5381=CARTESIAN_POINT('Origin',(-13.715,3.99,0.));
#5382=CARTESIAN_POINT('Origin',(0.,0.,0.79));
#5383=CARTESIAN_POINT('Origin',(0.,0.,0.));
#5384=CARTESIAN_POINT('Origin',(-13.715,1.45,0.79));
#5385=CARTESIAN_POINT('',(-12.84,1.45,0.));
#5386=CARTESIAN_POINT('Origin',(-13.715,1.45,0.));
#5387=CARTESIAN_POINT('',(-12.84,1.45,0.79));
#5388=CARTESIAN_POINT('',(-12.84,1.45,0.79));
#5389=CARTESIAN_POINT('Origin',(-13.715,1.45,0.79));
#5390=CARTESIAN_POINT('Origin',(-13.715,1.45,0.79));
#5391=CARTESIAN_POINT('',(-13.24,1.45,0.79));
#5392=CARTESIAN_POINT('Origin',(-13.715,1.45,0.79));
#5393=CARTESIAN_POINT('',(-13.24,1.45,0.));
#5394=CARTESIAN_POINT('',(-13.24,1.45,0.79));
#5395=CARTESIAN_POINT('Origin',(-13.715,1.45,0.));
#5396=CARTESIAN_POINT('Origin',(0.,0.,0.79));
#5397=CARTESIAN_POINT('Origin',(0.,0.,0.));
#5398=CARTESIAN_POINT('Origin',(-13.715,-1.09,0.79));
#5399=CARTESIAN_POINT('',(-12.84,-1.09,0.));
#5400=CARTESIAN_POINT('Origin',(-13.715,-1.09,0.));
#5401=CARTESIAN_POINT('',(-12.84,-1.09,0.79));
#5402=CARTESIAN_POINT('',(-12.84,-1.09,0.79));
#5403=CARTESIAN_POINT('Origin',(-13.715,-1.09,0.79));
#5404=CARTESIAN_POINT('Origin',(-13.715,-1.09,0.79));
#5405=CARTESIAN_POINT('',(-13.24,-1.09,0.79));
#5406=CARTESIAN_POINT('Origin',(-13.715,-1.09,0.79));
#5407=CARTESIAN_POINT('',(-13.24,-1.09,0.));
#5408=CARTESIAN_POINT('',(-13.24,-1.09,0.79));
#5409=CARTESIAN_POINT('Origin',(-13.715,-1.09,0.));
#5410=CARTESIAN_POINT('Origin',(0.,0.,0.79));
#5411=CARTESIAN_POINT('Origin',(0.,0.,0.));
#5412=CARTESIAN_POINT('Origin',(-13.715,-3.63,0.79));
#5413=CARTESIAN_POINT('',(-12.84,-3.63,0.));
#5414=CARTESIAN_POINT('Origin',(-13.715,-3.63,0.));
#5415=CARTESIAN_POINT('',(-12.84,-3.63,0.79));
#5416=CARTESIAN_POINT('',(-12.84,-3.63,0.79));
#5417=CARTESIAN_POINT('Origin',(-13.715,-3.63,0.79));
#5418=CARTESIAN_POINT('Origin',(-13.715,-3.63,0.79));
#5419=CARTESIAN_POINT('',(-13.24,-3.63,0.79));
#5420=CARTESIAN_POINT('Origin',(-13.715,-3.63,0.79));
#5421=CARTESIAN_POINT('',(-13.24,-3.63,0.));
#5422=CARTESIAN_POINT('',(-13.24,-3.63,0.79));
#5423=CARTESIAN_POINT('Origin',(-13.715,-3.63,0.));
#5424=CARTESIAN_POINT('Origin',(0.,0.,0.79));
#5425=CARTESIAN_POINT('Origin',(0.,0.,0.));
#5426=CARTESIAN_POINT('Origin',(-13.715,-6.17,0.79));
#5427=CARTESIAN_POINT('',(-12.84,-6.17,0.));
#5428=CARTESIAN_POINT('Origin',(-13.715,-6.17,0.));
#5429=CARTESIAN_POINT('',(-12.84,-6.17,0.79));
#5430=CARTESIAN_POINT('',(-12.84,-6.17,0.79));
#5431=CARTESIAN_POINT('Origin',(-13.715,-6.17,0.79));
#5432=CARTESIAN_POINT('Origin',(-13.715,-6.17,0.79));
#5433=CARTESIAN_POINT('',(-13.24,-6.17,0.79));
#5434=CARTESIAN_POINT('Origin',(-13.715,-6.17,0.79));
#5435=CARTESIAN_POINT('',(-13.24,-6.17,0.));
#5436=CARTESIAN_POINT('',(-13.24,-6.17,0.79));
#5437=CARTESIAN_POINT('Origin',(-13.715,-6.17,0.));
#5438=CARTESIAN_POINT('Origin',(0.,0.,0.79));
#5439=CARTESIAN_POINT('Origin',(0.,0.,0.));
#5440=CARTESIAN_POINT('Origin',(13.715,-6.17,0.79));
#5441=CARTESIAN_POINT('',(14.19,-6.17,0.79));
#5442=CARTESIAN_POINT('Origin',(13.715,-6.17,0.79));
#5443=CARTESIAN_POINT('',(14.19,-6.17,0.));
#5444=CARTESIAN_POINT('',(14.19,-6.17,0.79));
#5445=CARTESIAN_POINT('Origin',(13.715,-6.17,0.));
#5446=CARTESIAN_POINT('Origin',(13.715,-6.17,0.79));
#5447=CARTESIAN_POINT('',(14.59,-6.17,0.));
#5448=CARTESIAN_POINT('Origin',(13.715,-6.17,0.));
#5449=CARTESIAN_POINT('',(14.59,-6.17,0.79));
#5450=CARTESIAN_POINT('',(14.59,-6.17,0.79));
#5451=CARTESIAN_POINT('Origin',(13.715,-6.17,0.79));
#5452=CARTESIAN_POINT('Origin',(0.,0.,0.79));
#5453=CARTESIAN_POINT('Origin',(0.,0.,0.));
#5454=CARTESIAN_POINT('Origin',(13.715,-3.63,0.79));
#5455=CARTESIAN_POINT('',(14.19,-3.63,0.79));
#5456=CARTESIAN_POINT('Origin',(13.715,-3.63,0.79));
#5457=CARTESIAN_POINT('',(14.19,-3.63,0.));
#5458=CARTESIAN_POINT('',(14.19,-3.63,0.79));
#5459=CARTESIAN_POINT('Origin',(13.715,-3.63,0.));
#5460=CARTESIAN_POINT('Origin',(13.715,-3.63,0.79));
#5461=CARTESIAN_POINT('',(14.59,-3.63,0.));
#5462=CARTESIAN_POINT('Origin',(13.715,-3.63,0.));
#5463=CARTESIAN_POINT('',(14.59,-3.63,0.79));
#5464=CARTESIAN_POINT('',(14.59,-3.63,0.79));
#5465=CARTESIAN_POINT('Origin',(13.715,-3.63,0.79));
#5466=CARTESIAN_POINT('Origin',(0.,0.,0.79));
#5467=CARTESIAN_POINT('Origin',(0.,0.,0.));
#5468=CARTESIAN_POINT('Origin',(13.715,3.99,0.79));
#5469=CARTESIAN_POINT('',(14.19,3.99,0.79));
#5470=CARTESIAN_POINT('Origin',(13.715,3.99,0.79));
#5471=CARTESIAN_POINT('',(14.19,3.99,0.));
#5472=CARTESIAN_POINT('',(14.19,3.99,0.79));
#5473=CARTESIAN_POINT('Origin',(13.715,3.99,0.));
#5474=CARTESIAN_POINT('Origin',(13.715,3.99,0.79));
#5475=CARTESIAN_POINT('',(14.59,3.99,0.));
#5476=CARTESIAN_POINT('Origin',(13.715,3.99,0.));
#5477=CARTESIAN_POINT('',(14.59,3.99,0.79));
#5478=CARTESIAN_POINT('',(14.59,3.99,0.79));
#5479=CARTESIAN_POINT('Origin',(13.715,3.99,0.79));
#5480=CARTESIAN_POINT('Origin',(0.,0.,0.79));
#5481=CARTESIAN_POINT('Origin',(0.,0.,0.));
#5482=CARTESIAN_POINT('Origin',(13.715,6.53,0.79));
#5483=CARTESIAN_POINT('',(14.19,6.53,0.79));
#5484=CARTESIAN_POINT('Origin',(13.715,6.53,0.79));
#5485=CARTESIAN_POINT('',(14.19,6.53,0.));
#5486=CARTESIAN_POINT('',(14.19,6.53,0.79));
#5487=CARTESIAN_POINT('Origin',(13.715,6.53,0.));
#5488=CARTESIAN_POINT('Origin',(13.715,6.53,0.79));
#5489=CARTESIAN_POINT('',(14.59,6.53,0.));
#5490=CARTESIAN_POINT('Origin',(13.715,6.53,0.));
#5491=CARTESIAN_POINT('',(14.59,6.53,0.79));
#5492=CARTESIAN_POINT('',(14.59,6.53,0.79));
#5493=CARTESIAN_POINT('Origin',(13.715,6.53,0.79));
#5494=CARTESIAN_POINT('Origin',(0.,0.,0.79));
#5495=CARTESIAN_POINT('Origin',(0.,0.,0.));
#5496=CARTESIAN_POINT('Origin',(1.15106421436117,0.914080405522105,6.56));
#5497=CARTESIAN_POINT('',(-4.42833602594739,0.914080405522104,6.56));
#5498=CARTESIAN_POINT('Origin',(1.15106421436117,0.914080405522105,6.56));
#5499=CARTESIAN_POINT('',(-4.42833602594739,0.914080405522104,6.66));
#5500=CARTESIAN_POINT('',(-4.42833602594739,0.914080405522104,6.56));
#5501=CARTESIAN_POINT('Origin',(1.15106421436117,0.914080405522105,6.66));
#5502=CARTESIAN_POINT('Origin',(-7.08458559977186,4.92204325820506,6.41));
#5503=CARTESIAN_POINT('',(-7.70031970414939,4.92204325820506,6.41));
#5504=CARTESIAN_POINT('Origin',(-7.08458559977186,4.92204325820506,6.41));
#5505=CARTESIAN_POINT('',(-7.95031970414939,4.92204325820506,6.66));
#5506=CARTESIAN_POINT('Origin',(-7.95031970414939,4.92204325820506,6.41));
#5507=CARTESIAN_POINT('Origin',(-7.08458559977186,4.92204325820506,6.66));
#5508=CARTESIAN_POINT('Origin',(-7.08458559977186,4.92204325820506,1.04));
#5509=CARTESIAN_POINT('',(-7.95031970414939,4.92204325820506,0.79));
#5510=CARTESIAN_POINT('Origin',(-7.08458559977186,4.92204325820506,0.79));
#5511=CARTESIAN_POINT('',(-7.70031970414939,4.92204325820506,1.04));
#5512=CARTESIAN_POINT('Origin',(-7.95031970414939,4.92204325820506,1.04));
#5513=CARTESIAN_POINT('Origin',(-7.08458559977186,4.92204325820506,1.04));
#5514=CARTESIAN_POINT('Origin',(-7.08458559977186,-4.01050958225717,1.04));
#5515=CARTESIAN_POINT('',(-7.94958559977186,-4.01050958225717,0.79));
#5516=CARTESIAN_POINT('Origin',(-7.08458559977186,-4.01050958225717,0.79));
#5517=CARTESIAN_POINT('',(-7.69958559977186,-4.01050958225717,1.04));
#5518=CARTESIAN_POINT('Origin',(-7.94958559977186,-4.01050958225717,1.04));
#5519=CARTESIAN_POINT('Origin',(-7.08458559977186,-4.01050958225717,1.04));
#5520=CARTESIAN_POINT('Origin',(-7.08458559977186,-4.01050958225717,6.41));
#5521=CARTESIAN_POINT('',(-7.69958559977186,-4.01050958225717,6.41));
#5522=CARTESIAN_POINT('Origin',(-7.08458559977186,-4.01050958225717,6.41));
#5523=CARTESIAN_POINT('',(-7.94958559977186,-4.01050958225717,6.66));
#5524=CARTESIAN_POINT('Origin',(-7.94958559977186,-4.01050958225717,6.41));
#5525=CARTESIAN_POINT('Origin',(-7.08458559977186,-4.01050958225717,6.66));
#5526=CARTESIAN_POINT('Origin',(8.83027020957144,0.,1.04));
#5527=CARTESIAN_POINT('',(7.96527020957144,-1.05931948126246E-16,0.79));
#5528=CARTESIAN_POINT('Origin',(8.83027020957144,0.,0.79));
#5529=CARTESIAN_POINT('',(8.21527020957144,-7.53157781475622E-17,1.04));
#5530=CARTESIAN_POINT('Origin',(7.96527020957144,-1.05931948126246E-16,
1.04));
#5531=CARTESIAN_POINT('Origin',(8.83027020957144,0.,1.04));
#5532=CARTESIAN_POINT('Origin',(8.83027020957144,0.,6.41));
#5533=CARTESIAN_POINT('',(8.21527020957144,-7.53157781475622E-17,6.41));
#5534=CARTESIAN_POINT('Origin',(8.83027020957144,0.,6.41));
#5535=CARTESIAN_POINT('',(7.96527020957144,-1.05931948126246E-16,6.66));
#5536=CARTESIAN_POINT('Origin',(7.96527020957144,-1.05931948126246E-16,
6.41));
#5537=CARTESIAN_POINT('Origin',(8.83027020957144,0.,6.66));
#5538=CARTESIAN_POINT('Origin',(-7.08458559977186,4.92204325820506,0.79));
#5539=CARTESIAN_POINT('',(-7.70031970414939,4.92204325820506,0.79));
#5540=CARTESIAN_POINT('Origin',(-7.08458559977186,-4.01050958225717,0.79));
#5541=CARTESIAN_POINT('',(-7.69958559977186,-4.01050958225717,0.79));
#5542=CARTESIAN_POINT('Origin',(8.83027020957144,0.,0.79));
#5543=CARTESIAN_POINT('',(8.21527020957144,-7.53157781475621E-17,0.79));
#5544=CARTESIAN_POINT('Origin',(-10.2256050865965,3.6991140292624,6.16));
#5545=CARTESIAN_POINT('',(-9.12859045929068,4.72212864669316,6.66));
#5546=CARTESIAN_POINT('',(-9.20259046916578,2.60209940195654,6.66));
#5547=CARTESIAN_POINT('Origin',(-10.2256050865965,3.6991140292624,6.66));
#5548=CARTESIAN_POINT('',(-9.49426200172596,4.38112377421624,6.16));
#5549=CARTESIAN_POINT('Origin',(-9.12859045929068,4.72212864669316,6.16));
#5550=CARTESIAN_POINT('',(-9.54359534164269,2.96777094439182,6.16));
#5551=CARTESIAN_POINT('Origin',(-10.2256050865965,3.6991140292624,6.16));
#5552=CARTESIAN_POINT('Origin',(-9.20259046916578,2.60209940195654,6.16));
#5553=CARTESIAN_POINT('Origin',(-10.211958459353,-2.68743650416918,6.16));
#5554=CARTESIAN_POINT('',(-9.10877034134474,-1.67108224689201,6.66));
#5555=CARTESIAN_POINT('',(-9.17390100337417,-3.77022767428776,6.66));
#5556=CARTESIAN_POINT('Origin',(-10.211958459353,-2.68743650416918,6.66));
#5557=CARTESIAN_POINT('',(-9.47649971401416,-2.00986699931773,6.16));
#5558=CARTESIAN_POINT('Origin',(-9.10877034134474,-1.67108224689201,6.16));
#5559=CARTESIAN_POINT('',(-9.51992015536711,-3.40929728424824,6.16));
#5560=CARTESIAN_POINT('Origin',(-10.211958459353,-2.68743650416918,6.16));
#5561=CARTESIAN_POINT('Origin',(-9.17390100337417,-3.77022767428776,6.16));
#5562=CARTESIAN_POINT('Origin',(9.87102139598361,0.0493231721969675,6.16));
#5563=CARTESIAN_POINT('',(11.7219255678529,0.807052508145319,6.16));
#5564=CARTESIAN_POINT('',(11.6857840126961,-0.791293651916619,6.16));
#5565=CARTESIAN_POINT('Origin',(9.87102139598361,0.0493231721969675,6.16));
#5566=CARTESIAN_POINT('',(11.2591995248856,0.617620174158233,6.66));
#5567=CARTESIAN_POINT('Origin',(11.2591995248856,0.617620174158233,6.16));
#5568=CARTESIAN_POINT('',(11.232093358518,-0.581139445888222,6.66));
#5569=CARTESIAN_POINT('Origin',(9.87102139598361,0.0493231721969675,6.66));
#5570=CARTESIAN_POINT('Origin',(11.232093358518,-0.581139445888222,6.16));
#5571=CARTESIAN_POINT('Origin',(-9.65644895024562,5.2881699093092,6.66));
#5572=CARTESIAN_POINT('',(-10.0221204926809,4.94716503683228,6.16));
#5573=CARTESIAN_POINT('',(-10.0221204926809,4.94716503683228,0.79));
#5574=CARTESIAN_POINT('',(-10.0221204926809,4.94716503683228,6.66));
#5575=CARTESIAN_POINT('',(-10.1564489502456,5.2881699093092,6.16));
#5576=CARTESIAN_POINT('Origin',(-9.65644895024562,5.2881699093092,6.16));
#5577=CARTESIAN_POINT('',(-10.1564489502456,5.2881699093092,0.79));
#5578=CARTESIAN_POINT('',(-10.1564489502456,5.2881699093092,6.66));
#5579=CARTESIAN_POINT('Origin',(-9.65644895024562,5.2881699093092,0.79));
#5580=CARTESIAN_POINT('Origin',(-2.89289613784837,-2.69775348665677,6.66));
#5581=CARTESIAN_POINT('',(-9.49426200172596,4.38112377421624,0.79));
#5582=CARTESIAN_POINT('',(-9.49426200172596,4.38112377421624,6.66));
#5583=CARTESIAN_POINT('',(-2.89289613784837,-2.69775348665677,6.16));
#5584=CARTESIAN_POINT('',(-2.89289613784837,-2.69775348665677,0.79));
#5585=CARTESIAN_POINT('Origin',(-10.2256050865965,3.6991140292624,6.66));
#5586=CARTESIAN_POINT('',(-9.54359534164269,2.96777094439182,0.79));
#5587=CARTESIAN_POINT('',(-9.54359534164269,2.96777094439182,6.66));
#5588=CARTESIAN_POINT('Origin',(-10.2256050865965,3.6991140292624,0.79));
#5589=CARTESIAN_POINT('Origin',(-5.91935611892374,6.34753417600244,6.66));
#5590=CARTESIAN_POINT('',(-9.99745382272253,2.54452785461655,6.16));
#5591=CARTESIAN_POINT('',(-9.99745382272253,2.54452785461655,0.79));
#5592=CARTESIAN_POINT('',(-9.99745382272253,2.54452785461655,6.66));
#5593=CARTESIAN_POINT('',(-5.91935611892374,6.34753417600244,6.16));
#5594=CARTESIAN_POINT('',(-5.91935611892374,6.34753417600244,0.79));
#5595=CARTESIAN_POINT('Origin',(-9.65644895024562,2.17885631218127,6.66));
#5596=CARTESIAN_POINT('',(-10.1564489502456,2.17885631218126,6.16));
#5597=CARTESIAN_POINT('',(-10.1564489502456,2.17885631218126,0.79));
#5598=CARTESIAN_POINT('',(-10.1564489502456,2.17885631218126,6.66));
#5599=CARTESIAN_POINT('Origin',(-9.65644895024562,2.17885631218127,6.16));
#5600=CARTESIAN_POINT('Origin',(-9.65644895024562,2.17885631218127,0.79));
#5601=CARTESIAN_POINT('Origin',(-10.1564489502456,0.,6.66));
#5602=CARTESIAN_POINT('',(-10.1564489502456,-1.076611835123,6.16));
#5603=CARTESIAN_POINT('',(-10.1564489502456,-1.076611835123,0.79));
#5604=CARTESIAN_POINT('',(-10.1564489502456,-1.076611835123,6.66));
#5605=CARTESIAN_POINT('',(-10.1564489502456,0.,6.16));
#5606=CARTESIAN_POINT('',(-10.1564489502456,0.,0.79));
#5607=CARTESIAN_POINT('Origin',(-9.65644895024562,-1.07661183512301,6.66));
#5608=CARTESIAN_POINT('',(-10.024178322915,-1.41539658754873,6.16));
#5609=CARTESIAN_POINT('',(-10.024178322915,-1.41539658754873,0.79));
#5610=CARTESIAN_POINT('',(-10.024178322915,-1.41539658754873,6.66));
#5611=CARTESIAN_POINT('Origin',(-9.65644895024562,-1.07661183512301,6.16));
#5612=CARTESIAN_POINT('Origin',(-9.65644895024562,-1.07661183512301,0.79));
#5613=CARTESIAN_POINT('Origin',(-6.12740038594062,-5.64510201536257,6.66));
#5614=CARTESIAN_POINT('',(-9.47649971401416,-2.00986699931773,0.79));
#5615=CARTESIAN_POINT('',(-9.47649971401416,-2.00986699931773,6.66));
#5616=CARTESIAN_POINT('',(-6.12740038594062,-5.64510201536257,6.16));
#5617=CARTESIAN_POINT('',(-6.12740038594062,-5.64510201536257,0.79));
#5618=CARTESIAN_POINT('Origin',(-10.211958459353,-2.68743650416918,6.66));
#5619=CARTESIAN_POINT('',(-9.51992015536711,-3.40929728424824,0.79));
#5620=CARTESIAN_POINT('',(-9.51992015536711,-3.40929728424824,6.66));
#5621=CARTESIAN_POINT('Origin',(-10.211958459353,-2.68743650416918,0.79));
#5622=CARTESIAN_POINT('Origin',(-2.85611917449743,2.97919985559571,6.66));
#5623=CARTESIAN_POINT('',(-10.0024681022386,-3.871909566229,6.16));
#5624=CARTESIAN_POINT('',(-10.0024681022386,-3.871909566229,0.79));
#5625=CARTESIAN_POINT('',(-10.0024681022386,-3.871909566229,6.66));
#5626=CARTESIAN_POINT('',(-2.85611917449743,2.97919985559571,6.16));
#5627=CARTESIAN_POINT('',(-2.85611917449743,2.97919985559571,0.79));
#5628=CARTESIAN_POINT('Origin',(-9.65644895024562,-4.23283995626853,6.66));
#5629=CARTESIAN_POINT('',(-10.1564489502456,-4.23283995626853,6.16));
#5630=CARTESIAN_POINT('',(-10.1564489502456,-4.23283995626853,0.79));
#5631=CARTESIAN_POINT('',(-10.1564489502456,-4.23283995626853,6.66));
#5632=CARTESIAN_POINT('Origin',(-9.65644895024562,-4.23283995626853,6.16));
#5633=CARTESIAN_POINT('Origin',(-9.65644895024562,-4.23283995626853,0.79));
#5634=CARTESIAN_POINT('Origin',(-10.1564489502456,0.,6.66));
#5635=CARTESIAN_POINT('',(-10.1564489502456,-4.93446946059814,6.16));
#5636=CARTESIAN_POINT('',(-10.1564489502456,-4.93446946059814,0.79));
#5637=CARTESIAN_POINT('',(-10.1564489502456,-4.93446946059814,6.66));
#5638=CARTESIAN_POINT('',(-10.1564489502456,0.,6.16));
#5639=CARTESIAN_POINT('',(-10.1564489502456,0.,0.79));
#5640=CARTESIAN_POINT('Origin',(-8.15644895024562,-4.93446946059815,6.66));
#5641=CARTESIAN_POINT('',(-8.1564489502456,-6.93446946059815,6.16));
#5642=CARTESIAN_POINT('',(-8.1564489502456,-6.93446946059815,0.79));
#5643=CARTESIAN_POINT('',(-8.1564489502456,-6.93446946059815,6.66));
#5644=CARTESIAN_POINT('Origin',(-8.15644895024562,-4.93446946059815,6.16));
#5645=CARTESIAN_POINT('Origin',(-8.15644895024562,-4.93446946059815,0.79));
#5646=CARTESIAN_POINT('Origin',(0.,-6.93446946059815,6.66));
#5647=CARTESIAN_POINT('',(-7.9329019920012,-6.93446946059815,6.16));
#5648=CARTESIAN_POINT('',(-7.9329019920012,-6.93446946059815,0.79));
#5649=CARTESIAN_POINT('',(-7.9329019920012,-6.93446946059815,6.66));
#5650=CARTESIAN_POINT('',(0.,-6.93446946059815,6.16));
#5651=CARTESIAN_POINT('',(0.,-6.93446946059815,0.79));
#5652=CARTESIAN_POINT('Origin',(-7.9329019920012,-6.43446946059815,6.66));
#5653=CARTESIAN_POINT('',(-7.53073061995666,-6.73155225630973,6.16));
#5654=CARTESIAN_POINT('',(-7.53073061995666,-6.73155225630973,0.79));
#5655=CARTESIAN_POINT('',(-7.53073061995666,-6.73155225630973,6.66));
#5656=CARTESIAN_POINT('Origin',(-7.9329019920012,-6.43446946059815,6.16));
#5657=CARTESIAN_POINT('Origin',(-7.9329019920012,-6.43446946059815,0.79));
#5658=CARTESIAN_POINT('Origin',(-1.65504121178401,1.22257401792441,6.66));
#5659=CARTESIAN_POINT('',(-7.28662306598397,-6.40109532199791,6.16));
#5660=CARTESIAN_POINT('',(-7.28662306598397,-6.40109532199791,0.79));
#5661=CARTESIAN_POINT('',(-7.28662306598397,-6.40109532199791,6.66));
#5662=CARTESIAN_POINT('',(-1.65504121178401,1.22257401792441,6.16));
#5663=CARTESIAN_POINT('',(-1.65504121178401,1.22257401792441,0.79));
#5664=CARTESIAN_POINT('Origin',(-6.48228032189488,-6.99526091342106,6.66));
#5665=CARTESIAN_POINT('',(-5.82530204092709,-6.24135141067115,6.16));
#5666=CARTESIAN_POINT('',(-5.82530204092709,-6.24135141067115,0.79));
#5667=CARTESIAN_POINT('',(-5.82530204092709,-6.24135141067115,6.66));
#5668=CARTESIAN_POINT('Origin',(-6.48228032189488,-6.99526091342106,6.16));
#5669=CARTESIAN_POINT('Origin',(-6.48228032189488,-6.99526091342106,0.79));
#5670=CARTESIAN_POINT('Origin',(-5.60567444819111,-6.43274117005536,6.66));
#5671=CARTESIAN_POINT('',(-5.60795527352317,-6.43075359369457,6.16));
#5672=CARTESIAN_POINT('',(-5.60795527352317,-6.43075359369457,0.79));
#5673=CARTESIAN_POINT('',(-5.60795527352317,-6.43075359369457,6.66));
#5674=CARTESIAN_POINT('',(-5.60567444819111,-6.43274117005536,6.16));
#5675=CARTESIAN_POINT('',(-5.60567444819111,-6.43274117005536,0.79));
#5676=CARTESIAN_POINT('Origin',(-5.27946613303927,-6.05379884231962,6.66));
#5677=CARTESIAN_POINT('',(-5.25327696123173,-6.55311249853186,6.16));
#5678=CARTESIAN_POINT('',(-5.25327696123173,-6.55311249853186,0.79));
#5679=CARTESIAN_POINT('',(-5.25327696123173,-6.55311249853186,6.66));
#5680=CARTESIAN_POINT('Origin',(-5.27946613303927,-6.05379884231962,6.16));
#5681=CARTESIAN_POINT('Origin',(-5.27946613303927,-6.05379884231962,0.79));
#5682=CARTESIAN_POINT('Origin',(0.328357697863171,-6.26035385427032,6.66));
#5683=CARTESIAN_POINT('',(3.66299779173626,-6.0854508424095,6.16));
#5684=CARTESIAN_POINT('',(3.66299779173626,-6.0854508424095,0.79));
#5685=CARTESIAN_POINT('',(3.66299779173626,-6.0854508424095,6.66));
#5686=CARTESIAN_POINT('',(0.328357697863171,-6.26035385427032,6.16));
#5687=CARTESIAN_POINT('',(0.328357697863171,-6.26035385427032,0.79));
#5688=CARTESIAN_POINT('Origin',(3.71537613535135,-7.08407815483398,6.66));
#5689=CARTESIAN_POINT('',(4.24517377267311,-6.23595406987454,6.16));
#5690=CARTESIAN_POINT('',(4.24517377267311,-6.23595406987454,0.79));
#5691=CARTESIAN_POINT('',(4.24517377267311,-6.23595406987454,6.66));
#5692=CARTESIAN_POINT('Origin',(3.71537613535135,-7.08407815483398,6.16));
#5693=CARTESIAN_POINT('Origin',(3.71537613535135,-7.08407815483398,0.79));
#5694=CARTESIAN_POINT('Origin',(-1.61046815844431,-2.57811046523671,6.66));
#5695=CARTESIAN_POINT('',(6.26270972429294,-7.49624816991887,6.16));
#5696=CARTESIAN_POINT('',(6.26270972429294,-7.49624816991887,0.79));
#5697=CARTESIAN_POINT('',(6.26270972429294,-7.49624816991887,6.66));
#5698=CARTESIAN_POINT('',(-1.61046815844431,-2.57811046523671,6.16));
#5699=CARTESIAN_POINT('',(-1.61046815844431,-2.57811046523671,0.79));
#5700=CARTESIAN_POINT('Origin',(7.32230499893646,-5.8,6.66));
#5701=CARTESIAN_POINT('',(7.32230499893647,-7.8,6.16));
#5702=CARTESIAN_POINT('',(7.32230499893647,-7.8,0.79));
#5703=CARTESIAN_POINT('',(7.32230499893647,-7.8,6.66));
#5704=CARTESIAN_POINT('Origin',(7.32230499893646,-5.8,6.16));
#5705=CARTESIAN_POINT('Origin',(7.32230499893646,-5.8,0.79));
#5706=CARTESIAN_POINT('Origin',(-4.51479583337307E-16,-7.8,6.66));
#5707=CARTESIAN_POINT('',(8.87407422678971,-7.8,6.16));
#5708=CARTESIAN_POINT('',(8.87407422678971,-7.8,0.79));
#5709=CARTESIAN_POINT('',(8.87407422678971,-7.8,6.66));
#5710=CARTESIAN_POINT('',(7.32230499893647,-7.8,6.16));
#5711=CARTESIAN_POINT('',(-4.51479583337307E-16,-7.8,0.79));
#5712=CARTESIAN_POINT('Origin',(8.87407422678973,-5.8,6.66));
#5713=CARTESIAN_POINT('',(10.8740742267897,-5.79999999999999,6.16));
#5714=CARTESIAN_POINT('',(10.8740742267897,-5.79999999999999,0.79));
#5715=CARTESIAN_POINT('',(10.8740742267897,-5.79999999999999,6.66));
#5716=CARTESIAN_POINT('Origin',(8.87407422678973,-5.8,6.16));
#5717=CARTESIAN_POINT('Origin',(8.87407422678973,-5.8,0.79));
#5718=CARTESIAN_POINT('Origin',(10.8740742267897,0.,6.66));
#5719=CARTESIAN_POINT('',(10.8740742267897,-2.65382985368411,6.16));
#5720=CARTESIAN_POINT('',(10.8740742267897,-2.65382985368411,0.79));
#5721=CARTESIAN_POINT('',(10.8740742267897,-2.65382985368411,6.66));
#5722=CARTESIAN_POINT('',(10.8740742267897,0.,6.16));
#5723=CARTESIAN_POINT('',(10.8740742267897,0.,0.79));
#5724=CARTESIAN_POINT('Origin',(11.3740742267897,-2.65382985368411,6.66));
#5725=CARTESIAN_POINT('',(10.9203835726116,-2.44367564765571,6.16));
#5726=CARTESIAN_POINT('',(10.9203835726116,-2.44367564765571,0.79));
#5727=CARTESIAN_POINT('',(10.9203835726116,-2.44367564765571,6.66));
#5728=CARTESIAN_POINT('Origin',(11.3740742267897,-2.65382985368411,6.16));
#5729=CARTESIAN_POINT('Origin',(11.3740742267897,-2.65382985368411,0.79));
#5730=CARTESIAN_POINT('Origin',(9.92316678098641,-4.59651354274269,6.66));
#5731=CARTESIAN_POINT('',(11.6857840126961,-0.791293651916619,0.79));
#5732=CARTESIAN_POINT('',(11.6857840126961,-0.791293651916619,6.66));
#5733=CARTESIAN_POINT('',(9.92316678098641,-4.59651354274269,6.16));
#5734=CARTESIAN_POINT('',(9.92316678098641,-4.59651354274269,0.79));
#5735=CARTESIAN_POINT('Origin',(9.87102139598361,0.0493231721969675,6.66));
#5736=CARTESIAN_POINT('',(11.7219255678529,0.807052508145319,0.79));
#5737=CARTESIAN_POINT('',(11.7219255678529,0.807052508145319,6.66));
#5738=CARTESIAN_POINT('Origin',(9.87102139598361,0.0493231721969675,0.79));
#5739=CARTESIAN_POINT('Origin',(10.3223483333978,4.22579745994824,6.66));
#5740=CARTESIAN_POINT('',(10.9113481838224,2.78704851799669,6.16));
#5741=CARTESIAN_POINT('',(10.9113481838224,2.78704851799669,0.79));
#5742=CARTESIAN_POINT('',(10.9113481838224,2.78704851799669,6.66));
#5743=CARTESIAN_POINT('',(10.3223483333978,4.22579745994824,6.16));
#5744=CARTESIAN_POINT('',(10.3223483333978,4.22579745994824,0.79));
#5745=CARTESIAN_POINT('Origin',(11.3740742267897,2.97648085198378,6.66));
#5746=CARTESIAN_POINT('',(10.8740742267897,2.97648085198378,6.16));
#5747=CARTESIAN_POINT('',(10.8740742267897,2.97648085198378,0.79));
#5748=CARTESIAN_POINT('',(10.8740742267897,2.97648085198378,6.66));
#5749=CARTESIAN_POINT('Origin',(11.3740742267897,2.97648085198378,6.16));
#5750=CARTESIAN_POINT('Origin',(11.3740742267897,2.97648085198378,0.79));
#5751=CARTESIAN_POINT('Origin',(10.8740742267897,0.,6.66));
#5752=CARTESIAN_POINT('',(10.8740742267897,5.79999999999999,6.16));
#5753=CARTESIAN_POINT('',(10.8740742267897,5.79999999999999,0.79));
#5754=CARTESIAN_POINT('',(10.8740742267897,5.79999999999999,6.66));
#5755=CARTESIAN_POINT('',(10.8740742267897,0.,6.16));
#5756=CARTESIAN_POINT('',(10.8740742267897,0.,0.79));
#5757=CARTESIAN_POINT('Origin',(8.87407422678973,5.8,6.66));
#5758=CARTESIAN_POINT('',(8.87407422678971,7.8,6.16));
#5759=CARTESIAN_POINT('',(8.87407422678971,7.8,0.79));
#5760=CARTESIAN_POINT('',(8.87407422678971,7.8,6.66));
#5761=CARTESIAN_POINT('Origin',(8.87407422678973,5.8,6.16));
#5762=CARTESIAN_POINT('Origin',(8.87407422678973,5.8,0.79));
#5763=CARTESIAN_POINT('Origin',(1.12869895834327E-15,7.8,6.66));
#5764=CARTESIAN_POINT('',(-4.84368947731815,7.8,6.16));
#5765=CARTESIAN_POINT('',(-4.84368947731815,7.8,0.79));
#5766=CARTESIAN_POINT('',(-4.84368947731815,7.8,6.66));
#5767=CARTESIAN_POINT('',(8.87407422678971,7.8,6.16));
#5768=CARTESIAN_POINT('',(1.12869895834327E-15,7.8,0.79));
#5769=CARTESIAN_POINT('Origin',(-4.84368947731815,7.3,6.66));
#5770=CARTESIAN_POINT('',(-5.23653743619634,7.60930645192954,6.16));
#5771=CARTESIAN_POINT('',(-5.23653743619634,7.60930645192954,0.79));
#5772=CARTESIAN_POINT('',(-5.23653743619634,7.60930645192954,6.66));
#5773=CARTESIAN_POINT('Origin',(-4.84368947731815,7.3,6.16));
#5774=CARTESIAN_POINT('Origin',(-4.84368947731815,7.3,0.79));
#5775=CARTESIAN_POINT('Origin',(-6.93104894638568,5.45711924755429,6.66));
#5776=CARTESIAN_POINT('',(-5.64187871431301,7.09448533273258,6.16));
#5777=CARTESIAN_POINT('',(-5.64187871431301,7.09448533273258,0.79));
#5778=CARTESIAN_POINT('',(-5.64187871431301,7.09448533273258,6.66));
#5779=CARTESIAN_POINT('',(-6.93104894638568,5.45711924755429,6.16));
#5780=CARTESIAN_POINT('',(-6.93104894638568,5.45711924755429,0.79));
#5781=CARTESIAN_POINT('Origin',(-6.42757463206939,7.71309823659166,6.66));
#5782=CARTESIAN_POINT('',(-7.26367242268201,7.16451780991506,6.16));
#5783=CARTESIAN_POINT('',(-7.26367242268201,7.16451780991506,0.79));
#5784=CARTESIAN_POINT('',(-7.26367242268201,7.16451780991506,6.66));
#5785=CARTESIAN_POINT('Origin',(-6.42757463206939,7.71309823659166,6.16));
#5786=CARTESIAN_POINT('Origin',(-6.42757463206939,7.71309823659166,0.79));
#5787=CARTESIAN_POINT('Origin',(-1.79161227426447,-1.1755125260347,6.66));
#5788=CARTESIAN_POINT('',(-7.53253226471738,7.57429021333831,6.16));
#5789=CARTESIAN_POINT('',(-7.53253226471738,7.57429021333831,0.79));
#5790=CARTESIAN_POINT('',(-7.53253226471738,7.57429021333831,6.66));
#5791=CARTESIAN_POINT('',(-1.79161227426447,-1.1755125260347,6.16));
#5792=CARTESIAN_POINT('',(-1.79161227426447,-1.1755125260347,0.79));
#5793=CARTESIAN_POINT('Origin',(-7.95058116002369,7.3,6.66));
#5794=CARTESIAN_POINT('',(-7.95058116002369,7.8,6.16));
#5795=CARTESIAN_POINT('',(-7.95058116002369,7.8,0.79));
#5796=CARTESIAN_POINT('',(-7.95058116002369,7.8,6.66));
#5797=CARTESIAN_POINT('Origin',(-7.95058116002369,7.3,6.16));
#5798=CARTESIAN_POINT('Origin',(-7.95058116002369,7.3,0.79));
#5799=CARTESIAN_POINT('Origin',(1.12869895834327E-15,7.8,6.66));
#5800=CARTESIAN_POINT('',(-8.1564489502456,7.8,6.16));
#5801=CARTESIAN_POINT('',(-8.1564489502456,7.8,0.79));
#5802=CARTESIAN_POINT('',(-8.1564489502456,7.8,6.66));
#5803=CARTESIAN_POINT('',(-7.95058116002369,7.8,6.16));
#5804=CARTESIAN_POINT('',(1.12869895834327E-15,7.8,0.79));
#5805=CARTESIAN_POINT('Origin',(-8.15644895024562,5.8,6.66));
#5806=CARTESIAN_POINT('',(-10.1564489502456,5.79999999999999,6.16));
#5807=CARTESIAN_POINT('',(-10.1564489502456,5.79999999999999,0.79));
#5808=CARTESIAN_POINT('',(-10.1564489502456,5.79999999999999,6.66));
#5809=CARTESIAN_POINT('Origin',(-8.15644895024562,5.8,6.16));
#5810=CARTESIAN_POINT('Origin',(-8.15644895024562,5.8,0.79));
#5811=CARTESIAN_POINT('Origin',(-10.1564489502456,0.,6.66));
#5812=CARTESIAN_POINT('',(-10.1564489502456,5.79999999999999,6.16));
#5813=CARTESIAN_POINT('',(-10.1564489502456,0.,0.79));
#5814=CARTESIAN_POINT('Origin',(0.,0.,6.66));
#5815=CARTESIAN_POINT('',(-8.15644895024561,7.3,6.66));
#5816=CARTESIAN_POINT('',(-9.65644895024562,5.79999999999999,6.66));
#5817=CARTESIAN_POINT('Origin',(-8.15644895024562,5.8,6.66));
#5818=CARTESIAN_POINT('',(-9.65644895024561,5.28816990930919,6.66));
#5819=CARTESIAN_POINT('',(-9.65644895024562,5.2881699093092,6.66));
#5820=CARTESIAN_POINT('',(-2.52722459541308,-2.35674861417986,6.66));
#5821=CARTESIAN_POINT('',(-9.65644895024562,2.17885631218127,6.66));
#5822=CARTESIAN_POINT('',(-5.57835124644682,5.98186263356716,6.66));
#5823=CARTESIAN_POINT('',(-9.65644895024562,-1.07661183512301,6.66));
#5824=CARTESIAN_POINT('',(-9.65644895024562,0.,6.66));
#5825=CARTESIAN_POINT('',(-5.7596710132712,-5.30631726293685,6.66));
#5826=CARTESIAN_POINT('',(-9.65644895024562,-4.23283995626853,6.66));
#5827=CARTESIAN_POINT('',(-2.51010002250448,2.61826946555618,6.66));
#5828=CARTESIAN_POINT('',(-9.65644895024562,-4.93446946059814,6.66));
#5829=CARTESIAN_POINT('',(-9.65644895024562,0.,6.66));
#5830=CARTESIAN_POINT('',(-8.1564489502456,-6.43446946059815,6.66));
#5831=CARTESIAN_POINT('Origin',(-8.15644895024562,-4.93446946059815,6.66));
#5832=CARTESIAN_POINT('',(-7.9329019920012,-6.43446946059815,6.66));
#5833=CARTESIAN_POINT('',(0.,-6.43446946059815,6.66));
#5834=CARTESIAN_POINT('',(-7.68879443802852,-6.10401252628634,6.66));
#5835=CARTESIAN_POINT('',(-2.05721258382856,1.51965681363599,6.66));
#5836=CARTESIAN_POINT('',(-5.4968129004432,-5.8643966592962,6.66));
#5837=CARTESIAN_POINT('Origin',(-6.48228032189488,-6.99526091342106,6.66));
#5838=CARTESIAN_POINT('',(-5.27946613303927,-6.05379884231962,6.66));
#5839=CARTESIAN_POINT('',(-5.27718530770722,-6.05578641868041,6.66));
#5840=CARTESIAN_POINT('',(3.63680861992872,-5.58613718619726,6.66));
#5841=CARTESIAN_POINT('',(0.302168526055629,-5.76104019805808,6.66));
#5842=CARTESIAN_POINT('',(4.51007259133399,-5.81189202739482,6.66));
#5843=CARTESIAN_POINT('Origin',(3.71537613535135,-7.08407815483398,6.66));
#5844=CARTESIAN_POINT('',(6.52760854295382,-7.07218612743915,6.66));
#5845=CARTESIAN_POINT('',(-1.34556933978343,-2.15404842275699,6.66));
#5846=CARTESIAN_POINT('',(7.32230499893647,-7.3,6.66));
#5847=CARTESIAN_POINT('Origin',(7.32230499893646,-5.8,6.66));
#5848=CARTESIAN_POINT('',(8.87407422678972,-7.3,6.66));
#5849=CARTESIAN_POINT('',(8.87407422678971,-7.3,6.66));
#5850=CARTESIAN_POINT('',(10.3740742267897,-5.79999999999999,6.66));
#5851=CARTESIAN_POINT('Origin',(8.87407422678973,-5.8,6.66));
#5852=CARTESIAN_POINT('',(10.3740742267897,-2.65382985368411,6.66));
#5853=CARTESIAN_POINT('',(10.3740742267897,0.,6.66));
#5854=CARTESIAN_POINT('',(10.4666929184335,-2.23352144162732,6.66));
#5855=CARTESIAN_POINT('Origin',(11.3740742267897,-2.65382985368411,6.66));
#5856=CARTESIAN_POINT('',(9.46947612680829,-4.38635933671429,6.66));
#5857=CARTESIAN_POINT('',(10.4486221408551,2.5976161840096,6.66));
#5858=CARTESIAN_POINT('',(9.85962229043045,4.03636512596115,6.66));
#5859=CARTESIAN_POINT('',(10.3740742267897,2.97648085198378,6.66));
#5860=CARTESIAN_POINT('Origin',(11.3740742267897,2.97648085198378,6.66));
#5861=CARTESIAN_POINT('',(10.3740742267897,5.79999999999999,6.66));
#5862=CARTESIAN_POINT('',(10.3740742267897,0.,6.66));
#5863=CARTESIAN_POINT('',(8.87407422678971,7.3,6.66));
#5864=CARTESIAN_POINT('Origin',(8.87407422678973,5.8,6.66));
#5865=CARTESIAN_POINT('',(-4.84368947731815,7.3,6.66));
#5866=CARTESIAN_POINT('',(-4.84368947731815,7.3,6.66));
#5867=CARTESIAN_POINT('',(-5.24903075543482,6.78517888080304,6.66));
#5868=CARTESIAN_POINT('',(-6.53820098750749,5.14781279562475,6.66));
#5869=CARTESIAN_POINT('',(-7.68172131798832,6.89022759657675,6.66));
#5870=CARTESIAN_POINT('Origin',(-6.42757463206939,7.71309823659166,6.66));
#5871=CARTESIAN_POINT('',(-7.95058116002369,7.3,6.66));
#5872=CARTESIAN_POINT('',(-2.20966116957078,-1.44980273937301,6.66));
#5873=CARTESIAN_POINT('',(-8.1564489502456,7.3,6.66));
#5874=CARTESIAN_POINT('Origin',(0.,0.,0.79));
#5875=CARTESIAN_POINT('Origin',(3.71537613535135,-7.08407815483398,6.16));
#5876=CARTESIAN_POINT('Origin',(3.63680861992872,-5.58613718619726,6.16));
#5877=CARTESIAN_POINT('Origin',(4.51007259133399,-5.81189202739482,6.16));
#5878=CARTESIAN_POINT('Origin',(-1.34556933978343,-2.15404842275699,6.16));
#5879=CARTESIAN_POINT('Origin',(6.52760854295382,-7.07218612743915,6.16));
#5880=CARTESIAN_POINT('Origin',(0.302168526055629,-5.76104019805808,6.16));
#5881=CARTESIAN_POINT('Origin',(-5.27946613303927,-6.05379884231962,6.16));
#5882=CARTESIAN_POINT('Origin',(7.32230499893646,-5.8,6.16));
#5883=CARTESIAN_POINT('Origin',(7.32230499893647,-7.3,6.16));
#5884=CARTESIAN_POINT('Origin',(-5.27946613303927,-6.05379884231962,6.16));
#5885=CARTESIAN_POINT('Origin',(-5.27946613303927,-6.05379884231962,6.16));
#5886=CARTESIAN_POINT('Origin',(-4.22538584405429E-16,-7.3,6.16));
#5887=CARTESIAN_POINT('Origin',(8.87407422678972,-7.3,6.16));
#5888=CARTESIAN_POINT('Origin',(-5.27718530770722,-6.05578641868041,6.16));
#5889=CARTESIAN_POINT('Origin',(-5.4968129004432,-5.8643966592962,6.16));
#5890=CARTESIAN_POINT('Origin',(8.87407422678973,-5.8,6.16));
#5891=CARTESIAN_POINT('Origin',(10.3740742267897,-5.79999999999999,6.16));
#5892=CARTESIAN_POINT('Origin',(-6.48228032189488,-6.99526091342106,6.16));
#5893=CARTESIAN_POINT('Origin',(-7.68879443802852,-6.10401252628634,6.16));
#5894=CARTESIAN_POINT('Origin',(10.3740742267897,0.,6.16));
#5895=CARTESIAN_POINT('Origin',(10.3740742267897,-2.65382985368411,6.16));
#5896=CARTESIAN_POINT('Origin',(-2.05721258382856,1.51965681363599,6.16));
#5897=CARTESIAN_POINT('Origin',(-7.9329019920012,-6.43446946059815,6.16));
#5898=CARTESIAN_POINT('Origin',(11.3740742267897,-2.65382985368411,6.16));
#5899=CARTESIAN_POINT('Origin',(10.4666929184335,-2.23352144162732,6.16));
#5900=CARTESIAN_POINT('Origin',(-7.9329019920012,-6.43446946059815,6.16));
#5901=CARTESIAN_POINT('Origin',(-7.9329019920012,-6.43446946059815,6.16));
#5902=CARTESIAN_POINT('Origin',(9.46947612680829,-4.38635933671429,6.16));
#5903=CARTESIAN_POINT('Origin',(0.,-6.43446946059815,6.16));
#5904=CARTESIAN_POINT('Origin',(-8.1564489502456,-6.43446946059815,6.16));
#5905=CARTESIAN_POINT('Origin',(-8.15644895024562,-4.93446946059815,6.16));
#5906=CARTESIAN_POINT('Origin',(-9.65644895024562,-4.93446946059814,6.16));
#5907=CARTESIAN_POINT('Origin',(9.85962229043045,4.03636512596115,6.16));
#5908=CARTESIAN_POINT('Origin',(10.4486221408551,2.5976161840096,6.16));
#5909=CARTESIAN_POINT('Origin',(-9.65644895024562,0.,6.16));
#5910=CARTESIAN_POINT('Origin',(-9.65644895024562,-4.23283995626853,6.16));
#5911=CARTESIAN_POINT('Origin',(11.3740742267897,2.97648085198378,6.16));
#5912=CARTESIAN_POINT('Origin',(10.3740742267897,2.97648085198378,6.16));
#5913=CARTESIAN_POINT('Origin',(-9.65644895024562,-4.23283995626853,6.16));
#5914=CARTESIAN_POINT('Origin',(-9.65644895024562,-4.23283995626853,6.16));
#5915=CARTESIAN_POINT('Origin',(10.3740742267897,0.,6.16));
#5916=CARTESIAN_POINT('Origin',(10.3740742267897,5.79999999999999,6.16));
#5917=CARTESIAN_POINT('Origin',(-2.51010002250448,2.61826946555618,6.16));
#5918=CARTESIAN_POINT('Origin',(8.87407422678973,5.8,6.16));
#5919=CARTESIAN_POINT('Origin',(8.87407422678971,7.3,6.16));
#5920=CARTESIAN_POINT('Origin',(1.05634646101357E-15,7.3,6.16));
#5921=CARTESIAN_POINT('Origin',(-4.84368947731815,7.3,6.16));
#5922=CARTESIAN_POINT('Origin',(-5.7596710132712,-5.30631726293685,6.16));
#5923=CARTESIAN_POINT('Origin',(-9.65644895024561,-1.07661183512301,6.16));
#5924=CARTESIAN_POINT('Origin',(-4.84368947731815,7.3,6.16));
#5925=CARTESIAN_POINT('Origin',(-4.84368947731815,7.3,6.16));
#5926=CARTESIAN_POINT('Origin',(-9.65644895024562,-1.07661183512301,6.16));
#5927=CARTESIAN_POINT('Origin',(-9.65644895024562,-1.07661183512301,6.16));
#5928=CARTESIAN_POINT('Origin',(-6.53820098750749,5.14781279562475,6.16));
#5929=CARTESIAN_POINT('Origin',(-5.24903075543482,6.78517888080304,6.16));
#5930=CARTESIAN_POINT('Origin',(-9.65644895024562,0.,6.16));
#5931=CARTESIAN_POINT('Origin',(-9.65644895024562,2.17885631218126,6.16));
#5932=CARTESIAN_POINT('Origin',(-6.42757463206939,7.71309823659166,6.16));
#5933=CARTESIAN_POINT('Origin',(-7.68172131798832,6.89022759657675,6.16));
#5934=CARTESIAN_POINT('Origin',(-9.65644895024562,2.17885631218127,6.16));
#5935=CARTESIAN_POINT('Origin',(-9.65644895024562,2.17885631218127,6.16));
#5936=CARTESIAN_POINT('Origin',(-2.20966116957078,-1.44980273937301,6.16));
#5937=CARTESIAN_POINT('Origin',(-7.95058116002369,7.3,6.16));
#5938=CARTESIAN_POINT('Origin',(-5.57835124644682,5.98186263356716,6.16));
#5939=CARTESIAN_POINT('Origin',(-7.95058116002369,7.3,6.16));
#5940=CARTESIAN_POINT('Origin',(-7.95058116002369,7.3,6.16));
#5941=CARTESIAN_POINT('Origin',(1.05634646101357E-15,7.3,6.16));
#5942=CARTESIAN_POINT('Origin',(-8.15644895024561,7.3,6.16));
#5943=CARTESIAN_POINT('Origin',(-2.52722459541308,-2.35674861417986,6.16));
#5944=CARTESIAN_POINT('Origin',(-9.65644895024561,5.2881699093092,6.16));
#5945=CARTESIAN_POINT('Origin',(-8.15644895024562,5.8,6.16));
#5946=CARTESIAN_POINT('Origin',(-9.65644895024562,5.79999999999999,6.16));
#5947=CARTESIAN_POINT('Origin',(-9.65644895024562,5.2881699093092,6.16));
#5948=CARTESIAN_POINT('Origin',(-9.65644895024562,5.2881699093092,6.16));
#5949=CARTESIAN_POINT('Origin',(-9.65644895024562,0.,6.16));
#5950=CARTESIAN_POINT('Origin',(1.15106421436117,0.914080405522105,6.56));
#5951=CARTESIAN_POINT('Origin',(1.15106421436117,0.914080405522105,6.66));
#5952=CARTESIAN_POINT('',(6.73046445466973,0.914080405522104,6.56));
#5953=CARTESIAN_POINT('Origin',(1.15106421436117,0.914080405522105,6.56));
#5954=CARTESIAN_POINT('',(6.73046445466973,0.914080405522104,6.66));
#5955=CARTESIAN_POINT('',(6.73046445466973,0.914080405522104,6.66));
#5956=CARTESIAN_POINT('Origin',(1.15106421436117,0.914080405522105,6.66));
#5957=CARTESIAN_POINT('Origin',(1.15106421436117,0.914080405522105,6.66));
#5958=CARTESIAN_POINT('Origin',(1.15106421436117,0.914080405522105,6.56));
#5959=CARTESIAN_POINT('',(-13.715,6.53000000000001,-4.71));
#5960=CARTESIAN_POINT('Origin',(0.,0.,0.));
#5961=UNCERTAINTY_MEASURE_WITH_UNIT(LENGTH_MEASURE(0.01),#5971,
'DISTANCE_ACCURACY_VALUE',
'Maximum model space distance between geometric entities at asserted c
onnectivities');
#5962=UNCERTAINTY_MEASURE_WITH_UNIT(LENGTH_MEASURE(0.01),#5971,
'DISTANCE_ACCURACY_VALUE',
'Maximum model space distance between geometric entities at asserted c
onnectivities');
#5963=UNCERTAINTY_MEASURE_WITH_UNIT(LENGTH_MEASURE(0.01),#5971,
'DISTANCE_ACCURACY_VALUE',
'Maximum model space distance between geometric entities at asserted c
onnectivities');
#5964=UNCERTAINTY_MEASURE_WITH_UNIT(LENGTH_MEASURE(0.01),#5971,
'DISTANCE_ACCURACY_VALUE',
'Maximum model space distance between geometric entities at asserted c
onnectivities');
#5965=UNCERTAINTY_MEASURE_WITH_UNIT(LENGTH_MEASURE(0.01),#5971,
'DISTANCE_ACCURACY_VALUE',
'Maximum model space distance between geometric entities at asserted c
onnectivities');
#5966=(
GEOMETRIC_REPRESENTATION_CONTEXT(3)
GLOBAL_UNCERTAINTY_ASSIGNED_CONTEXT((#5961))
GLOBAL_UNIT_ASSIGNED_CONTEXT((#5971,#5973,#5974))
REPRESENTATION_CONTEXT('','3D')
);
#5967=(
GEOMETRIC_REPRESENTATION_CONTEXT(3)
GLOBAL_UNCERTAINTY_ASSIGNED_CONTEXT((#5962))
GLOBAL_UNIT_ASSIGNED_CONTEXT((#5971,#5973,#5974))
REPRESENTATION_CONTEXT('','3D')
);
#5968=(
GEOMETRIC_REPRESENTATION_CONTEXT(3)
GLOBAL_UNCERTAINTY_ASSIGNED_CONTEXT((#5963))
GLOBAL_UNIT_ASSIGNED_CONTEXT((#5971,#5973,#5974))
REPRESENTATION_CONTEXT('','3D')
);
#5969=(
GEOMETRIC_REPRESENTATION_CONTEXT(3)
GLOBAL_UNCERTAINTY_ASSIGNED_CONTEXT((#5964))
GLOBAL_UNIT_ASSIGNED_CONTEXT((#5971,#5973,#5974))
REPRESENTATION_CONTEXT('','3D')
);
#5970=(
GEOMETRIC_REPRESENTATION_CONTEXT(3)
GLOBAL_UNCERTAINTY_ASSIGNED_CONTEXT((#5965))
GLOBAL_UNIT_ASSIGNED_CONTEXT((#5971,#5973,#5974))
REPRESENTATION_CONTEXT('','3D')
);
#5971=(
LENGTH_UNIT()
NAMED_UNIT(*)
SI_UNIT(.MILLI.,.METRE.)
);
#5972=(
LENGTH_UNIT()
NAMED_UNIT(*)
SI_UNIT($,.METRE.)
);
#5973=(
NAMED_UNIT(*)
PLANE_ANGLE_UNIT()
SI_UNIT($,.RADIAN.)
);
#5974=(
NAMED_UNIT(*)
SI_UNIT($,.STERADIAN.)
SOLID_ANGLE_UNIT()
);
#5975=SHAPE_DEFINITION_REPRESENTATION(#5979,#5996);
#5976=SHAPE_DEFINITION_REPRESENTATION(#5980,#5997);
#5977=SHAPE_DEFINITION_REPRESENTATION(#5981,#5998);
#5978=SHAPE_DEFINITION_REPRESENTATION(#5982,#5999);
#5979=PRODUCT_DEFINITION_SHAPE('',$,#6001);
#5980=PRODUCT_DEFINITION_SHAPE('',$,#6002);
#5981=PRODUCT_DEFINITION_SHAPE('',$,#6003);
#5982=PRODUCT_DEFINITION_SHAPE('',$,#6004);
#5983=PRODUCT_DEFINITION_SHAPE($,$,#342);
#5984=PRODUCT_DEFINITION_SHAPE($,$,#343);
#5985=PRODUCT_DEFINITION_SHAPE($,$,#344);
#5986=PRODUCT_DEFINITION_SHAPE($,$,#345);
#5987=PRODUCT_DEFINITION_SHAPE($,$,#346);
#5988=PRODUCT_DEFINITION_SHAPE($,$,#347);
#5989=PRODUCT_DEFINITION_SHAPE($,$,#348);
#5990=PRODUCT_DEFINITION_SHAPE($,$,#349);
#5991=PRODUCT_DEFINITION_SHAPE($,$,#350);
#5992=PRODUCT_DEFINITION_SHAPE($,$,#351);
#5993=PRODUCT_DEFINITION_SHAPE($,$,#352);
#5994=PRODUCT_DEFINITION_SHAPE($,$,#353);
#5995=PRODUCT_DEFINITION_SHAPE($,$,#354);
#5996=SHAPE_REPRESENTATION('',(#3555,#3952),#5966);
#5997=SHAPE_REPRESENTATION('',(#3556,#3603,#3604,#3605,#3606,#3607,#3608,
#3609,#3610,#3611,#3612,#3613,#3614),#5967);
#5998=SHAPE_REPRESENTATION('',(#3557),#5968);
#5999=SHAPE_REPRESENTATION('',(#3588),#5969);
#6000=PRODUCT_DEFINITION_CONTEXT('part definition',#6014,'design');
#6001=PRODUCT_DEFINITION('T6793','T6793 v2',#6005,#6000);
#6002=PRODUCT_DEFINITION('Pin_Header_Male_1x1 v2',
'Pin_Header_Male_1x1 v2',#6006,#6000);
#6003=PRODUCT_DEFINITION('Piece','Piece',#6007,#6000);
#6004=PRODUCT_DEFINITION('Pin','Pin',#6008,#6000);
#6005=PRODUCT_DEFINITION_FORMATION('',$,#6016);
#6006=PRODUCT_DEFINITION_FORMATION('',$,#6017);
#6007=PRODUCT_DEFINITION_FORMATION('',$,#6018);
#6008=PRODUCT_DEFINITION_FORMATION('',$,#6019);
#6009=PRODUCT_RELATED_PRODUCT_CATEGORY('T6793 v2','T6793 v2',(#6016));
#6010=PRODUCT_RELATED_PRODUCT_CATEGORY('Pin_Header_Male_1x1 v2',
'Pin_Header_Male_1x1 v2',(#6017));
#6011=PRODUCT_RELATED_PRODUCT_CATEGORY('Piece','Piece',(#6018));
#6012=PRODUCT_RELATED_PRODUCT_CATEGORY('Pin','Pin',(#6019));
#6013=APPLICATION_PROTOCOL_DEFINITION('international standard',
'automotive_design',2009,#6014);
#6014=APPLICATION_CONTEXT(
'Core Data for Automotive Mechanical Design Process');
#6015=PRODUCT_CONTEXT('part definition',#6014,'mechanical');
#6016=PRODUCT('T6793','T6793 v2','STEP AP214',(#6015));
#6017=PRODUCT('Pin_Header_Male_1x1 v2','Pin_Header_Male_1x1 v2',$,(#6015));
#6018=PRODUCT('Piece','Piece',$,(#6015));
#6019=PRODUCT('Pin','Pin',$,(#6015));
#6020=PRESENTATION_STYLE_ASSIGNMENT((#6029));
#6021=PRESENTATION_STYLE_ASSIGNMENT((#6030));
#6022=PRESENTATION_STYLE_ASSIGNMENT((#6031));
#6023=PRESENTATION_STYLE_ASSIGNMENT((#6032));
#6024=PRESENTATION_STYLE_ASSIGNMENT((#6033));
#6025=PRESENTATION_STYLE_ASSIGNMENT((#6034));
#6026=PRESENTATION_STYLE_ASSIGNMENT((#6035));
#6027=PRESENTATION_STYLE_ASSIGNMENT((#6036));
#6028=PRESENTATION_STYLE_ASSIGNMENT((NULL_STYLE(.NULL.)));
#6029=SURFACE_STYLE_USAGE(.BOTH.,#6037);
#6030=SURFACE_STYLE_USAGE(.BOTH.,#6038);
#6031=SURFACE_STYLE_USAGE(.BOTH.,#6039);
#6032=SURFACE_STYLE_USAGE(.BOTH.,#6040);
#6033=SURFACE_STYLE_USAGE(.BOTH.,#6041);
#6034=SURFACE_STYLE_USAGE(.BOTH.,#6042);
#6035=SURFACE_STYLE_USAGE(.BOTH.,#6043);
#6036=SURFACE_STYLE_USAGE(.BOTH.,#6044);
#6037=SURFACE_SIDE_STYLE('',(#6045));
#6038=SURFACE_SIDE_STYLE('',(#6046));
#6039=SURFACE_SIDE_STYLE('',(#6047));
#6040=SURFACE_SIDE_STYLE('',(#6048));
#6041=SURFACE_SIDE_STYLE('',(#6049));
#6042=SURFACE_SIDE_STYLE('',(#6050));
#6043=SURFACE_SIDE_STYLE('',(#6051));
#6044=SURFACE_SIDE_STYLE('',(#6052));
#6045=SURFACE_STYLE_FILL_AREA(#6053);
#6046=SURFACE_STYLE_FILL_AREA(#6054);
#6047=SURFACE_STYLE_FILL_AREA(#6055);
#6048=SURFACE_STYLE_FILL_AREA(#6056);
#6049=SURFACE_STYLE_FILL_AREA(#6057);
#6050=SURFACE_STYLE_FILL_AREA(#6058);
#6051=SURFACE_STYLE_FILL_AREA(#6059);
#6052=SURFACE_STYLE_FILL_AREA(#6060);
#6053=FILL_AREA_STYLE('Acero - Satinado',(#6061));
#6054=FILL_AREA_STYLE('Pl\X\E1stico - Mate (negro)',(#6062));
#6055=FILL_AREA_STYLE('Oro - Pulido',(#6063));
#6056=FILL_AREA_STYLE('Opaque(202,209,238)',(#6064));
#6057=FILL_AREA_STYLE('Opaque(0,128,0)',(#6065));
#6058=FILL_AREA_STYLE('Opaque(220,150,16)',(#6066));
#6059=FILL_AREA_STYLE('Opaque(245,245,245)',(#6067));
#6060=FILL_AREA_STYLE('Opaque(73,73,73)',(#6068));
#6061=FILL_AREA_STYLE_COLOUR('Acero - Satinado',#6069);
#6062=FILL_AREA_STYLE_COLOUR('Pl\X\E1stico - Mate (negro)',#6070);
#6063=FILL_AREA_STYLE_COLOUR('Oro - Pulido',#6071);
#6064=FILL_AREA_STYLE_COLOUR('Opaque(202,209,238)',#6072);
#6065=FILL_AREA_STYLE_COLOUR('Opaque(0,128,0)',#6073);
#6066=FILL_AREA_STYLE_COLOUR('Opaque(220,150,16)',#6074);
#6067=FILL_AREA_STYLE_COLOUR('Opaque(245,245,245)',#6075);
#6068=FILL_AREA_STYLE_COLOUR('Opaque(73,73,73)',#6076);
#6069=COLOUR_RGB('Acero - Satinado',0.627450980392157,0.627450980392157,
0.627450980392157);
#6070=COLOUR_RGB('Pl\X\E1stico - Mate (negro)',0.0980392156862745,0.0980392156862745,
0.0980392156862745);
#6071=COLOUR_RGB('Oro - Pulido',0.956862745098039,0.898039215686275,0.654901960784314);
#6072=COLOUR_RGB('Opaque(202,209,238)',0.792156862745098,0.819607843137255,
0.933333333333333);
#6073=COLOUR_RGB('Opaque(0,128,0)',0.,0.501960784313725,0.);
#6074=COLOUR_RGB('Opaque(220,150,16)',0.862745098039216,0.588235294117647,
0.0627450980392157);
#6075=COLOUR_RGB('Opaque(245,245,245)',0.96078431372549,0.96078431372549,
0.96078431372549);
#6076=COLOUR_RGB('Opaque(73,73,73)',0.286274509803922,0.286274509803922,
0.286274509803922);
ENDSEC;
END-ISO-10303-21;
